ISO-10303-21;
HEADER;
/* Generated by software containing ST-Developer
 * from STEP Tools, Inc. (www.steptools.com) 
 */

FILE_DESCRIPTION(
/* description */ (''),
/* implementation_level */ '2;1');

FILE_NAME(
/* name */ 'P_MotorNose_captop.stp',
/* time_stamp */ '2025-09-25T10:06:38+02:00',
/* author */ ('FAL'),
/* organization */ (''),
/* preprocessor_version */ 'ST-DEVELOPER v20.1',
/* originating_system */ 'Autodesk Inventor 2026',
/* authorisation */ '');

FILE_SCHEMA (('AUTOMOTIVE_DESIGN { 1 0 10303 214 3 1 1 }'));
ENDSEC;

DATA;
#10=MECHANICAL_DESIGN_GEOMETRIC_PRESENTATION_REPRESENTATION('',(#669,#670,
#671,#672,#673,#674,#675,#676,#677,#678,#679,#680,#681,#682,#683,#684,#685,
#686,#687,#688,#689,#690,#691,#692,#693,#694,#695,#696,#697,#698,#699,#700,
#701,#702,#703,#704,#705,#706,#707,#708,#709,#710,#711,#712,#713,#714,#715,
#716),#2931);
#11=SHAPE_REPRESENTATION_RELATIONSHIP('SRR','None',#2938,#12);
#12=ADVANCED_BREP_SHAPE_REPRESENTATION('',(#13),#2930);
#13=MANIFOLD_SOLID_BREP('Volumenk\X\F6rper3',#764);
#14=TOROIDAL_SURFACE('',#805,1.5,0.5);
#15=TOROIDAL_SURFACE('',#836,1.5,0.5);
#16=FACE_BOUND('',#155,.T.);
#17=FACE_BOUND('',#156,.T.);
#18=FACE_BOUND('',#162,.T.);
#19=FACE_BOUND('',#164,.T.);
#20=FACE_BOUND('',#165,.T.);
#21=FACE_BOUND('',#166,.T.);
#22=FACE_BOUND('',#181,.T.);
#23=(
BOUNDED_SURFACE()
B_SPLINE_SURFACE(2,2,((#1717,#1718,#1719,#1720,#1721,#1722,#1723,#1724,
#1725),(#1726,#1727,#1728,#1729,#1730,#1731,#1732,#1733,#1734),(#1735,#1736,
#1737,#1738,#1739,#1740,#1741,#1742,#1743)),.UNSPECIFIED.,.F.,.T.,.F.)
B_SPLINE_SURFACE_WITH_KNOTS((3,3),(3,2,2,2,3),(-2.,-1.032136746942),(0.,
1.5707963267949,3.14159265358979,4.71238898038469,6.28318530717959),
 .UNSPECIFIED.)
GEOMETRIC_REPRESENTATION_ITEM()
RATIONAL_B_SPLINE_SURFACE(((1.,0.707106781186548,1.,0.707106781186548,1.,
0.707106781186548,1.,0.707106781186548,1.),(1.,0.707106781186548,1.,0.707106781186548,
1.,0.707106781186548,1.,0.707106781186548,1.),(1.,0.707106781186548,1.,
0.707106781186548,1.,0.707106781186548,1.,0.707106781186548,1.)))
REPRESENTATION_ITEM('')
SURFACE()
);
#24=(
BOUNDED_SURFACE()
B_SPLINE_SURFACE(3,2,((#2025,#2026,#2027,#2028,#2029,#2030,#2031,#2032,
#2033),(#2034,#2035,#2036,#2037,#2038,#2039,#2040,#2041,#2042),(#2043,#2044,
#2045,#2046,#2047,#2048,#2049,#2050,#2051),(#2052,#2053,#2054,#2055,#2056,
#2057,#2058,#2059,#2060)),.UNSPECIFIED.,.F.,.T.,.F.)
B_SPLINE_SURFACE_WITH_KNOTS((4,4),(3,2,2,2,3),(-1.92833472084636,-1.46776663787503),
(0.,1.5707963267949,3.14159265358979,4.71238898038469,6.28318530717959),
 .UNSPECIFIED.)
GEOMETRIC_REPRESENTATION_ITEM()
RATIONAL_B_SPLINE_SURFACE(((1.,0.707106781186548,1.,0.707106781186548,1.,
0.707106781186548,1.,0.707106781186548,1.),(1.,0.707106781186548,1.,0.707106781186548,
1.,0.707106781186548,1.,0.707106781186548,1.),(1.,0.707106781186548,1.,
0.707106781186548,1.,0.707106781186548,1.,0.707106781186548,1.),(1.,0.707106781186548,
1.,0.707106781186548,1.,0.707106781186548,1.,0.707106781186548,1.)))
REPRESENTATION_ITEM('')
SURFACE()
);
#25=CYLINDRICAL_SURFACE('',#790,3.);
#26=CYLINDRICAL_SURFACE('',#800,2.);
#27=CYLINDRICAL_SURFACE('',#803,0.5);
#28=CYLINDRICAL_SURFACE('',#808,0.5);
#29=CYLINDRICAL_SURFACE('',#809,1.15);
#30=CYLINDRICAL_SURFACE('',#820,3.);
#31=CYLINDRICAL_SURFACE('',#831,0.5);
#32=CYLINDRICAL_SURFACE('',#834,0.5);
#33=CYLINDRICAL_SURFACE('',#838,1.15);
#34=CYLINDRICAL_SURFACE('',#840,2.);
#35=LINE('',#1317,#57);
#36=LINE('',#1318,#58);
#37=LINE('',#1321,#59);
#38=LINE('',#1324,#60);
#39=LINE('',#1709,#61);
#40=LINE('',#1710,#62);
#41=LINE('',#1713,#63);
#42=LINE('',#1716,#64);
#43=LINE('',#1861,#65);
#44=LINE('',#1867,#66);
#45=LINE('',#1872,#67);
#46=LINE('',#1944,#68);
#47=LINE('',#1948,#69);
#48=LINE('',#2306,#70);
#49=LINE('',#2308,#71);
#50=LINE('',#2628,#72);
#51=LINE('',#2631,#73);
#52=LINE('',#2636,#74);
#53=LINE('',#2639,#75);
#54=LINE('',#2643,#76);
#55=LINE('',#2647,#77);
#56=LINE('',#2649,#78);
#57=VECTOR('',#852,10.);
#58=VECTOR('',#853,10.);
#59=VECTOR('',#856,10.);
#60=VECTOR('',#861,10.);
#61=VECTOR('',#876,10.);
#62=VECTOR('',#877,10.);
#63=VECTOR('',#880,10.);
#64=VECTOR('',#885,10.);
#65=VECTOR('',#890,10.);
#66=VECTOR('',#899,10.);
#67=VECTOR('',#904,1.15);
#68=VECTOR('',#911,10.);
#69=VECTOR('',#914,10.);
#70=VECTOR('',#925,10.);
#71=VECTOR('',#928,10.);
#72=VECTOR('',#945,10.);
#73=VECTOR('',#948,10.);
#74=VECTOR('',#953,10.);
#75=VECTOR('',#958,10.);
#76=VECTOR('',#963,10.);
#77=VECTOR('',#970,1.15);
#78=VECTOR('',#973,10.);
#79=PLANE('',#789);
#80=PLANE('',#792);
#81=PLANE('',#799);
#82=PLANE('',#802);
#83=PLANE('',#812);
#84=PLANE('',#813);
#85=PLANE('',#819);
#86=PLANE('',#821);
#87=PLANE('',#828);
#88=PLANE('',#833);
#89=PLANE('',#839);
#90=PLANE('',#841);
#91=PLANE('',#843);
#92=FACE_OUTER_BOUND('',#139,.T.);
#93=FACE_OUTER_BOUND('',#140,.T.);
#94=FACE_OUTER_BOUND('',#141,.T.);
#95=FACE_OUTER_BOUND('',#142,.T.);
#96=FACE_OUTER_BOUND('',#143,.T.);
#97=FACE_OUTER_BOUND('',#144,.T.);
#98=FACE_OUTER_BOUND('',#145,.T.);
#99=FACE_OUTER_BOUND('',#146,.T.);
#100=FACE_OUTER_BOUND('',#147,.T.);
#101=FACE_OUTER_BOUND('',#148,.T.);
#102=FACE_OUTER_BOUND('',#149,.T.);
#103=FACE_OUTER_BOUND('',#150,.T.);
#104=FACE_OUTER_BOUND('',#151,.T.);
#105=FACE_OUTER_BOUND('',#152,.T.);
#106=FACE_OUTER_BOUND('',#153,.T.);
#107=FACE_OUTER_BOUND('',#154,.T.);
#108=FACE_OUTER_BOUND('',#157,.T.);
#109=FACE_OUTER_BOUND('',#158,.T.);
#110=FACE_OUTER_BOUND('',#159,.T.);
#111=FACE_OUTER_BOUND('',#160,.T.);
#112=FACE_OUTER_BOUND('',#161,.T.);
#113=FACE_OUTER_BOUND('',#163,.T.);
#114=FACE_OUTER_BOUND('',#167,.T.);
#115=FACE_OUTER_BOUND('',#168,.T.);
#116=FACE_OUTER_BOUND('',#169,.T.);
#117=FACE_OUTER_BOUND('',#170,.T.);
#118=FACE_OUTER_BOUND('',#171,.T.);
#119=FACE_OUTER_BOUND('',#172,.T.);
#120=FACE_OUTER_BOUND('',#173,.T.);
#121=FACE_OUTER_BOUND('',#174,.T.);
#122=FACE_OUTER_BOUND('',#175,.T.);
#123=FACE_OUTER_BOUND('',#176,.T.);
#124=FACE_OUTER_BOUND('',#177,.T.);
#125=FACE_OUTER_BOUND('',#178,.T.);
#126=FACE_OUTER_BOUND('',#179,.T.);
#127=FACE_OUTER_BOUND('',#180,.T.);
#128=FACE_OUTER_BOUND('',#182,.T.);
#129=FACE_OUTER_BOUND('',#183,.T.);
#130=FACE_OUTER_BOUND('',#184,.T.);
#131=FACE_OUTER_BOUND('',#185,.T.);
#132=FACE_OUTER_BOUND('',#186,.T.);
#133=FACE_OUTER_BOUND('',#187,.T.);
#134=FACE_OUTER_BOUND('',#188,.T.);
#135=FACE_OUTER_BOUND('',#189,.T.);
#136=FACE_OUTER_BOUND('',#190,.T.);
#137=FACE_OUTER_BOUND('',#191,.T.);
#138=FACE_OUTER_BOUND('',#192,.T.);
#139=EDGE_LOOP('',(#441,#442,#443,#444));
#140=EDGE_LOOP('',(#445,#446,#447,#448));
#141=EDGE_LOOP('',(#449,#450,#451,#452));
#142=EDGE_LOOP('',(#453,#454,#455));
#143=EDGE_LOOP('',(#456,#457,#458,#459));
#144=EDGE_LOOP('',(#460,#461,#462));
#145=EDGE_LOOP('',(#463,#464,#465,#466));
#146=EDGE_LOOP('',(#467,#468,#469,#470));
#147=EDGE_LOOP('',(#471,#472,#473,#474));
#148=EDGE_LOOP('',(#475,#476,#477,#478));
#149=EDGE_LOOP('',(#479,#480,#481,#482));
#150=EDGE_LOOP('',(#483,#484,#485,#486));
#151=EDGE_LOOP('',(#487,#488,#489));
#152=EDGE_LOOP('',(#490,#491,#492,#493));
#153=EDGE_LOOP('',(#494,#495,#496));
#154=EDGE_LOOP('',(#497,#498,#499,#500));
#155=EDGE_LOOP('',(#501,#502,#503,#504,#505,#506));
#156=EDGE_LOOP('',(#507,#508,#509,#510,#511,#512));
#157=EDGE_LOOP('',(#513,#514,#515,#516));
#158=EDGE_LOOP('',(#517,#518,#519,#520));
#159=EDGE_LOOP('',(#521,#522,#523,#524));
#160=EDGE_LOOP('',(#525,#526,#527,#528));
#161=EDGE_LOOP('',(#529,#530,#531,#532));
#162=EDGE_LOOP('',(#533));
#163=EDGE_LOOP('',(#534));
#164=EDGE_LOOP('',(#535));
#165=EDGE_LOOP('',(#536,#537,#538,#539,#540,#541,#542,#543,#544,#545,#546,
#547,#548));
#166=EDGE_LOOP('',(#549));
#167=EDGE_LOOP('',(#550,#551,#552,#553,#554,#555,#556,#557,#558,#559,#560,
#561));
#168=EDGE_LOOP('',(#562,#563,#564,#565));
#169=EDGE_LOOP('',(#566,#567,#568,#569));
#170=EDGE_LOOP('',(#570,#571,#572,#573));
#171=EDGE_LOOP('',(#574,#575,#576));
#172=EDGE_LOOP('',(#577,#578,#579,#580));
#173=EDGE_LOOP('',(#581,#582,#583));
#174=EDGE_LOOP('',(#584,#585,#586,#587));
#175=EDGE_LOOP('',(#588,#589,#590,#591));
#176=EDGE_LOOP('',(#592,#593,#594,#595));
#177=EDGE_LOOP('',(#596,#597,#598,#599));
#178=EDGE_LOOP('',(#600,#601,#602,#603));
#179=EDGE_LOOP('',(#604,#605,#606,#607));
#180=EDGE_LOOP('',(#608,#609,#610,#611));
#181=EDGE_LOOP('',(#612));
#182=EDGE_LOOP('',(#613,#614,#615,#616));
#183=EDGE_LOOP('',(#617,#618,#619));
#184=EDGE_LOOP('',(#620,#621,#622,#623));
#185=EDGE_LOOP('',(#624,#625,#626,#627));
#186=EDGE_LOOP('',(#628,#629,#630,#631));
#187=EDGE_LOOP('',(#632,#633,#634));
#188=EDGE_LOOP('',(#635,#636,#637,#638));
#189=EDGE_LOOP('',(#639,#640,#641,#642));
#190=EDGE_LOOP('',(#643));
#191=EDGE_LOOP('',(#644,#645,#646,#647));
#192=EDGE_LOOP('',(#648));
#193=CIRCLE('',#787,0.5);
#194=CIRCLE('',#788,0.5);
#195=CIRCLE('',#791,3.);
#196=CIRCLE('',#793,0.5);
#197=CIRCLE('',#794,0.5);
#198=CIRCLE('',#795,0.5);
#199=CIRCLE('',#796,0.5);
#200=CIRCLE('',#797,0.499999999999998);
#201=CIRCLE('',#798,0.499999999999998);
#202=CIRCLE('',#801,2.);
#203=CIRCLE('',#804,0.5);
#204=CIRCLE('',#806,0.5);
#205=CIRCLE('',#807,1.5);
#206=CIRCLE('',#810,1.15);
#207=CIRCLE('',#811,1.15);
#208=CIRCLE('',#814,3.);
#209=CIRCLE('',#815,1.15);
#210=CIRCLE('',#816,4.9503204595358);
#211=CIRCLE('',#817,0.5);
#212=CIRCLE('',#818,0.5);
#213=CIRCLE('',#822,0.499999999999999);
#214=CIRCLE('',#823,0.5);
#215=CIRCLE('',#824,0.499999999999998);
#216=CIRCLE('',#825,0.499999999999998);
#217=CIRCLE('',#826,0.5);
#218=CIRCLE('',#827,0.5);
#219=CIRCLE('',#829,1.5);
#220=CIRCLE('',#830,1.15);
#221=CIRCLE('',#832,0.499999999999998);
#222=CIRCLE('',#835,0.499999999999998);
#223=CIRCLE('',#837,2.);
#224=CIRCLE('',#842,5.);
#225=B_SPLINE_CURVE_WITH_KNOTS('',3,(#1009,#1010,#1011,#1012,#1013,#1014,
#1015,#1016,#1017,#1018,#1019,#1020,#1021,#1022,#1023,#1024,#1025,#1026,
#1027,#1028,#1029,#1030,#1031,#1032,#1033,#1034,#1035,#1036,#1037,#1038,
#1039,#1040,#1041,#1042,#1043,#1044,#1045,#1046,#1047,#1048,#1049,#1050,
#1051,#1052,#1053,#1054,#1055,#1056,#1057),.UNSPECIFIED.,.F.,.F.,(4,3,3,
3,3,3,3,3,3,3,3,3,3,3,3,3,4),(0.,0.00790912706225827,0.0158397306690805,
0.0187651279996372,0.0268381288830731,0.0347775618813588,0.0374114383242775,
0.0452686734005931,0.0533025265886011,0.0539717421979771,0.0566800568404463,
0.0645140893506391,0.072695283770375,0.0770228264940387,0.0853489483997694,
0.0935945611970345,0.0957822970628448),.UNSPECIFIED.);
#226=B_SPLINE_CURVE_WITH_KNOTS('',3,(#1059,#1060,#1061,#1062),
 .UNSPECIFIED.,.F.,.F.,(4,4),(0.0157698058648781,0.287614920166235),
 .UNSPECIFIED.);
#227=B_SPLINE_CURVE_WITH_KNOTS('',3,(#1065,#1066,#1067,#1068),
 .UNSPECIFIED.,.F.,.F.,(4,4),(-0.287614920166235,-8.80143122663005E-10),
 .UNSPECIFIED.);
#228=B_SPLINE_CURVE_WITH_KNOTS('',3,(#1192,#1193,#1194,#1195,#1196,#1197,
#1198,#1199,#1200,#1201,#1202,#1203,#1204,#1205,#1206,#1207,#1208,#1209,
#1210,#1211),.UNSPECIFIED.,.F.,.F.,(4,1,1,1,1,1,1,1,1,1,1,1,1,1,1,1,1,4),
(-2.60059350883563,-2.22908015043054,-1.85756679202545,-1.6718101128229,
-1.57893177322163,-1.48605343362036,-1.39317509401909,-1.34673592421845,
-1.30029675441781,-1.2770771695175,-1.25385758461718,-1.20741841481654,
-1.11454007521527,-1.021661735614,-0.928783396012725,-0.74302671681018,
-0.37151335840509,0.),.UNSPECIFIED.);
#229=B_SPLINE_CURVE_WITH_KNOTS('',3,(#1212,#1213,#1214,#1215,#1216,#1217,
#1218,#1219,#1220,#1221,#1222,#1223,#1224,#1225,#1226,#1227,#1228,#1229,
#1230,#1231),.UNSPECIFIED.,.F.,.F.,(4,1,1,1,1,1,1,1,1,1,1,1,1,1,1,1,1,4),
(0.,0.37151335840509,0.74302671681018,0.928783396012725,1.021661735614,
1.11454007521527,1.20741841481654,1.25385758461718,1.2770771695175,1.30029675441781,
1.34673592421845,1.39317509401909,1.48605343362036,1.57893177322163,1.6718101128229,
1.85756679202545,2.22908015043054,2.60059350883563),.UNSPECIFIED.);
#230=B_SPLINE_CURVE_WITH_KNOTS('',3,(#1258,#1259,#1260,#1261,#1262,#1263,
#1264,#1265,#1266,#1267,#1268,#1269,#1270,#1271,#1272,#1273,#1274,#1275,
#1276,#1277,#1278,#1279,#1280,#1281,#1282,#1283,#1284,#1285,#1286,#1287,
#1288,#1289,#1290,#1291,#1292,#1293,#1294,#1295,#1296,#1297,#1298,#1299,
#1300,#1301,#1302,#1303,#1304,#1305,#1306),.UNSPECIFIED.,.F.,.F.,(4,3,3,
3,3,3,3,3,3,3,3,3,3,3,3,3,4),(0.,0.00824341588604183,0.0165778556607622,
0.0215936686313553,0.0297712530010782,0.0375963527568709,0.0419131269977676,
0.0425804714086297,0.0506061347003816,0.0584788488479206,0.062435805384996,
0.0690897374704786,0.0770454330519932,0.0792054301911497,0.0871413236595833,
0.0950719387563099,0.0959652312658282),.UNSPECIFIED.);
#231=B_SPLINE_CURVE_WITH_KNOTS('',3,(#1307,#1308,#1309,#1310),
 .UNSPECIFIED.,.F.,.F.,(4,4),(-0.287614919324981,-3.94325811672741E-11),
 .UNSPECIFIED.);
#232=B_SPLINE_CURVE_WITH_KNOTS('',3,(#1311,#1312,#1313,#1314),
 .UNSPECIFIED.,.F.,.F.,(4,4),(3.94325811672741E-11,0.271845114333155),
 .UNSPECIFIED.);
#233=B_SPLINE_CURVE_WITH_KNOTS('',3,(#1353,#1354,#1355,#1356),
 .UNSPECIFIED.,.F.,.F.,(4,4),(-0.217404768753012,0.),.UNSPECIFIED.);
#234=B_SPLINE_CURVE_WITH_KNOTS('',3,(#1359,#1360,#1361,#1362),
 .UNSPECIFIED.,.F.,.F.,(4,4),(0.,0.217404768753012),.UNSPECIFIED.);
#235=B_SPLINE_CURVE_WITH_KNOTS('',3,(#1492,#1493,#1494,#1495,#1496,#1497,
#1498,#1499,#1500,#1501,#1502,#1503,#1504,#1505,#1506,#1507,#1508,#1509,
#1510,#1511,#1512),.UNSPECIFIED.,.F.,.F.,(4,1,1,1,1,1,1,1,1,1,1,1,1,1,1,
1,1,1,4),(-1.767496184525,-1.57812159332589,-1.51499672959285,-1.26249727466071,
-1.13624754719464,-1.08890389939486,-1.00999781972857,-0.978435387862051,
-0.946872955995534,-0.915310524129016,-0.883748092262498,-0.85218566039598,
-0.820623228529462,-0.757498364796427,-0.694373501063391,-0.631248637330356,
-0.504998909864285,-0.252499454932142,0.),.UNSPECIFIED.);
#236=B_SPLINE_CURVE_WITH_KNOTS('',3,(#1513,#1514,#1515,#1516,#1517,#1518,
#1519,#1520,#1521,#1522,#1523,#1524,#1525,#1526,#1527,#1528,#1529,#1530,
#1531,#1532,#1533),.UNSPECIFIED.,.F.,.F.,(4,1,1,1,1,1,1,1,1,1,1,1,1,1,1,
1,1,1,4),(0.,0.252499454932142,0.504998909864285,0.631248637330356,0.694373501063391,
0.757498364796427,0.820623228529462,0.85218566039598,0.883748092262498,
0.915310524129016,0.946872955995534,0.978435387862051,1.00999781972857,
1.08890389939486,1.13624754719464,1.26249727466071,1.51499672959285,1.57812159332589,
1.767496184525),.UNSPECIFIED.);
#237=B_SPLINE_CURVE_WITH_KNOTS('',3,(#1561,#1562,#1563,#1564),
 .UNSPECIFIED.,.F.,.F.,(4,4),(-0.217404768785685,-3.30971942706676E-11),
 .UNSPECIFIED.);
#238=B_SPLINE_CURVE_WITH_KNOTS('',3,(#1565,#1566,#1567,#1568),
 .UNSPECIFIED.,.F.,.F.,(4,4),(3.30971942706676E-11,0.217404768785685),
 .UNSPECIFIED.);
#239=B_SPLINE_CURVE_WITH_KNOTS('',3,(#1612,#1613,#1614,#1615,#1616,#1617,
#1618),.UNSPECIFIED.,.F.,.F.,(4,1,1,1,4),(-0.166003818369028,-0.118574155977877,
-0.0711444935867262,-0.0355722467933631,0.),.UNSPECIFIED.);
#240=B_SPLINE_CURVE_WITH_KNOTS('',3,(#1621,#1622,#1623,#1624,#1625,#1626,
#1627),.UNSPECIFIED.,.F.,.F.,(4,1,1,1,4),(0.,0.0355722467933631,0.0711444935867262,
0.118574155977877,0.166003818369028),.UNSPECIFIED.);
#241=B_SPLINE_CURVE_WITH_KNOTS('',3,(#1651,#1652,#1653,#1654),
 .UNSPECIFIED.,.F.,.F.,(4,4),(-0.300892012476934,-2.56301808690688E-12),
 .UNSPECIFIED.);
#242=B_SPLINE_CURVE_WITH_KNOTS('',3,(#1655,#1656,#1657,#1658),
 .UNSPECIFIED.,.F.,.F.,(4,4),(2.56301808690688E-12,0.300892012476934),
 .UNSPECIFIED.);
#243=B_SPLINE_CURVE_WITH_KNOTS('',3,(#1695,#1696,#1697,#1698,#1699,#1700),
 .UNSPECIFIED.,.F.,.F.,(4,1,1,4),(-0.166003818398466,-0.118574156008048,
-0.0711444936176292,-3.20015360825191E-11),.UNSPECIFIED.);
#244=B_SPLINE_CURVE_WITH_KNOTS('',3,(#1701,#1702,#1703,#1704,#1705,#1706),
 .UNSPECIFIED.,.F.,.F.,(4,1,1,4),(3.20015360825191E-11,0.0711444936176292,
0.118574156008048,0.166003818398466),.UNSPECIFIED.);
#245=B_SPLINE_CURVE_WITH_KNOTS('',3,(#1745,#1746,#1747,#1748,#1749,#1750,
#1751,#1752,#1753,#1754,#1755,#1756,#1757,#1758,#1759,#1760,#1761,#1762,
#1763,#1764,#1765,#1766,#1767,#1768,#1769,#1770,#1771,#1772,#1773,#1774,
#1775,#1776,#1777,#1778,#1779,#1780,#1781,#1782,#1783),.UNSPECIFIED.,.T.,
 .F.,(4,2,2,2,2,2,2,2,2,2,2,2,2,2,2,3,2,2,4),(-7.43945337239379,-7.05945632922981,
-6.55520944857054,-6.05096256791127,-5.54671568725199,-5.04246880659272,
-4.53822192593345,-4.03397504527418,-3.52972816461491,-3.02548128395563,
-2.52123440329636,-2.01698752263709,-1.51274064197782,-1.00849376131855,
-0.504246880659273,0.,0.285500297019587,0.571000594039175,0.695250431534466),
 .UNSPECIFIED.);
#246=B_SPLINE_CURVE_WITH_KNOTS('',2,(#1785,#1786,#1787),.UNSPECIFIED.,.F.,
 .F.,(3,3),(1.46776663787503,1.92833472084636),.UNSPECIFIED.);
#247=B_SPLINE_CURVE_WITH_KNOTS('',3,(#1788,#1789,#1790,#1791,#1792,#1793,
#1794,#1795,#1796,#1797,#1798,#1799,#1800,#1801,#1802,#1803,#1804,#1805,
#1806,#1807),.UNSPECIFIED.,.T.,.F.,(4,1,1,1,1,1,1,1,1,1,1,1,1,1,1,1,1,4),
(1.5707963267949,2.01959527730772,2.46839422782055,2.91719317833338,3.36599212884621,
3.66519142918809,3.96439072952998,4.26359002987186,4.41318968004281,4.56278933021375,
4.86198863055563,5.16118793089752,5.60998688141034,6.05878583192317,6.507584782436,
6.95638373294883,7.40518268346166,7.85398163397448),.UNSPECIFIED.);
#248=B_SPLINE_CURVE_WITH_KNOTS('',3,(#1810,#1811,#1812,#1813),
 .UNSPECIFIED.,.F.,.F.,(4,4),(-0.217404768753012,0.),.UNSPECIFIED.);
#249=B_SPLINE_CURVE_WITH_KNOTS('',3,(#1815,#1816,#1817,#1818,#1819,#1820,
#1821),.UNSPECIFIED.,.F.,.F.,(4,1,1,1,4),(0.,0.0355722467933628,0.0711444935867255,
0.118574155977876,0.166003818369026),.UNSPECIFIED.);
#250=B_SPLINE_CURVE_WITH_KNOTS('',3,(#1823,#1824,#1825,#1826),
 .UNSPECIFIED.,.F.,.F.,(4,4),(-0.300892012476935,-2.56319138443856E-12),
 .UNSPECIFIED.);
#251=B_SPLINE_CURVE_WITH_KNOTS('',3,(#1828,#1829,#1830,#1831,#1832,#1833),
 .UNSPECIFIED.,.F.,.F.,(4,1,1,4),(0.,0.0711450589862235,0.118575098310372,
0.166005137634521),.UNSPECIFIED.);
#252=B_SPLINE_CURVE_WITH_KNOTS('',3,(#1835,#1836,#1837,#1838),
 .UNSPECIFIED.,.F.,.F.,(4,4),(-0.217404768721011,0.),.UNSPECIFIED.);
#253=B_SPLINE_CURVE_WITH_KNOTS('',3,(#1839,#1840,#1841,#1842,#1843,#1844,
#1845,#1846,#1847,#1848,#1849,#1850,#1851,#1852,#1853,#1854,#1855,#1856,
#1857),.UNSPECIFIED.,.F.,.F.,(4,1,1,1,1,1,1,1,1,1,1,1,1,1,1,1,4),(-1.76749618449229,
-1.51499672956482,-1.26249727463735,-1.13624754717361,-1.07312268344174,
-1.00999781970988,-0.94687295597801,-0.915310524112077,-0.883748092246143,
-0.852185660380209,-0.820623228514276,-0.757498364782408,-0.694373501050541,
-0.631248637318673,-0.504998909854939,-0.252499454927469,0.),
 .UNSPECIFIED.);
#254=B_SPLINE_CURVE_WITH_KNOTS('',3,(#1877,#1878,#1879,#1880,#1881,#1882,
#1883,#1884,#1885,#1886,#1887,#1888,#1889,#1890,#1891,#1892),
 .UNSPECIFIED.,.F.,.F.,(4,2,2,2,2,2,2,4),(2.8360519447004,3.24318947394414,
3.70650225593616,4.16981503792818,4.6331278199202,5.09644060191222,5.55975338390424,
5.83027611167964),.UNSPECIFIED.);
#255=B_SPLINE_CURVE_WITH_KNOTS('',3,(#1894,#1895,#1896,#1897,#1898,#1899,
#1900,#1901,#1902,#1903,#1904,#1905,#1906,#1907,#1908,#1909,#1910,#1911,
#1912,#1913,#1914,#1915,#1916,#1917,#1918,#1919,#1920,#1921,#1922,#1923,
#1924,#1925,#1926,#1927,#1928,#1929,#1930,#1931,#1932,#1933,#1934,#1935,
#1936,#1937,#1938,#1939,#1940,#1941,#1942),.UNSPECIFIED.,.F.,.F.,(4,3,3,
3,3,3,3,3,3,3,3,3,3,3,3,3,4),(0.,0.00824341588605766,0.0165778556607922,
0.0215936686313534,0.0297712530010715,0.0375963527568608,0.0419131269977645,
0.0425804714086257,0.0506061347003725,0.0584788488479057,0.0624358053849906,
0.0690897374704737,0.0770454330519971,0.0792054301911429,0.0871413236596103,
0.0950719387563756,0.0959652312658208),.UNSPECIFIED.);
#256=B_SPLINE_CURVE_WITH_KNOTS('',3,(#1950,#1951,#1952,#1953,#1954,#1955,
#1956,#1957,#1958,#1959,#1960,#1961,#1962,#1963,#1964,#1965,#1966,#1967,
#1968,#1969,#1970,#1971,#1972,#1973,#1974,#1975,#1976,#1977,#1978,#1979,
#1980,#1981,#1982,#1983,#1984,#1985,#1986,#1987,#1988,#1989,#1990,#1991,
#1992,#1993,#1994,#1995,#1996,#1997,#1998),.UNSPECIFIED.,.F.,.F.,(4,3,3,
3,3,3,3,3,3,3,3,3,3,3,3,3,4),(0.,0.00790912706223109,0.0158397306690299,
0.0187651279996406,0.0268381288830781,0.0347775618813335,0.0374114383242844,
0.0452686734005928,0.053302526588587,0.053971742197982,0.0566800568404521,
0.064514089350648,0.0726952837703938,0.0770228264940424,0.08534894839975,
0.0935945611970031,0.0957822970628456),.UNSPECIFIED.);
#257=B_SPLINE_CURVE_WITH_KNOTS('',3,(#2000,#2001,#2002,#2003,#2004,#2005,
#2006,#2007,#2008,#2009,#2010,#2011,#2012),.UNSPECIFIED.,.F.,.F.,(4,2,2,
3,2,4),(6.57375954355095,6.9496917298803,7.21201548823207,7.47433924658384,
7.93765202857586,8.06967734496299),.UNSPECIFIED.);
#258=B_SPLINE_CURVE_WITH_KNOTS('',3,(#2013,#2014,#2015,#2016,#2017,#2018,
#2019,#2020,#2021,#2022),.UNSPECIFIED.,.F.,.F.,(4,2,2,2,4),(0.595338098379158,
0.926625563984042,1.38993834597606,1.85325112796808,2.09250062481935),
 .UNSPECIFIED.);
#259=B_SPLINE_CURVE_WITH_KNOTS('',3,(#2062,#2063,#2064,#2065),
 .UNSPECIFIED.,.F.,.F.,(4,4),(1.47504714133081,1.92833472084636),
 .UNSPECIFIED.);
#260=B_SPLINE_CURVE_WITH_KNOTS('',3,(#2068,#2069,#2070,#2071),
 .UNSPECIFIED.,.F.,.F.,(4,4),(-0.287614920166242,-8.80143101846323E-10),
 .UNSPECIFIED.);
#261=B_SPLINE_CURVE_WITH_KNOTS('',3,(#2073,#2074,#2075,#2076,#2077,#2078,
#2079,#2080,#2081,#2082,#2083,#2084,#2085,#2086,#2087,#2088,#2089,#2090,
#2091,#2092,#2093),.UNSPECIFIED.,.F.,.F.,(4,1,1,1,1,1,1,1,1,1,1,1,1,1,1,
1,1,1,4),(-2.60059350883562,-2.22908015043053,-1.85756679202544,-1.6718101128229,
-1.48605343362036,-1.46283384872004,-1.43961426381972,-1.39317509401908,
-1.34673592421845,-1.32351633931813,-1.30029675441781,-1.25385758461717,
-1.20741841481654,-1.11454007521527,-1.02166173561399,-0.928783396012722,
-0.743026716810178,-0.371513358405089,0.),.UNSPECIFIED.);
#262=B_SPLINE_CURVE_WITH_KNOTS('',3,(#2094,#2095,#2096,#2097),
 .UNSPECIFIED.,.F.,.F.,(4,4),(-0.287614919324981,-3.9432581990369E-11),
 .UNSPECIFIED.);
#263=B_SPLINE_CURVE_WITH_KNOTS('',3,(#2123,#2124,#2125,#2126),
 .UNSPECIFIED.,.F.,.F.,(4,4),(0.0157698058648777,0.287614920166242),
 .UNSPECIFIED.);
#264=B_SPLINE_CURVE_WITH_KNOTS('',3,(#2256,#2257,#2258,#2259,#2260,#2261,
#2262,#2263,#2264,#2265,#2266,#2267,#2268,#2269,#2270,#2271,#2272,#2273,
#2274,#2275,#2276),.UNSPECIFIED.,.F.,.F.,(4,1,1,1,1,1,1,1,1,1,1,1,1,1,1,
1,1,1,4),(0.,0.371513358405089,0.743026716810178,0.928783396012722,1.02166173561399,
1.11454007521527,1.20741841481654,1.25385758461717,1.30029675441781,1.32351633931813,
1.34673592421845,1.39317509401908,1.43961426381972,1.46283384872004,1.48605343362036,
1.6718101128229,1.85756679202544,2.22908015043053,2.60059350883562),
 .UNSPECIFIED.);
#265=B_SPLINE_CURVE_WITH_KNOTS('',3,(#2301,#2302,#2303,#2304),
 .UNSPECIFIED.,.F.,.F.,(4,4),(3.9432581990369E-11,0.271845114333154),
 .UNSPECIFIED.);
#266=B_SPLINE_CURVE_WITH_KNOTS('',3,(#2338,#2339,#2340,#2341),
 .UNSPECIFIED.,.F.,.F.,(4,4),(0.,0.217404768753012),.UNSPECIFIED.);
#267=B_SPLINE_CURVE_WITH_KNOTS('',3,(#2385,#2386,#2387,#2388,#2389,#2390,
#2391),.UNSPECIFIED.,.F.,.F.,(4,1,1,1,4),(-0.166003818369026,-0.118574155977876,
-0.0711444935867255,-0.0355722467933628,0.),.UNSPECIFIED.);
#268=B_SPLINE_CURVE_WITH_KNOTS('',3,(#2415,#2416,#2417,#2418),
 .UNSPECIFIED.,.F.,.F.,(4,4),(2.56319138443856E-12,0.300892012476935),
 .UNSPECIFIED.);
#269=B_SPLINE_CURVE_WITH_KNOTS('',3,(#2456,#2457,#2458,#2459,#2460,#2461),
 .UNSPECIFIED.,.F.,.F.,(4,1,1,4),(-0.166005137634521,-0.118575098310372,
-0.0711450589862235,0.),.UNSPECIFIED.);
#270=B_SPLINE_CURVE_WITH_KNOTS('',3,(#2489,#2490,#2491,#2492),
 .UNSPECIFIED.,.F.,.F.,(4,4),(0.,0.217404768721011),.UNSPECIFIED.);
#271=B_SPLINE_CURVE_WITH_KNOTS('',3,(#2607,#2608,#2609,#2610,#2611,#2612,
#2613,#2614,#2615,#2616,#2617,#2618,#2619,#2620,#2621,#2622,#2623,#2624,
#2625),.UNSPECIFIED.,.F.,.F.,(4,1,1,1,1,1,1,1,1,1,1,1,1,1,1,1,4),(0.,0.252499454927469,
0.504998909854939,0.631248637318673,0.694373501050541,0.757498364782408,
0.820623228514276,0.852185660380209,0.883748092246143,0.915310524112077,
0.94687295597801,1.00999781970988,1.07312268344174,1.13624754717361,1.26249727463735,
1.51499672956482,1.76749618449229),.UNSPECIFIED.);
#272=B_SPLINE_CURVE_WITH_KNOTS('',3,(#2760,#2761,#2762,#2763,#2764,#2765),
 .UNSPECIFIED.,.F.,.F.,(4,1,1,4),(-1.,-0.571428571428571,-0.285714285714286,
0.),.UNSPECIFIED.);
#273=B_SPLINE_CURVE_WITH_KNOTS('',3,(#2766,#2767,#2768,#2769,#2770,#2771,
#2772,#2773,#2774,#2775,#2776,#2777,#2778,#2779,#2780,#2781,#2782,#2783),
 .UNSPECIFIED.,.T.,.F.,(4,1,1,1,1,1,1,1,1,1,1,1,1,1,1,4),(-7.85398163397448,
-7.40518268346166,-6.95638373294883,-6.507584782436,-6.05878583192317,-5.60998688141034,
-5.16118793089752,-4.56278933021375,-4.41318968004281,-4.26359002987186,
-3.66519142918809,-3.36599212884621,-2.91719317833338,-2.46839422782055,
-2.01959527730772,-1.5707963267949),.UNSPECIFIED.);
#274=B_SPLINE_CURVE_WITH_KNOTS('',3,(#2907,#2908,#2909,#2910,#2911,#2912,
#2913,#2914,#2915,#2916,#2917,#2918,#2919,#2920,#2921,#2922,#2923,#2924,
#2925,#2926),.UNSPECIFIED.,.T.,.F.,(4,1,1,1,1,1,1,1,1,1,1,1,1,1,1,1,1,4),
(-7.85398163397448,-7.40518268346166,-6.95638373294883,-6.507584782436,
-6.05878583192317,-5.60998688141034,-5.16118793089752,-4.86198863055563,
-4.56278933021375,-4.41318968004281,-4.26359002987186,-3.96439072952998,
-3.66519142918809,-3.36599212884621,-2.91719317833338,-2.46839422782055,
-2.01959527730772,-1.5707963267949),.UNSPECIFIED.);
#275=VERTEX_POINT('',#1007);
#276=VERTEX_POINT('',#1008);
#277=VERTEX_POINT('',#1058);
#278=VERTEX_POINT('',#1063);
#279=VERTEX_POINT('',#1189);
#280=VERTEX_POINT('',#1190);
#281=VERTEX_POINT('',#1256);
#282=VERTEX_POINT('',#1257);
#283=VERTEX_POINT('',#1316);
#284=VERTEX_POINT('',#1320);
#285=VERTEX_POINT('',#1349);
#286=VERTEX_POINT('',#1350);
#287=VERTEX_POINT('',#1352);
#288=VERTEX_POINT('',#1357);
#289=VERTEX_POINT('',#1489);
#290=VERTEX_POINT('',#1490);
#291=VERTEX_POINT('',#1558);
#292=VERTEX_POINT('',#1559);
#293=VERTEX_POINT('',#1611);
#294=VERTEX_POINT('',#1619);
#295=VERTEX_POINT('',#1648);
#296=VERTEX_POINT('',#1649);
#297=VERTEX_POINT('',#1708);
#298=VERTEX_POINT('',#1712);
#299=VERTEX_POINT('',#1744);
#300=VERTEX_POINT('',#1784);
#301=VERTEX_POINT('',#1808);
#302=VERTEX_POINT('',#1809);
#303=VERTEX_POINT('',#1814);
#304=VERTEX_POINT('',#1822);
#305=VERTEX_POINT('',#1827);
#306=VERTEX_POINT('',#1834);
#307=VERTEX_POINT('',#1859);
#308=VERTEX_POINT('',#1863);
#309=VERTEX_POINT('',#1869);
#310=VERTEX_POINT('',#1871);
#311=VERTEX_POINT('',#1876);
#312=VERTEX_POINT('',#1893);
#313=VERTEX_POINT('',#1943);
#314=VERTEX_POINT('',#1945);
#315=VERTEX_POINT('',#1947);
#316=VERTEX_POINT('',#1949);
#317=VERTEX_POINT('',#1999);
#318=VERTEX_POINT('',#2023);
#319=VERTEX_POINT('',#2061);
#320=VERTEX_POINT('',#2067);
#321=VERTEX_POINT('',#2072);
#322=VERTEX_POINT('',#2122);
#323=VERTEX_POINT('',#2254);
#324=VERTEX_POINT('',#2334);
#325=VERTEX_POINT('',#2336);
#326=VERTEX_POINT('',#2384);
#327=VERTEX_POINT('',#2413);
#328=VERTEX_POINT('',#2455);
#329=VERTEX_POINT('',#2487);
#330=VERTEX_POINT('',#2627);
#331=VERTEX_POINT('',#2629);
#332=VERTEX_POINT('',#2632);
#333=VERTEX_POINT('',#2635);
#334=VERTEX_POINT('',#2641);
#335=VERTEX_POINT('',#2759);
#336=VERTEX_POINT('',#2905);
#337=EDGE_CURVE('',#275,#276,#225,.T.);
#338=EDGE_CURVE('',#276,#277,#226,.T.);
#339=EDGE_CURVE('',#277,#278,#193,.T.);
#340=EDGE_CURVE('',#278,#275,#227,.T.);
#341=EDGE_CURVE('',#279,#280,#194,.T.);
#342=EDGE_CURVE('',#280,#278,#228,.T.);
#343=EDGE_CURVE('',#277,#279,#229,.T.);
#344=EDGE_CURVE('',#281,#282,#230,.T.);
#345=EDGE_CURVE('',#282,#280,#231,.T.);
#346=EDGE_CURVE('',#279,#281,#232,.T.);
#347=EDGE_CURVE('',#283,#279,#35,.T.);
#348=EDGE_CURVE('',#283,#281,#36,.T.);
#349=EDGE_CURVE('',#284,#277,#37,.T.);
#350=EDGE_CURVE('',#284,#283,#195,.T.);
#351=EDGE_CURVE('',#276,#284,#38,.T.);
#352=EDGE_CURVE('',#285,#286,#196,.T.);
#353=EDGE_CURVE('',#286,#287,#233,.T.);
#354=EDGE_CURVE('',#287,#288,#197,.T.);
#355=EDGE_CURVE('',#288,#285,#234,.T.);
#356=EDGE_CURVE('',#289,#290,#198,.T.);
#357=EDGE_CURVE('',#290,#286,#235,.T.);
#358=EDGE_CURVE('',#285,#289,#236,.T.);
#359=EDGE_CURVE('',#291,#292,#199,.T.);
#360=EDGE_CURVE('',#292,#290,#237,.T.);
#361=EDGE_CURVE('',#289,#291,#238,.T.);
#362=EDGE_CURVE('',#291,#293,#239,.T.);
#363=EDGE_CURVE('',#293,#294,#200,.T.);
#364=EDGE_CURVE('',#294,#292,#240,.T.);
#365=EDGE_CURVE('',#295,#296,#201,.T.);
#366=EDGE_CURVE('',#296,#294,#241,.T.);
#367=EDGE_CURVE('',#293,#295,#242,.T.);
#368=EDGE_CURVE('',#295,#288,#243,.T.);
#369=EDGE_CURVE('',#287,#296,#244,.T.);
#370=EDGE_CURVE('',#297,#289,#39,.T.);
#371=EDGE_CURVE('',#291,#297,#40,.T.);
#372=EDGE_CURVE('',#298,#285,#41,.T.);
#373=EDGE_CURVE('',#297,#298,#202,.T.);
#374=EDGE_CURVE('',#298,#288,#42,.T.);
#375=EDGE_CURVE('',#299,#299,#245,.T.);
#376=EDGE_CURVE('',#299,#300,#246,.T.);
#377=EDGE_CURVE('',#300,#300,#247,.T.);
#378=EDGE_CURVE('',#301,#302,#248,.T.);
#379=EDGE_CURVE('',#303,#301,#249,.T.);
#380=EDGE_CURVE('',#304,#303,#250,.T.);
#381=EDGE_CURVE('',#305,#304,#251,.T.);
#382=EDGE_CURVE('',#306,#305,#252,.T.);
#383=EDGE_CURVE('',#302,#306,#253,.T.);
#384=EDGE_CURVE('',#297,#307,#203,.T.);
#385=EDGE_CURVE('',#307,#293,#43,.T.);
#386=EDGE_CURVE('',#298,#308,#204,.T.);
#387=EDGE_CURVE('',#308,#307,#205,.T.);
#388=EDGE_CURVE('',#295,#308,#44,.T.);
#389=EDGE_CURVE('',#309,#309,#206,.T.);
#390=EDGE_CURVE('',#309,#310,#45,.T.);
#391=EDGE_CURVE('',#310,#310,#207,.T.);
#392=EDGE_CURVE('',#275,#311,#254,.T.);
#393=EDGE_CURVE('',#312,#311,#255,.T.);
#394=EDGE_CURVE('',#312,#313,#46,.T.);
#395=EDGE_CURVE('',#313,#314,#208,.T.);
#396=EDGE_CURVE('',#314,#315,#47,.T.);
#397=EDGE_CURVE('',#316,#315,#256,.T.);
#398=EDGE_CURVE('',#316,#317,#257,.T.);
#399=EDGE_CURVE('',#317,#282,#258,.T.);
#400=EDGE_CURVE('',#318,#318,#209,.T.);
#401=EDGE_CURVE('',#317,#319,#259,.T.);
#402=EDGE_CURVE('',#319,#319,#210,.T.);
#403=EDGE_CURVE('',#320,#316,#260,.T.);
#404=EDGE_CURVE('',#321,#320,#261,.T.);
#405=EDGE_CURVE('',#311,#321,#262,.T.);
#406=EDGE_CURVE('',#315,#322,#263,.T.);
#407=EDGE_CURVE('',#322,#320,#211,.T.);
#408=EDGE_CURVE('',#323,#321,#212,.T.);
#409=EDGE_CURVE('',#322,#323,#264,.T.);
#410=EDGE_CURVE('',#323,#312,#265,.T.);
#411=EDGE_CURVE('',#313,#323,#48,.T.);
#412=EDGE_CURVE('',#314,#322,#49,.T.);
#413=EDGE_CURVE('',#324,#301,#213,.T.);
#414=EDGE_CURVE('',#302,#325,#214,.T.);
#415=EDGE_CURVE('',#325,#324,#266,.T.);
#416=EDGE_CURVE('',#324,#326,#267,.T.);
#417=EDGE_CURVE('',#326,#303,#215,.T.);
#418=EDGE_CURVE('',#327,#304,#216,.T.);
#419=EDGE_CURVE('',#326,#327,#268,.T.);
#420=EDGE_CURVE('',#327,#328,#269,.T.);
#421=EDGE_CURVE('',#328,#305,#217,.T.);
#422=EDGE_CURVE('',#329,#306,#218,.T.);
#423=EDGE_CURVE('',#328,#329,#270,.T.);
#424=EDGE_CURVE('',#329,#325,#271,.T.);
#425=EDGE_CURVE('',#330,#326,#50,.T.);
#426=EDGE_CURVE('',#331,#330,#219,.T.);
#427=EDGE_CURVE('',#327,#331,#51,.T.);
#428=EDGE_CURVE('',#332,#332,#220,.T.);
#429=EDGE_CURVE('',#324,#333,#52,.T.);
#430=EDGE_CURVE('',#330,#333,#221,.T.);
#431=EDGE_CURVE('',#333,#325,#53,.T.);
#432=EDGE_CURVE('',#331,#334,#222,.T.);
#433=EDGE_CURVE('',#334,#328,#54,.T.);
#434=EDGE_CURVE('',#333,#334,#223,.T.);
#435=EDGE_CURVE('',#332,#318,#55,.T.);
#436=EDGE_CURVE('',#334,#329,#56,.T.);
#437=EDGE_CURVE('',#335,#319,#272,.T.);
#438=EDGE_CURVE('',#335,#335,#273,.T.);
#439=EDGE_CURVE('',#336,#300,#224,.T.);
#440=EDGE_CURVE('',#336,#336,#274,.T.);
#441=ORIENTED_EDGE('',*,*,#337,.T.);
#442=ORIENTED_EDGE('',*,*,#338,.T.);
#443=ORIENTED_EDGE('',*,*,#339,.T.);
#444=ORIENTED_EDGE('',*,*,#340,.T.);
#445=ORIENTED_EDGE('',*,*,#341,.T.);
#446=ORIENTED_EDGE('',*,*,#342,.T.);
#447=ORIENTED_EDGE('',*,*,#339,.F.);
#448=ORIENTED_EDGE('',*,*,#343,.T.);
#449=ORIENTED_EDGE('',*,*,#344,.T.);
#450=ORIENTED_EDGE('',*,*,#345,.T.);
#451=ORIENTED_EDGE('',*,*,#341,.F.);
#452=ORIENTED_EDGE('',*,*,#346,.T.);
#453=ORIENTED_EDGE('',*,*,#346,.F.);
#454=ORIENTED_EDGE('',*,*,#347,.F.);
#455=ORIENTED_EDGE('',*,*,#348,.T.);
#456=ORIENTED_EDGE('',*,*,#343,.F.);
#457=ORIENTED_EDGE('',*,*,#349,.F.);
#458=ORIENTED_EDGE('',*,*,#350,.T.);
#459=ORIENTED_EDGE('',*,*,#347,.T.);
#460=ORIENTED_EDGE('',*,*,#338,.F.);
#461=ORIENTED_EDGE('',*,*,#351,.T.);
#462=ORIENTED_EDGE('',*,*,#349,.T.);
#463=ORIENTED_EDGE('',*,*,#352,.T.);
#464=ORIENTED_EDGE('',*,*,#353,.T.);
#465=ORIENTED_EDGE('',*,*,#354,.T.);
#466=ORIENTED_EDGE('',*,*,#355,.T.);
#467=ORIENTED_EDGE('',*,*,#356,.T.);
#468=ORIENTED_EDGE('',*,*,#357,.T.);
#469=ORIENTED_EDGE('',*,*,#352,.F.);
#470=ORIENTED_EDGE('',*,*,#358,.T.);
#471=ORIENTED_EDGE('',*,*,#359,.T.);
#472=ORIENTED_EDGE('',*,*,#360,.T.);
#473=ORIENTED_EDGE('',*,*,#356,.F.);
#474=ORIENTED_EDGE('',*,*,#361,.T.);
#475=ORIENTED_EDGE('',*,*,#359,.F.);
#476=ORIENTED_EDGE('',*,*,#362,.T.);
#477=ORIENTED_EDGE('',*,*,#363,.T.);
#478=ORIENTED_EDGE('',*,*,#364,.T.);
#479=ORIENTED_EDGE('',*,*,#365,.T.);
#480=ORIENTED_EDGE('',*,*,#366,.T.);
#481=ORIENTED_EDGE('',*,*,#363,.F.);
#482=ORIENTED_EDGE('',*,*,#367,.T.);
#483=ORIENTED_EDGE('',*,*,#365,.F.);
#484=ORIENTED_EDGE('',*,*,#368,.T.);
#485=ORIENTED_EDGE('',*,*,#354,.F.);
#486=ORIENTED_EDGE('',*,*,#369,.T.);
#487=ORIENTED_EDGE('',*,*,#361,.F.);
#488=ORIENTED_EDGE('',*,*,#370,.F.);
#489=ORIENTED_EDGE('',*,*,#371,.F.);
#490=ORIENTED_EDGE('',*,*,#358,.F.);
#491=ORIENTED_EDGE('',*,*,#372,.F.);
#492=ORIENTED_EDGE('',*,*,#373,.F.);
#493=ORIENTED_EDGE('',*,*,#370,.T.);
#494=ORIENTED_EDGE('',*,*,#355,.F.);
#495=ORIENTED_EDGE('',*,*,#374,.F.);
#496=ORIENTED_EDGE('',*,*,#372,.T.);
#497=ORIENTED_EDGE('',*,*,#375,.T.);
#498=ORIENTED_EDGE('',*,*,#376,.T.);
#499=ORIENTED_EDGE('',*,*,#377,.F.);
#500=ORIENTED_EDGE('',*,*,#376,.F.);
#501=ORIENTED_EDGE('',*,*,#378,.F.);
#502=ORIENTED_EDGE('',*,*,#379,.F.);
#503=ORIENTED_EDGE('',*,*,#380,.F.);
#504=ORIENTED_EDGE('',*,*,#381,.F.);
#505=ORIENTED_EDGE('',*,*,#382,.F.);
#506=ORIENTED_EDGE('',*,*,#383,.F.);
#507=ORIENTED_EDGE('',*,*,#353,.F.);
#508=ORIENTED_EDGE('',*,*,#357,.F.);
#509=ORIENTED_EDGE('',*,*,#360,.F.);
#510=ORIENTED_EDGE('',*,*,#364,.F.);
#511=ORIENTED_EDGE('',*,*,#366,.F.);
#512=ORIENTED_EDGE('',*,*,#369,.F.);
#513=ORIENTED_EDGE('',*,*,#362,.F.);
#514=ORIENTED_EDGE('',*,*,#371,.T.);
#515=ORIENTED_EDGE('',*,*,#384,.T.);
#516=ORIENTED_EDGE('',*,*,#385,.T.);
#517=ORIENTED_EDGE('',*,*,#386,.T.);
#518=ORIENTED_EDGE('',*,*,#387,.T.);
#519=ORIENTED_EDGE('',*,*,#384,.F.);
#520=ORIENTED_EDGE('',*,*,#373,.T.);
#521=ORIENTED_EDGE('',*,*,#368,.F.);
#522=ORIENTED_EDGE('',*,*,#388,.T.);
#523=ORIENTED_EDGE('',*,*,#386,.F.);
#524=ORIENTED_EDGE('',*,*,#374,.T.);
#525=ORIENTED_EDGE('',*,*,#389,.F.);
#526=ORIENTED_EDGE('',*,*,#390,.T.);
#527=ORIENTED_EDGE('',*,*,#391,.F.);
#528=ORIENTED_EDGE('',*,*,#390,.F.);
#529=ORIENTED_EDGE('',*,*,#367,.F.);
#530=ORIENTED_EDGE('',*,*,#385,.F.);
#531=ORIENTED_EDGE('',*,*,#387,.F.);
#532=ORIENTED_EDGE('',*,*,#388,.F.);
#533=ORIENTED_EDGE('',*,*,#389,.T.);
#534=ORIENTED_EDGE('',*,*,#375,.F.);
#535=ORIENTED_EDGE('',*,*,#391,.T.);
#536=ORIENTED_EDGE('',*,*,#392,.T.);
#537=ORIENTED_EDGE('',*,*,#393,.F.);
#538=ORIENTED_EDGE('',*,*,#394,.T.);
#539=ORIENTED_EDGE('',*,*,#395,.T.);
#540=ORIENTED_EDGE('',*,*,#396,.T.);
#541=ORIENTED_EDGE('',*,*,#397,.F.);
#542=ORIENTED_EDGE('',*,*,#398,.T.);
#543=ORIENTED_EDGE('',*,*,#399,.T.);
#544=ORIENTED_EDGE('',*,*,#344,.F.);
#545=ORIENTED_EDGE('',*,*,#348,.F.);
#546=ORIENTED_EDGE('',*,*,#350,.F.);
#547=ORIENTED_EDGE('',*,*,#351,.F.);
#548=ORIENTED_EDGE('',*,*,#337,.F.);
#549=ORIENTED_EDGE('',*,*,#400,.T.);
#550=ORIENTED_EDGE('',*,*,#345,.F.);
#551=ORIENTED_EDGE('',*,*,#399,.F.);
#552=ORIENTED_EDGE('',*,*,#401,.T.);
#553=ORIENTED_EDGE('',*,*,#402,.T.);
#554=ORIENTED_EDGE('',*,*,#401,.F.);
#555=ORIENTED_EDGE('',*,*,#398,.F.);
#556=ORIENTED_EDGE('',*,*,#403,.F.);
#557=ORIENTED_EDGE('',*,*,#404,.F.);
#558=ORIENTED_EDGE('',*,*,#405,.F.);
#559=ORIENTED_EDGE('',*,*,#392,.F.);
#560=ORIENTED_EDGE('',*,*,#340,.F.);
#561=ORIENTED_EDGE('',*,*,#342,.F.);
#562=ORIENTED_EDGE('',*,*,#397,.T.);
#563=ORIENTED_EDGE('',*,*,#406,.T.);
#564=ORIENTED_EDGE('',*,*,#407,.T.);
#565=ORIENTED_EDGE('',*,*,#403,.T.);
#566=ORIENTED_EDGE('',*,*,#408,.T.);
#567=ORIENTED_EDGE('',*,*,#404,.T.);
#568=ORIENTED_EDGE('',*,*,#407,.F.);
#569=ORIENTED_EDGE('',*,*,#409,.T.);
#570=ORIENTED_EDGE('',*,*,#393,.T.);
#571=ORIENTED_EDGE('',*,*,#405,.T.);
#572=ORIENTED_EDGE('',*,*,#408,.F.);
#573=ORIENTED_EDGE('',*,*,#410,.T.);
#574=ORIENTED_EDGE('',*,*,#410,.F.);
#575=ORIENTED_EDGE('',*,*,#411,.F.);
#576=ORIENTED_EDGE('',*,*,#394,.F.);
#577=ORIENTED_EDGE('',*,*,#409,.F.);
#578=ORIENTED_EDGE('',*,*,#412,.F.);
#579=ORIENTED_EDGE('',*,*,#395,.F.);
#580=ORIENTED_EDGE('',*,*,#411,.T.);
#581=ORIENTED_EDGE('',*,*,#406,.F.);
#582=ORIENTED_EDGE('',*,*,#396,.F.);
#583=ORIENTED_EDGE('',*,*,#412,.T.);
#584=ORIENTED_EDGE('',*,*,#413,.T.);
#585=ORIENTED_EDGE('',*,*,#378,.T.);
#586=ORIENTED_EDGE('',*,*,#414,.T.);
#587=ORIENTED_EDGE('',*,*,#415,.T.);
#588=ORIENTED_EDGE('',*,*,#413,.F.);
#589=ORIENTED_EDGE('',*,*,#416,.T.);
#590=ORIENTED_EDGE('',*,*,#417,.T.);
#591=ORIENTED_EDGE('',*,*,#379,.T.);
#592=ORIENTED_EDGE('',*,*,#418,.T.);
#593=ORIENTED_EDGE('',*,*,#380,.T.);
#594=ORIENTED_EDGE('',*,*,#417,.F.);
#595=ORIENTED_EDGE('',*,*,#419,.T.);
#596=ORIENTED_EDGE('',*,*,#418,.F.);
#597=ORIENTED_EDGE('',*,*,#420,.T.);
#598=ORIENTED_EDGE('',*,*,#421,.T.);
#599=ORIENTED_EDGE('',*,*,#381,.T.);
#600=ORIENTED_EDGE('',*,*,#422,.T.);
#601=ORIENTED_EDGE('',*,*,#382,.T.);
#602=ORIENTED_EDGE('',*,*,#421,.F.);
#603=ORIENTED_EDGE('',*,*,#423,.T.);
#604=ORIENTED_EDGE('',*,*,#414,.F.);
#605=ORIENTED_EDGE('',*,*,#383,.T.);
#606=ORIENTED_EDGE('',*,*,#422,.F.);
#607=ORIENTED_EDGE('',*,*,#424,.T.);
#608=ORIENTED_EDGE('',*,*,#419,.F.);
#609=ORIENTED_EDGE('',*,*,#425,.F.);
#610=ORIENTED_EDGE('',*,*,#426,.F.);
#611=ORIENTED_EDGE('',*,*,#427,.F.);
#612=ORIENTED_EDGE('',*,*,#428,.T.);
#613=ORIENTED_EDGE('',*,*,#416,.F.);
#614=ORIENTED_EDGE('',*,*,#429,.T.);
#615=ORIENTED_EDGE('',*,*,#430,.F.);
#616=ORIENTED_EDGE('',*,*,#425,.T.);
#617=ORIENTED_EDGE('',*,*,#415,.F.);
#618=ORIENTED_EDGE('',*,*,#431,.F.);
#619=ORIENTED_EDGE('',*,*,#429,.F.);
#620=ORIENTED_EDGE('',*,*,#420,.F.);
#621=ORIENTED_EDGE('',*,*,#427,.T.);
#622=ORIENTED_EDGE('',*,*,#432,.T.);
#623=ORIENTED_EDGE('',*,*,#433,.T.);
#624=ORIENTED_EDGE('',*,*,#430,.T.);
#625=ORIENTED_EDGE('',*,*,#434,.T.);
#626=ORIENTED_EDGE('',*,*,#432,.F.);
#627=ORIENTED_EDGE('',*,*,#426,.T.);
#628=ORIENTED_EDGE('',*,*,#428,.F.);
#629=ORIENTED_EDGE('',*,*,#435,.T.);
#630=ORIENTED_EDGE('',*,*,#400,.F.);
#631=ORIENTED_EDGE('',*,*,#435,.F.);
#632=ORIENTED_EDGE('',*,*,#423,.F.);
#633=ORIENTED_EDGE('',*,*,#433,.F.);
#634=ORIENTED_EDGE('',*,*,#436,.T.);
#635=ORIENTED_EDGE('',*,*,#424,.F.);
#636=ORIENTED_EDGE('',*,*,#436,.F.);
#637=ORIENTED_EDGE('',*,*,#434,.F.);
#638=ORIENTED_EDGE('',*,*,#431,.T.);
#639=ORIENTED_EDGE('',*,*,#437,.F.);
#640=ORIENTED_EDGE('',*,*,#438,.F.);
#641=ORIENTED_EDGE('',*,*,#437,.T.);
#642=ORIENTED_EDGE('',*,*,#402,.F.);
#643=ORIENTED_EDGE('',*,*,#438,.T.);
#644=ORIENTED_EDGE('',*,*,#439,.T.);
#645=ORIENTED_EDGE('',*,*,#377,.T.);
#646=ORIENTED_EDGE('',*,*,#439,.F.);
#647=ORIENTED_EDGE('',*,*,#440,.T.);
#648=ORIENTED_EDGE('',*,*,#440,.F.);
#649=B_SPLINE_SURFACE_WITH_KNOTS('',3,3,((#983,#984,#985,#986),(#987,#988,
#989,#990),(#991,#992,#993,#994),(#995,#996,#997,#998),(#999,#1000,#1001,
#1002),(#1003,#1004,#1005,#1006)),.UNSPECIFIED.,.F.,.F.,.F.,(4,1,1,4),(4,
4),(0.,0.285714285714286,0.571428571428571,1.),(-0.000831841419759129,0.287614920166235),
 .UNSPECIFIED.);
#650=B_SPLINE_SURFACE_WITH_KNOTS('',3,3,((#1069,#1070,#1071,#1072,#1073,
#1074,#1075,#1076,#1077,#1078,#1079,#1080,#1081,#1082,#1083,#1084,#1085,
#1086,#1087,#1088),(#1089,#1090,#1091,#1092,#1093,#1094,#1095,#1096,#1097,
#1098,#1099,#1100,#1101,#1102,#1103,#1104,#1105,#1106,#1107,#1108),(#1109,
#1110,#1111,#1112,#1113,#1114,#1115,#1116,#1117,#1118,#1119,#1120,#1121,
#1122,#1123,#1124,#1125,#1126,#1127,#1128),(#1129,#1130,#1131,#1132,#1133,
#1134,#1135,#1136,#1137,#1138,#1139,#1140,#1141,#1142,#1143,#1144,#1145,
#1146,#1147,#1148),(#1149,#1150,#1151,#1152,#1153,#1154,#1155,#1156,#1157,
#1158,#1159,#1160,#1161,#1162,#1163,#1164,#1165,#1166,#1167,#1168),(#1169,
#1170,#1171,#1172,#1173,#1174,#1175,#1176,#1177,#1178,#1179,#1180,#1181,
#1182,#1183,#1184,#1185,#1186,#1187,#1188)),.UNSPECIFIED.,.F.,.F.,.F.,(4,
1,1,4),(4,1,1,1,1,1,1,1,1,1,1,1,1,1,1,1,1,4),(0.,0.285714285714286,0.571428571428571,
1.),(0.,0.37151335840509,0.74302671681018,0.928783396012725,1.021661735614,
1.11454007521527,1.20741841481654,1.25385758461718,1.2770771695175,1.30029675441781,
1.34673592421845,1.39317509401909,1.48605343362036,1.57893177322163,1.6718101128229,
1.85756679202545,2.22908015043054,2.60059350883563),.UNSPECIFIED.);
#651=B_SPLINE_SURFACE_WITH_KNOTS('',3,3,((#1232,#1233,#1234,#1235),(#1236,
#1237,#1238,#1239),(#1240,#1241,#1242,#1243),(#1244,#1245,#1246,#1247),
(#1248,#1249,#1250,#1251),(#1252,#1253,#1254,#1255)),.UNSPECIFIED.,.F.,
 .F.,.F.,(4,1,1,4),(4,4),(0.,0.285714285714286,0.571428571428571,1.),(3.94325811672741E-11,
0.288392823128781),.UNSPECIFIED.);
#652=B_SPLINE_SURFACE_WITH_KNOTS('',3,3,((#1325,#1326,#1327,#1328),(#1329,
#1330,#1331,#1332),(#1333,#1334,#1335,#1336),(#1337,#1338,#1339,#1340),
(#1341,#1342,#1343,#1344),(#1345,#1346,#1347,#1348)),.UNSPECIFIED.,.F.,
 .F.,.F.,(4,1,1,4),(4,4),(0.,0.285714285714286,0.571428571428571,1.),(0.,
0.217404768753012),.UNSPECIFIED.);
#653=B_SPLINE_SURFACE_WITH_KNOTS('',3,3,((#1363,#1364,#1365,#1366,#1367,
#1368,#1369,#1370,#1371,#1372,#1373,#1374,#1375,#1376,#1377,#1378,#1379,
#1380,#1381,#1382,#1383),(#1384,#1385,#1386,#1387,#1388,#1389,#1390,#1391,
#1392,#1393,#1394,#1395,#1396,#1397,#1398,#1399,#1400,#1401,#1402,#1403,
#1404),(#1405,#1406,#1407,#1408,#1409,#1410,#1411,#1412,#1413,#1414,#1415,
#1416,#1417,#1418,#1419,#1420,#1421,#1422,#1423,#1424,#1425),(#1426,#1427,
#1428,#1429,#1430,#1431,#1432,#1433,#1434,#1435,#1436,#1437,#1438,#1439,
#1440,#1441,#1442,#1443,#1444,#1445,#1446),(#1447,#1448,#1449,#1450,#1451,
#1452,#1453,#1454,#1455,#1456,#1457,#1458,#1459,#1460,#1461,#1462,#1463,
#1464,#1465,#1466,#1467),(#1468,#1469,#1470,#1471,#1472,#1473,#1474,#1475,
#1476,#1477,#1478,#1479,#1480,#1481,#1482,#1483,#1484,#1485,#1486,#1487,
#1488)),.UNSPECIFIED.,.F.,.F.,.F.,(4,1,1,4),(4,1,1,1,1,1,1,1,1,1,1,1,1,
1,1,1,1,1,4),(0.,0.285714285714286,0.571428571428571,1.),(0.,0.252499454932142,
0.504998909864285,0.631248637330356,0.694373501063391,0.757498364796427,
0.820623228529462,0.85218566039598,0.883748092262498,0.915310524129016,
0.946872955995534,0.978435387862051,1.00999781972857,1.08890389939486,1.13624754719464,
1.26249727466071,1.51499672959285,1.57812159332589,1.767496184525),
 .UNSPECIFIED.);
#654=B_SPLINE_SURFACE_WITH_KNOTS('',3,3,((#1534,#1535,#1536,#1537),(#1538,
#1539,#1540,#1541),(#1542,#1543,#1544,#1545),(#1546,#1547,#1548,#1549),
(#1550,#1551,#1552,#1553),(#1554,#1555,#1556,#1557)),.UNSPECIFIED.,.F.,
 .F.,.F.,(4,1,1,4),(4,4),(0.,0.285714285714286,0.571428571428571,1.),(3.30971942706676E-11,
0.217404768785685),.UNSPECIFIED.);
#655=B_SPLINE_SURFACE_WITH_KNOTS('',3,3,((#1569,#1570,#1571,#1572,#1573,
#1574,#1575),(#1576,#1577,#1578,#1579,#1580,#1581,#1582),(#1583,#1584,#1585,
#1586,#1587,#1588,#1589),(#1590,#1591,#1592,#1593,#1594,#1595,#1596),(#1597,
#1598,#1599,#1600,#1601,#1602,#1603),(#1604,#1605,#1606,#1607,#1608,#1609,
#1610)),.UNSPECIFIED.,.F.,.F.,.F.,(4,1,1,4),(4,1,1,1,4),(0.,0.285714285714286,
0.571428571428571,1.),(0.,0.0355722467933631,0.0711444935867262,0.118574155977877,
0.166003818369028),.UNSPECIFIED.);
#656=B_SPLINE_SURFACE_WITH_KNOTS('',3,3,((#1628,#1629,#1630,#1631),(#1632,
#1633,#1634,#1635),(#1636,#1637,#1638,#1639),(#1640,#1641,#1642,#1643),
(#1644,#1645,#1646,#1647)),.UNSPECIFIED.,.F.,.F.,.F.,(4,1,4),(4,4),(0.,
0.571428571428571,1.),(2.56301808690688E-12,0.300892012476934),
 .UNSPECIFIED.);
#657=B_SPLINE_SURFACE_WITH_KNOTS('',3,3,((#1659,#1660,#1661,#1662,#1663,
#1664),(#1665,#1666,#1667,#1668,#1669,#1670),(#1671,#1672,#1673,#1674,#1675,
#1676),(#1677,#1678,#1679,#1680,#1681,#1682),(#1683,#1684,#1685,#1686,#1687,
#1688),(#1689,#1690,#1691,#1692,#1693,#1694)),.UNSPECIFIED.,.F.,.F.,.F.,
(4,1,1,4),(4,1,1,4),(0.,0.285714285714286,0.571428571428571,1.),(3.20015360825191E-11,
0.0711444936176292,0.118574156008048,0.166003818398466),.UNSPECIFIED.);
#658=B_SPLINE_SURFACE_WITH_KNOTS('',3,3,((#2098,#2099,#2100,#2101),(#2102,
#2103,#2104,#2105),(#2106,#2107,#2108,#2109),(#2110,#2111,#2112,#2113),
(#2114,#2115,#2116,#2117),(#2118,#2119,#2120,#2121)),.UNSPECIFIED.,.F.,
 .F.,.F.,(4,1,1,4),(4,4),(0.,0.285714285714286,0.571428571428571,1.),(-0.000831841419759346,
0.287614920166242),.UNSPECIFIED.);
#659=B_SPLINE_SURFACE_WITH_KNOTS('',3,3,((#2128,#2129,#2130,#2131,#2132,
#2133,#2134,#2135,#2136,#2137,#2138,#2139,#2140,#2141,#2142,#2143,#2144,
#2145,#2146,#2147,#2148),(#2149,#2150,#2151,#2152,#2153,#2154,#2155,#2156,
#2157,#2158,#2159,#2160,#2161,#2162,#2163,#2164,#2165,#2166,#2167,#2168,
#2169),(#2170,#2171,#2172,#2173,#2174,#2175,#2176,#2177,#2178,#2179,#2180,
#2181,#2182,#2183,#2184,#2185,#2186,#2187,#2188,#2189,#2190),(#2191,#2192,
#2193,#2194,#2195,#2196,#2197,#2198,#2199,#2200,#2201,#2202,#2203,#2204,
#2205,#2206,#2207,#2208,#2209,#2210,#2211),(#2212,#2213,#2214,#2215,#2216,
#2217,#2218,#2219,#2220,#2221,#2222,#2223,#2224,#2225,#2226,#2227,#2228,
#2229,#2230,#2231,#2232),(#2233,#2234,#2235,#2236,#2237,#2238,#2239,#2240,
#2241,#2242,#2243,#2244,#2245,#2246,#2247,#2248,#2249,#2250,#2251,#2252,
#2253)),.UNSPECIFIED.,.F.,.F.,.F.,(4,1,1,4),(4,1,1,1,1,1,1,1,1,1,1,1,1,
1,1,1,1,1,4),(0.,0.285714285714286,0.571428571428571,1.),(0.,0.371513358405089,
0.743026716810178,0.928783396012722,1.02166173561399,1.11454007521527,1.20741841481654,
1.25385758461717,1.30029675441781,1.32351633931813,1.34673592421845,1.39317509401908,
1.43961426381972,1.46283384872004,1.48605343362036,1.6718101128229,1.85756679202544,
2.22908015043053,2.60059350883562),.UNSPECIFIED.);
#660=B_SPLINE_SURFACE_WITH_KNOTS('',3,3,((#2277,#2278,#2279,#2280),(#2281,
#2282,#2283,#2284),(#2285,#2286,#2287,#2288),(#2289,#2290,#2291,#2292),
(#2293,#2294,#2295,#2296),(#2297,#2298,#2299,#2300)),.UNSPECIFIED.,.F.,
 .F.,.F.,(4,1,1,4),(4,4),(0.,0.285714285714286,0.571428571428571,1.),(3.9432581990369E-11,
0.288392823128782),.UNSPECIFIED.);
#661=B_SPLINE_SURFACE_WITH_KNOTS('',3,3,((#2310,#2311,#2312,#2313),(#2314,
#2315,#2316,#2317),(#2318,#2319,#2320,#2321),(#2322,#2323,#2324,#2325),
(#2326,#2327,#2328,#2329),(#2330,#2331,#2332,#2333)),.UNSPECIFIED.,.F.,
 .F.,.F.,(4,1,1,4),(4,4),(0.,0.285714285714286,0.571428571428571,1.),(0.,
0.217404768753012),.UNSPECIFIED.);
#662=B_SPLINE_SURFACE_WITH_KNOTS('',3,3,((#2342,#2343,#2344,#2345,#2346,
#2347,#2348),(#2349,#2350,#2351,#2352,#2353,#2354,#2355),(#2356,#2357,#2358,
#2359,#2360,#2361,#2362),(#2363,#2364,#2365,#2366,#2367,#2368,#2369),(#2370,
#2371,#2372,#2373,#2374,#2375,#2376),(#2377,#2378,#2379,#2380,#2381,#2382,
#2383)),.UNSPECIFIED.,.F.,.F.,.F.,(4,1,1,4),(4,1,1,1,4),(0.,0.285714285714286,
0.571428571428571,1.),(0.,0.0355722467933628,0.0711444935867255,0.118574155977876,
0.166003818369026),.UNSPECIFIED.);
#663=B_SPLINE_SURFACE_WITH_KNOTS('',3,3,((#2393,#2394,#2395,#2396),(#2397,
#2398,#2399,#2400),(#2401,#2402,#2403,#2404),(#2405,#2406,#2407,#2408),
(#2409,#2410,#2411,#2412)),.UNSPECIFIED.,.F.,.F.,.F.,(4,1,4),(4,4),(0.,
0.571428571428571,1.),(2.56319138443856E-12,0.300892012476935),
 .UNSPECIFIED.);
#664=B_SPLINE_SURFACE_WITH_KNOTS('',3,3,((#2419,#2420,#2421,#2422,#2423,
#2424),(#2425,#2426,#2427,#2428,#2429,#2430),(#2431,#2432,#2433,#2434,#2435,
#2436),(#2437,#2438,#2439,#2440,#2441,#2442),(#2443,#2444,#2445,#2446,#2447,
#2448),(#2449,#2450,#2451,#2452,#2453,#2454)),.UNSPECIFIED.,.F.,.F.,.F.,
(4,1,1,4),(4,1,1,4),(0.,0.285714285714286,0.571428571428571,1.),(0.,0.0711450589862235,
0.118575098310372,0.166005137634521),.UNSPECIFIED.);
#665=B_SPLINE_SURFACE_WITH_KNOTS('',3,3,((#2463,#2464,#2465,#2466),(#2467,
#2468,#2469,#2470),(#2471,#2472,#2473,#2474),(#2475,#2476,#2477,#2478),
(#2479,#2480,#2481,#2482),(#2483,#2484,#2485,#2486)),.UNSPECIFIED.,.F.,
 .F.,.F.,(4,1,1,4),(4,4),(0.,0.285714285714286,0.571428571428571,1.),(0.,
0.217404768721011),.UNSPECIFIED.);
#666=B_SPLINE_SURFACE_WITH_KNOTS('',3,3,((#2493,#2494,#2495,#2496,#2497,
#2498,#2499,#2500,#2501,#2502,#2503,#2504,#2505,#2506,#2507,#2508,#2509,
#2510,#2511),(#2512,#2513,#2514,#2515,#2516,#2517,#2518,#2519,#2520,#2521,
#2522,#2523,#2524,#2525,#2526,#2527,#2528,#2529,#2530),(#2531,#2532,#2533,
#2534,#2535,#2536,#2537,#2538,#2539,#2540,#2541,#2542,#2543,#2544,#2545,
#2546,#2547,#2548,#2549),(#2550,#2551,#2552,#2553,#2554,#2555,#2556,#2557,
#2558,#2559,#2560,#2561,#2562,#2563,#2564,#2565,#2566,#2567,#2568),(#2569,
#2570,#2571,#2572,#2573,#2574,#2575,#2576,#2577,#2578,#2579,#2580,#2581,
#2582,#2583,#2584,#2585,#2586,#2587),(#2588,#2589,#2590,#2591,#2592,#2593,
#2594,#2595,#2596,#2597,#2598,#2599,#2600,#2601,#2602,#2603,#2604,#2605,
#2606)),.UNSPECIFIED.,.F.,.F.,.F.,(4,1,1,4),(4,1,1,1,1,1,1,1,1,1,1,1,1,
1,1,1,4),(0.,0.285714285714286,0.571428571428571,1.),(0.,0.252499454927469,
0.504998909854939,0.631248637318673,0.694373501050541,0.757498364782408,
0.820623228514276,0.852185660380209,0.883748092246143,0.915310524112077,
0.94687295597801,1.00999781970988,1.07312268344174,1.13624754717361,1.26249727463735,
1.51499672956482,1.76749618449229),.UNSPECIFIED.);
#667=B_SPLINE_SURFACE_WITH_KNOTS('',3,3,((#2651,#2652,#2653,#2654,#2655,
#2656,#2657,#2658,#2659,#2660,#2661,#2662,#2663,#2664,#2665,#2666,#2667,
#2668),(#2669,#2670,#2671,#2672,#2673,#2674,#2675,#2676,#2677,#2678,#2679,
#2680,#2681,#2682,#2683,#2684,#2685,#2686),(#2687,#2688,#2689,#2690,#2691,
#2692,#2693,#2694,#2695,#2696,#2697,#2698,#2699,#2700,#2701,#2702,#2703,
#2704),(#2705,#2706,#2707,#2708,#2709,#2710,#2711,#2712,#2713,#2714,#2715,
#2716,#2717,#2718,#2719,#2720,#2721,#2722),(#2723,#2724,#2725,#2726,#2727,
#2728,#2729,#2730,#2731,#2732,#2733,#2734,#2735,#2736,#2737,#2738,#2739,
#2740),(#2741,#2742,#2743,#2744,#2745,#2746,#2747,#2748,#2749,#2750,#2751,
#2752,#2753,#2754,#2755,#2756,#2757,#2758)),.UNSPECIFIED.,.F.,.T.,.F.,(4,
1,1,4),(4,1,1,1,1,1,1,1,1,1,1,1,1,1,1,4),(0.,0.285714285714286,0.571428571428571,
1.),(1.5707963267949,2.01959527730772,2.46839422782055,2.91719317833338,
3.36599212884621,3.66519142918809,4.26359002987186,4.41318968004281,4.56278933021375,
5.16118793089752,5.60998688141034,6.05878583192317,6.507584782436,6.95638373294883,
7.40518268346166,7.85398163397448),.UNSPECIFIED.);
#668=B_SPLINE_SURFACE_WITH_KNOTS('',3,3,((#2785,#2786,#2787,#2788,#2789,
#2790,#2791,#2792,#2793,#2794,#2795,#2796,#2797,#2798,#2799,#2800,#2801,
#2802,#2803,#2804),(#2805,#2806,#2807,#2808,#2809,#2810,#2811,#2812,#2813,
#2814,#2815,#2816,#2817,#2818,#2819,#2820,#2821,#2822,#2823,#2824),(#2825,
#2826,#2827,#2828,#2829,#2830,#2831,#2832,#2833,#2834,#2835,#2836,#2837,
#2838,#2839,#2840,#2841,#2842,#2843,#2844),(#2845,#2846,#2847,#2848,#2849,
#2850,#2851,#2852,#2853,#2854,#2855,#2856,#2857,#2858,#2859,#2860,#2861,
#2862,#2863,#2864),(#2865,#2866,#2867,#2868,#2869,#2870,#2871,#2872,#2873,
#2874,#2875,#2876,#2877,#2878,#2879,#2880,#2881,#2882,#2883,#2884),(#2885,
#2886,#2887,#2888,#2889,#2890,#2891,#2892,#2893,#2894,#2895,#2896,#2897,
#2898,#2899,#2900,#2901,#2902,#2903,#2904)),.UNSPECIFIED.,.F.,.T.,.F.,(4,
1,1,4),(4,1,1,1,1,1,1,1,1,1,1,1,1,1,1,1,1,4),(0.,0.285714285714286,0.571428571428571,
1.),(1.5707963267949,2.01959527730772,2.46839422782055,2.91719317833338,
3.36599212884621,3.66519142918809,3.96439072952998,4.26359002987186,4.41318968004281,
4.56278933021375,4.86198863055563,5.16118793089752,5.60998688141034,6.05878583192317,
6.507584782436,6.95638373294883,7.40518268346166,7.85398163397448),
 .UNSPECIFIED.);
#669=STYLED_ITEM('',(#2948),#717);
#670=STYLED_ITEM('',(#2948),#718);
#671=STYLED_ITEM('',(#2948),#719);
#672=STYLED_ITEM('',(#2948),#720);
#673=STYLED_ITEM('',(#2948),#721);
#674=STYLED_ITEM('',(#2948),#722);
#675=STYLED_ITEM('',(#2948),#723);
#676=STYLED_ITEM('',(#2948),#724);
#677=STYLED_ITEM('',(#2948),#725);
#678=STYLED_ITEM('',(#2948),#726);
#679=STYLED_ITEM('',(#2948),#727);
#680=STYLED_ITEM('',(#2948),#728);
#681=STYLED_ITEM('',(#2948),#729);
#682=STYLED_ITEM('',(#2948),#730);
#683=STYLED_ITEM('',(#2948),#731);
#684=STYLED_ITEM('',(#2948),#732);
#685=STYLED_ITEM('',(#2948),#733);
#686=STYLED_ITEM('',(#2948),#734);
#687=STYLED_ITEM('',(#2948),#735);
#688=STYLED_ITEM('',(#2948),#736);
#689=STYLED_ITEM('',(#2948),#737);
#690=STYLED_ITEM('',(#2948),#738);
#691=STYLED_ITEM('',(#2948),#739);
#692=STYLED_ITEM('',(#2948),#740);
#693=STYLED_ITEM('',(#2948),#741);
#694=STYLED_ITEM('',(#2948),#742);
#695=STYLED_ITEM('',(#2948),#743);
#696=STYLED_ITEM('',(#2948),#744);
#697=STYLED_ITEM('',(#2948),#745);
#698=STYLED_ITEM('',(#2948),#746);
#699=STYLED_ITEM('',(#2948),#747);
#700=STYLED_ITEM('',(#2948),#748);
#701=STYLED_ITEM('',(#2948),#749);
#702=STYLED_ITEM('',(#2948),#750);
#703=STYLED_ITEM('',(#2948),#751);
#704=STYLED_ITEM('',(#2948),#752);
#705=STYLED_ITEM('',(#2948),#753);
#706=STYLED_ITEM('',(#2948),#754);
#707=STYLED_ITEM('',(#2948),#755);
#708=STYLED_ITEM('',(#2948),#756);
#709=STYLED_ITEM('',(#2948),#757);
#710=STYLED_ITEM('',(#2948),#758);
#711=STYLED_ITEM('',(#2948),#759);
#712=STYLED_ITEM('',(#2948),#760);
#713=STYLED_ITEM('',(#2948),#761);
#714=STYLED_ITEM('',(#2948),#762);
#715=STYLED_ITEM('',(#2948),#763);
#716=STYLED_ITEM('',(#2947),#13);
#717=ADVANCED_FACE('',(#92),#649,.T.);
#718=ADVANCED_FACE('',(#93),#650,.T.);
#719=ADVANCED_FACE('',(#94),#651,.T.);
#720=ADVANCED_FACE('',(#95),#79,.F.);
#721=ADVANCED_FACE('',(#96),#25,.T.);
#722=ADVANCED_FACE('',(#97),#80,.F.);
#723=ADVANCED_FACE('',(#98),#652,.F.);
#724=ADVANCED_FACE('',(#99),#653,.F.);
#725=ADVANCED_FACE('',(#100),#654,.F.);
#726=ADVANCED_FACE('',(#101),#655,.F.);
#727=ADVANCED_FACE('',(#102),#656,.F.);
#728=ADVANCED_FACE('',(#103),#657,.F.);
#729=ADVANCED_FACE('',(#104),#81,.T.);
#730=ADVANCED_FACE('',(#105),#26,.F.);
#731=ADVANCED_FACE('',(#106),#82,.T.);
#732=ADVANCED_FACE('',(#107,#16,#17),#23,.T.);
#733=ADVANCED_FACE('',(#108),#27,.F.);
#734=ADVANCED_FACE('',(#109),#14,.F.);
#735=ADVANCED_FACE('',(#110),#28,.F.);
#736=ADVANCED_FACE('',(#111),#29,.F.);
#737=ADVANCED_FACE('',(#112,#18),#83,.T.);
#738=ADVANCED_FACE('',(#113,#19,#20,#21),#84,.T.);
#739=ADVANCED_FACE('',(#114),#24,.F.);
#740=ADVANCED_FACE('',(#115),#658,.T.);
#741=ADVANCED_FACE('',(#116),#659,.T.);
#742=ADVANCED_FACE('',(#117),#660,.T.);
#743=ADVANCED_FACE('',(#118),#85,.T.);
#744=ADVANCED_FACE('',(#119),#30,.T.);
#745=ADVANCED_FACE('',(#120),#86,.T.);
#746=ADVANCED_FACE('',(#121),#661,.F.);
#747=ADVANCED_FACE('',(#122),#662,.F.);
#748=ADVANCED_FACE('',(#123),#663,.F.);
#749=ADVANCED_FACE('',(#124),#664,.F.);
#750=ADVANCED_FACE('',(#125),#665,.F.);
#751=ADVANCED_FACE('',(#126),#666,.F.);
#752=ADVANCED_FACE('',(#127,#22),#87,.F.);
#753=ADVANCED_FACE('',(#128),#31,.F.);
#754=ADVANCED_FACE('',(#129),#88,.F.);
#755=ADVANCED_FACE('',(#130),#32,.F.);
#756=ADVANCED_FACE('',(#131),#15,.F.);
#757=ADVANCED_FACE('',(#132),#33,.F.);
#758=ADVANCED_FACE('',(#133),#89,.F.);
#759=ADVANCED_FACE('',(#134),#34,.F.);
#760=ADVANCED_FACE('',(#135),#667,.T.);
#761=ADVANCED_FACE('',(#136),#90,.F.);
#762=ADVANCED_FACE('',(#137),#668,.F.);
#763=ADVANCED_FACE('',(#138),#91,.T.);
#764=CLOSED_SHELL('',(#717,#718,#719,#720,#721,#722,#723,#724,#725,#726,
#727,#728,#729,#730,#731,#732,#733,#734,#735,#736,#737,#738,#739,#740,#741,
#742,#743,#744,#745,#746,#747,#748,#749,#750,#751,#752,#753,#754,#755,#756,
#757,#758,#759,#760,#761,#762,#763));
#765=DERIVED_UNIT_ELEMENT(#768,1.);
#766=DERIVED_UNIT_ELEMENT(#2933,-3.);
#767=DIMENSIONAL_EXPONENTS(0.,1.,0.,0.,0.,0.,0.);
#768=(
CONVERSION_BASED_UNIT('gram',#770)
MASS_UNIT()
NAMED_UNIT(#767)
);
#769=(
MASS_UNIT()
NAMED_UNIT(*)
SI_UNIT(.KILO.,.GRAM.)
);
#770=MASS_MEASURE_WITH_UNIT(MASS_MEASURE(0.001),#769);
#771=DERIVED_UNIT((#765,#766));
#772=MEASURE_REPRESENTATION_ITEM('density measure',
POSITIVE_RATIO_MEASURE(1.),#771);
#773=PROPERTY_DEFINITION_REPRESENTATION(#778,#775);
#774=PROPERTY_DEFINITION_REPRESENTATION(#779,#776);
#775=REPRESENTATION('material name',(#777),#2930);
#776=REPRESENTATION('density',(#772),#2930);
#777=DESCRIPTIVE_REPRESENTATION_ITEM('Generisch','Generisch');
#778=PROPERTY_DEFINITION('material property','material name',#2940);
#779=PROPERTY_DEFINITION('material property','density of part',#2940);
#780=DATE_TIME_ROLE('creation_date');
#781=APPLIED_DATE_AND_TIME_ASSIGNMENT(#782,#780,(#2940));
#782=DATE_AND_TIME(#783,#784);
#783=CALENDAR_DATE(2025,15,9);
#784=LOCAL_TIME(0,0,0.,#785);
#785=COORDINATED_UNIVERSAL_TIME_OFFSET(0,0,.BEHIND.);
#786=AXIS2_PLACEMENT_3D('',#982,#844,#845);
#787=AXIS2_PLACEMENT_3D('',#1064,#846,#847);
#788=AXIS2_PLACEMENT_3D('',#1191,#848,#849);
#789=AXIS2_PLACEMENT_3D('',#1315,#850,#851);
#790=AXIS2_PLACEMENT_3D('',#1319,#854,#855);
#791=AXIS2_PLACEMENT_3D('',#1322,#857,#858);
#792=AXIS2_PLACEMENT_3D('',#1323,#859,#860);
#793=AXIS2_PLACEMENT_3D('',#1351,#862,#863);
#794=AXIS2_PLACEMENT_3D('',#1358,#864,#865);
#795=AXIS2_PLACEMENT_3D('',#1491,#866,#867);
#796=AXIS2_PLACEMENT_3D('',#1560,#868,#869);
#797=AXIS2_PLACEMENT_3D('',#1620,#870,#871);
#798=AXIS2_PLACEMENT_3D('',#1650,#872,#873);
#799=AXIS2_PLACEMENT_3D('',#1707,#874,#875);
#800=AXIS2_PLACEMENT_3D('',#1711,#878,#879);
#801=AXIS2_PLACEMENT_3D('',#1714,#881,#882);
#802=AXIS2_PLACEMENT_3D('',#1715,#883,#884);
#803=AXIS2_PLACEMENT_3D('',#1858,#886,#887);
#804=AXIS2_PLACEMENT_3D('',#1860,#888,#889);
#805=AXIS2_PLACEMENT_3D('',#1862,#891,#892);
#806=AXIS2_PLACEMENT_3D('',#1864,#893,#894);
#807=AXIS2_PLACEMENT_3D('',#1865,#895,#896);
#808=AXIS2_PLACEMENT_3D('',#1866,#897,#898);
#809=AXIS2_PLACEMENT_3D('',#1868,#900,#901);
#810=AXIS2_PLACEMENT_3D('',#1870,#902,#903);
#811=AXIS2_PLACEMENT_3D('',#1873,#905,#906);
#812=AXIS2_PLACEMENT_3D('',#1874,#907,#908);
#813=AXIS2_PLACEMENT_3D('',#1875,#909,#910);
#814=AXIS2_PLACEMENT_3D('',#1946,#912,#913);
#815=AXIS2_PLACEMENT_3D('',#2024,#915,#916);
#816=AXIS2_PLACEMENT_3D('',#2066,#917,#918);
#817=AXIS2_PLACEMENT_3D('',#2127,#919,#920);
#818=AXIS2_PLACEMENT_3D('',#2255,#921,#922);
#819=AXIS2_PLACEMENT_3D('',#2305,#923,#924);
#820=AXIS2_PLACEMENT_3D('',#2307,#926,#927);
#821=AXIS2_PLACEMENT_3D('',#2309,#929,#930);
#822=AXIS2_PLACEMENT_3D('',#2335,#931,#932);
#823=AXIS2_PLACEMENT_3D('',#2337,#933,#934);
#824=AXIS2_PLACEMENT_3D('',#2392,#935,#936);
#825=AXIS2_PLACEMENT_3D('',#2414,#937,#938);
#826=AXIS2_PLACEMENT_3D('',#2462,#939,#940);
#827=AXIS2_PLACEMENT_3D('',#2488,#941,#942);
#828=AXIS2_PLACEMENT_3D('',#2626,#943,#944);
#829=AXIS2_PLACEMENT_3D('',#2630,#946,#947);
#830=AXIS2_PLACEMENT_3D('',#2633,#949,#950);
#831=AXIS2_PLACEMENT_3D('',#2634,#951,#952);
#832=AXIS2_PLACEMENT_3D('',#2637,#954,#955);
#833=AXIS2_PLACEMENT_3D('',#2638,#956,#957);
#834=AXIS2_PLACEMENT_3D('',#2640,#959,#960);
#835=AXIS2_PLACEMENT_3D('',#2642,#961,#962);
#836=AXIS2_PLACEMENT_3D('',#2644,#964,#965);
#837=AXIS2_PLACEMENT_3D('',#2645,#966,#967);
#838=AXIS2_PLACEMENT_3D('',#2646,#968,#969);
#839=AXIS2_PLACEMENT_3D('',#2648,#971,#972);
#840=AXIS2_PLACEMENT_3D('',#2650,#974,#975);
#841=AXIS2_PLACEMENT_3D('',#2784,#976,#977);
#842=AXIS2_PLACEMENT_3D('',#2906,#978,#979);
#843=AXIS2_PLACEMENT_3D('',#2927,#980,#981);
#844=DIRECTION('axis',(0.,0.,1.));
#845=DIRECTION('refdir',(1.,0.,0.));
#846=DIRECTION('center_axis',(-0.94429580550496,1.91385380061436E-11,0.329097905957693));
#847=DIRECTION('ref_axis',(8.88178419700125E-15,1.,-5.8129057123324E-11));
#848=DIRECTION('center_axis',(0.944295805505258,2.21145431153252E-11,-0.329097905956838));
#849=DIRECTION('ref_axis',(-1.77635683940025E-14,-1.,-6.7248429047595E-11));
#850=DIRECTION('center_axis',(3.54967081408965E-29,-1.,-3.59809574834496E-13));
#851=DIRECTION('ref_axis',(-1.00830727942235E-16,-3.59809574834496E-13,
1.));
#852=DIRECTION('',(-1.,0.,-9.86541510387103E-17));
#853=DIRECTION('',(1.00830727942235E-16,3.59809574834496E-13,-1.));
#854=DIRECTION('center_axis',(1.,0.,9.86541510387103E-17));
#855=DIRECTION('ref_axis',(-9.86541510387103E-17,-3.5897057576658E-13,1.));
#856=DIRECTION('',(-1.,0.,-9.86541510387103E-17));
#857=DIRECTION('center_axis',(-1.,0.,-1.00830727942235E-16));
#858=DIRECTION('ref_axis',(-9.86541510387103E-17,-3.5897057576658E-13,1.));
#859=DIRECTION('center_axis',(-4.02353330498381E-29,1.,4.07842271472696E-13));
#860=DIRECTION('ref_axis',(1.00830727942235E-16,4.07842271472696E-13,-1.));
#861=DIRECTION('',(-1.00830727942235E-16,-4.07842271472696E-13,1.));
#862=DIRECTION('center_axis',(0.941258825271541,1.42654262318345E-11,-0.337685984086458));
#863=DIRECTION('ref_axis',(1.77635683940025E-14,-1.,-4.21951362739037E-11));
#864=DIRECTION('center_axis',(-0.944928496471572,1.06709169502286E-12,0.327276850015357));
#865=DIRECTION('ref_axis',(-0.319484065679969,0.216921663277683,-0.922428817729282));
#866=DIRECTION('center_axis',(-0.941258825271762,1.68197045303518E-11,0.337685984085839));
#867=DIRECTION('ref_axis',(-8.88178419700126E-15,1.,-4.98334706833248E-11));
#868=DIRECTION('center_axis',(-0.944928496471576,-1.29269663357372E-12,
0.327276850015346));
#869=DIRECTION('ref_axis',(-1.24344978758017E-12,1.,3.59712259978551E-13));
#870=DIRECTION('center_axis',(-3.30095909025666E-15,-0.99107987525634,0.133269204476791));
#871=DIRECTION('ref_axis',(-1.,3.33066907387548E-15,0.));
#872=DIRECTION('center_axis',(1.65047954512817E-15,-0.991079875256245,-0.1332692044775));
#873=DIRECTION('ref_axis',(-1.,-1.66533453693774E-15,0.));
#874=DIRECTION('center_axis',(-2.5702803891368E-29,1.,3.5884092788538E-13));
#875=DIRECTION('ref_axis',(1.00830727942235E-16,3.5884092788538E-13,-1.));
#876=DIRECTION('',(-1.,0.,-7.16272919113004E-17));
#877=DIRECTION('',(-1.00830727942235E-16,-3.5884092788538E-13,1.));
#878=DIRECTION('center_axis',(1.,0.,7.16272919113004E-17));
#879=DIRECTION('ref_axis',(-7.16272919113004E-17,-3.5897057576658E-13,1.));
#880=DIRECTION('',(-1.,0.,-7.16272919113004E-17));
#881=DIRECTION('center_axis',(-1.,0.,-1.00830727942235E-16));
#882=DIRECTION('ref_axis',(-1.04083408558608E-16,-3.58859553464118E-13,
1.));
#883=DIRECTION('center_axis',(2.57120902180004E-29,-1.,-3.5897057576658E-13));
#884=DIRECTION('ref_axis',(-1.00830727942235E-16,-3.5897057576658E-13,1.));
#885=DIRECTION('',(1.00830727942235E-16,3.5897057576658E-13,-1.));
#886=DIRECTION('center_axis',(-1.00830727942235E-16,-3.5884092788538E-13,
1.));
#887=DIRECTION('ref_axis',(0.707106781186546,-0.707106781186549,-2.51214793389404E-13));
#888=DIRECTION('center_axis',(0.,-3.5971225997855E-13,1.));
#889=DIRECTION('ref_axis',(0.,-1.,-3.5971225997855E-13));
#890=DIRECTION('',(1.00830727942235E-16,3.5884092788538E-13,-1.));
#891=DIRECTION('center_axis',(-1.,0.,-1.00830727942235E-16));
#892=DIRECTION('ref_axis',(0.,0.,1.));
#893=DIRECTION('center_axis',(0.,3.574918139293E-13,-1.));
#894=DIRECTION('ref_axis',(0.,1.,3.574918139293E-13));
#895=DIRECTION('center_axis',(1.,0.,1.00830727942235E-16));
#896=DIRECTION('ref_axis',(-1.00830727942235E-16,-3.58859553464118E-13,
1.));
#897=DIRECTION('center_axis',(1.00830727942235E-16,3.5897057576658E-13,
-1.));
#898=DIRECTION('ref_axis',(0.707106781186546,0.707106781186549,2.5749516322414E-13));
#899=DIRECTION('',(-1.00830727942235E-16,-3.5897057576658E-13,1.));
#900=DIRECTION('center_axis',(-1.,0.,0.));
#901=DIRECTION('ref_axis',(0.,3.5897057576658E-13,-1.));
#902=DIRECTION('center_axis',(1.,0.,1.00830727942235E-16));
#903=DIRECTION('ref_axis',(0.,3.5897057576658E-13,-1.));
#904=DIRECTION('',(1.,0.,0.));
#905=DIRECTION('center_axis',(-1.,0.,1.00830727942235E-16));
#906=DIRECTION('ref_axis',(0.,3.5897057576658E-13,-1.));
#907=DIRECTION('center_axis',(-1.,0.,-1.00830727942235E-16));
#908=DIRECTION('ref_axis',(-1.00830727942235E-16,0.,1.));
#909=DIRECTION('center_axis',(1.,0.,-1.00830727942235E-16));
#910=DIRECTION('ref_axis',(-1.00830727942235E-16,0.,-1.));
#911=DIRECTION('',(-1.00830727942235E-16,-4.07842271472696E-13,-1.));
#912=DIRECTION('center_axis',(1.,0.,-1.00830727942235E-16));
#913=DIRECTION('ref_axis',(-9.86541510387103E-17,-3.5897057576658E-13,-1.));
#914=DIRECTION('',(1.00830727942235E-16,3.59809574834496E-13,1.));
#915=DIRECTION('center_axis',(-1.,0.,1.00830727942235E-16));
#916=DIRECTION('ref_axis',(0.,3.5897057576658E-13,1.));
#917=DIRECTION('center_axis',(-1.,-1.22464679914735E-16,0.));
#918=DIRECTION('ref_axis',(0.,1.,0.));
#919=DIRECTION('center_axis',(-0.944295805504958,-1.93807962163508E-11,
-0.329097905957699));
#920=DIRECTION('ref_axis',(0.,-1.,5.88906701182168E-11));
#921=DIRECTION('center_axis',(0.944295805505259,-2.18876305321661E-11,0.329097905956836));
#922=DIRECTION('ref_axis',(-8.88178419700125E-15,1.,6.65334454197364E-11));
#923=DIRECTION('center_axis',(4.02353330498381E-29,-1.,4.07842271472696E-13));
#924=DIRECTION('ref_axis',(1.00830727942235E-16,4.07842271472696E-13,1.));
#925=DIRECTION('',(-1.,0.,9.86541510387103E-17));
#926=DIRECTION('center_axis',(-1.,0.,9.86541510387103E-17));
#927=DIRECTION('ref_axis',(-9.86541510387103E-17,-3.5897057576658E-13,-1.));
#928=DIRECTION('',(-1.,0.,9.86541510387103E-17));
#929=DIRECTION('center_axis',(-3.54967081408965E-29,1.,-3.59809574834496E-13));
#930=DIRECTION('ref_axis',(-1.00830727942235E-16,-3.59809574834496E-13,
-1.));
#931=DIRECTION('center_axis',(-0.944928496471572,1.06709169502286E-12,-0.327276850015357));
#932=DIRECTION('ref_axis',(-1.25233157177718E-12,-1.,3.55271367880051E-13));
#933=DIRECTION('center_axis',(0.941258825271539,1.42464566757878E-11,0.337685984086461));
#934=DIRECTION('ref_axis',(-0.328547194196505,0.231070465585613,0.915785554111688));
#935=DIRECTION('center_axis',(-2.15896508474268E-15,0.991079875256245,-0.133269204477502));
#936=DIRECTION('ref_axis',(-1.,-2.7755575615629E-15,-4.44089209850064E-15));
#937=DIRECTION('center_axis',(1.65047954512833E-15,0.99107987525634,0.133269204476792));
#938=DIRECTION('ref_axis',(-1.,1.66533453693774E-15,0.));
#939=DIRECTION('center_axis',(0.944928496471529,1.88857485366895E-12,0.327276850015481));
#940=DIRECTION('ref_axis',(-1.87405646556726E-12,1.,-3.5971225997855E-13));
#941=DIRECTION('center_axis',(0.941258825271539,-1.40042669122993E-11,0.337685984086461));
#942=DIRECTION('ref_axis',(0.,1.,4.14712708618481E-11));
#943=DIRECTION('center_axis',(1.,0.,-1.00830727942235E-16));
#944=DIRECTION('ref_axis',(-1.00830727942235E-16,0.,-1.));
#945=DIRECTION('',(1.00830727942235E-16,3.5897057576658E-13,1.));
#946=DIRECTION('center_axis',(1.,0.,-1.00830727942235E-16));
#947=DIRECTION('ref_axis',(-1.00830727942235E-16,-3.58859553464118E-13,
-1.));
#948=DIRECTION('',(-1.00830727942235E-16,-3.5884092788538E-13,-1.));
#949=DIRECTION('center_axis',(1.,0.,-1.00830727942235E-16));
#950=DIRECTION('ref_axis',(0.,3.5897057576658E-13,1.));
#951=DIRECTION('center_axis',(1.00830727942235E-16,3.5897057576658E-13,
1.));
#952=DIRECTION('ref_axis',(0.707106781186546,0.707106781186549,-2.5749516322414E-13));
#953=DIRECTION('',(-1.00830727942235E-16,-3.5897057576658E-13,-1.));
#954=DIRECTION('center_axis',(0.,3.574918139293E-13,1.));
#955=DIRECTION('ref_axis',(1.,0.,0.));
#956=DIRECTION('center_axis',(-2.57120902180004E-29,1.,-3.5897057576658E-13));
#957=DIRECTION('ref_axis',(-1.00830727942235E-16,-3.5897057576658E-13,-1.));
#958=DIRECTION('',(-1.,0.,7.16272919113004E-17));
#959=DIRECTION('center_axis',(-1.00830727942235E-16,-3.5884092788538E-13,
-1.));
#960=DIRECTION('ref_axis',(0.707106781186546,-0.707106781186549,2.51214793389404E-13));
#961=DIRECTION('center_axis',(0.,-3.5971225997855E-13,-1.));
#962=DIRECTION('ref_axis',(1.,0.,0.));
#963=DIRECTION('',(1.00830727942235E-16,3.5884092788538E-13,1.));
#964=DIRECTION('center_axis',(1.,0.,-1.00830727942235E-16));
#965=DIRECTION('ref_axis',(0.,0.,-1.));
#966=DIRECTION('center_axis',(-1.,0.,1.00830727942235E-16));
#967=DIRECTION('ref_axis',(-1.04083408558608E-16,-3.58859553464118E-13,
-1.));
#968=DIRECTION('center_axis',(1.,0.,0.));
#969=DIRECTION('ref_axis',(0.,3.5897057576658E-13,1.));
#970=DIRECTION('',(1.,0.,0.));
#971=DIRECTION('center_axis',(2.5702803891368E-29,-1.,3.5884092788538E-13));
#972=DIRECTION('ref_axis',(1.00830727942235E-16,3.5884092788538E-13,1.));
#973=DIRECTION('',(-1.,0.,7.16272919113004E-17));
#974=DIRECTION('center_axis',(-1.,0.,7.16272919113004E-17));
#975=DIRECTION('ref_axis',(-7.16272919113004E-17,-3.5897057576658E-13,-1.));
#976=DIRECTION('center_axis',(-1.,-1.22464679914735E-16,0.));
#977=DIRECTION('ref_axis',(0.,0.,1.));
#978=DIRECTION('center_axis',(3.33098931303438E-33,-3.00028844579135E-17,
-1.));
#979=DIRECTION('ref_axis',(-1.,-1.11022302462516E-16,0.));
#980=DIRECTION('center_axis',(-1.,-1.22464679914735E-16,0.));
#981=DIRECTION('ref_axis',(0.,0.,1.));
#982=CARTESIAN_POINT('',(0.,0.,0.));
#983=CARTESIAN_POINT('Ctrl Pts',(-17.492081451828,-3.64664975886424,-11.2882960381917));
#984=CARTESIAN_POINT('Ctrl Pts',(-18.4073582242405,-3.65013175524131,-10.9853042906723));
#985=CARTESIAN_POINT('Ctrl Pts',(-19.320108591019,-3.65395058385743,-10.6746199279916));
#986=CARTESIAN_POINT('Ctrl Pts',(-20.2301214272694,-3.6582148290483,-10.3559636970246));
#987=CARTESIAN_POINT('Ctrl Pts',(-17.5002551817921,-3.56158793271077,-11.3130792297269));
#988=CARTESIAN_POINT('Ctrl Pts',(-18.4158961363383,-3.56492815621593,-11.0107294725562));
#989=CARTESIAN_POINT('Ctrl Pts',(-19.3290416517942,-3.56860042937172,-10.7007486444152));
#990=CARTESIAN_POINT('Ctrl Pts',(-20.2395073826883,-3.57271472936753,-10.3828952519571));
#991=CARTESIAN_POINT('Ctrl Pts',(-17.5020029775932,-3.37783110468077,-11.31837864117));
#992=CARTESIAN_POINT('Ctrl Pts',(-18.4180390016785,-3.38044141098281,-11.0171312063288));
#993=CARTESIAN_POINT('Ctrl Pts',(-19.331642593301,-3.3833370830174,-10.7083740533169));
#994=CARTESIAN_POINT('Ctrl Pts',(-20.2426468698048,-3.38657948755696,-10.3919035271904));
#995=CARTESIAN_POINT('Ctrl Pts',(-17.4534120783683,-3.09346635480862,-11.1710484054447));
#996=CARTESIAN_POINT('Ctrl Pts',(-18.3688014668757,-3.09423861910512,-10.8705738318884));
#997=CARTESIAN_POINT('Ctrl Pts',(-19.2817916852853,-3.09505594023582,-10.5626780697564));
#998=CARTESIAN_POINT('Ctrl Pts',(-20.1922026754044,-3.0960238387774,-10.2471616728023));
#999=CARTESIAN_POINT('Ctrl Pts',(-17.3841641245375,-2.99999999999601,-10.9610848623923));
#1000=CARTESIAN_POINT('Ctrl Pts',(-18.2981387575266,-2.99998467009413,-10.6602019463496));
#1001=CARTESIAN_POINT('Ctrl Pts',(-19.2096475841527,-3.00001963986827,-10.35180668668));
#1002=CARTESIAN_POINT('Ctrl Pts',(-20.1185207510965,-2.99999999999639,-10.0357427278486));
#1003=CARTESIAN_POINT('Ctrl Pts',(-17.3423618227788,-2.99999999999607,-10.834338021519));
#1004=CARTESIAN_POINT('Ctrl Pts',(-18.2554712931077,-2.99999999999619,-10.533185918994));
#1005=CARTESIAN_POINT('Ctrl Pts',(-19.1660974379139,-2.99999999999631,-10.2245007371204));
#1006=CARTESIAN_POINT('Ctrl Pts',(-20.0740276615023,-2.99999999999644,-9.90807665305375));
#1007=CARTESIAN_POINT('',(-17.5,-3.64667989220177,-11.2856744814529));
#1008=CARTESIAN_POINT('',(-17.4999999957908,-2.99999999999609,-10.7822642581048));
#1009=CARTESIAN_POINT('Ctrl Pts',(-17.5000000001599,-3.64667989212152,-11.2856744819084));
#1010=CARTESIAN_POINT('Ctrl Pts',(-17.5000000042413,-3.62159326756339,-11.2937805938244));
#1011=CARTESIAN_POINT('Ctrl Pts',(-17.4999848223672,-3.59598533644074,-11.2997387451123));
#1012=CARTESIAN_POINT('Ctrl Pts',(-17.4999747297854,-3.57008967820483,-11.3035700450913));
#1013=CARTESIAN_POINT('Ctrl Pts',(-17.499964609798,-3.54412370256806,-11.3074117486313));
#1014=CARTESIAN_POINT('Ctrl Pts',(-17.499959626133,-3.51786714150226,-11.3091150925395));
#1015=CARTESIAN_POINT('Ctrl Pts',(-17.4999639900749,-3.49154955178756,-11.3086530542466));
#1016=CARTESIAN_POINT('Ctrl Pts',(-17.4999655998217,-3.48184166440408,-11.3084826201087));
#1017=CARTESIAN_POINT('Ctrl Pts',(-17.4999683212099,-3.47212551277485,-11.3080170688877));
#1018=CARTESIAN_POINT('Ctrl Pts',(-17.4999717995111,-3.46241295986691,-11.3072533596556));
#1019=CARTESIAN_POINT('Ctrl Pts',(-17.4999813983194,-3.4356099518149,-11.3051458082331));
#1020=CARTESIAN_POINT('Ctrl Pts',(-17.4999975972599,-3.40911384364514,-11.3007934437081));
#1021=CARTESIAN_POINT('Ctrl Pts',(-17.5000023605347,-3.38316163660435,-11.2942366054602));
#1022=CARTESIAN_POINT('Ctrl Pts',(-17.500007045001,-3.35763880910402,-11.2877882501705));
#1023=CARTESIAN_POINT('Ctrl Pts',(-17.5000006298286,-3.3326406994558,-11.2792076593113));
#1024=CARTESIAN_POINT('Ctrl Pts',(-17.4999986354061,-3.30839752505907,-11.2686330627873));
#1025=CARTESIAN_POINT('Ctrl Pts',(-17.4999979737641,-3.30035494494549,-11.2651249809528));
#1026=CARTESIAN_POINT('Ctrl Pts',(-17.4999976665239,-3.29239555463063,-11.2613970528984));
#1027=CARTESIAN_POINT('Ctrl Pts',(-17.4999979062023,-3.2845281993373,-11.2574532073952));
#1028=CARTESIAN_POINT('Ctrl Pts',(-17.4999986211976,-3.26105873852232,-11.2456881447982));
#1029=CARTESIAN_POINT('Ctrl Pts',(-17.5000042596937,-3.23861878587482,-11.2321113096206));
#1030=CARTESIAN_POINT('Ctrl Pts',(-17.5000138164754,-3.2174032174596,-11.2168960537426));
#1031=CARTESIAN_POINT('Ctrl Pts',(-17.5000235880784,-3.19571075690667,-11.2013387831817));
#1032=CARTESIAN_POINT('Ctrl Pts',(-17.50003729487,-3.17529702695004,-11.1840681244866));
#1033=CARTESIAN_POINT('Ctrl Pts',(-17.5000377946176,-3.15638429213724,-11.1652209226822));
#1034=CARTESIAN_POINT('Ctrl Pts',(-17.5000378362463,-3.15480887159413,-11.1636509610031));
#1035=CARTESIAN_POINT('Ctrl Pts',(-17.5000377780345,-3.15324388087354,-11.1620700352541));
#1036=CARTESIAN_POINT('Ctrl Pts',(-17.5000376057305,-3.15168945724641,-11.1604782114169));
#1037=CARTESIAN_POINT('Ctrl Pts',(-17.5000369084164,-3.14539870698453,-11.1540361025567));
#1038=CARTESIAN_POINT('Ctrl Pts',(-17.5000343549608,-3.1392809878124,-11.1474155405669));
#1039=CARTESIAN_POINT('Ctrl Pts',(-17.5000305940504,-3.13333865619173,-11.1406257253969));
#1040=CARTESIAN_POINT('Ctrl Pts',(-17.5000197152945,-3.11614995205347,-11.1209856023676));
#1041=CARTESIAN_POINT('Ctrl Pts',(-17.4999991241075,-3.10054759892887,-11.1000710807521));
#1042=CARTESIAN_POINT('Ctrl Pts',(-17.4999832143574,-3.08654891848694,-11.0781360411785));
#1043=CARTESIAN_POINT('Ctrl Pts',(-17.4999665995732,-3.07192989231286,-11.0552289594014));
#1044=CARTESIAN_POINT('Ctrl Pts',(-17.4999547956379,-3.05905911035783,-11.0312080252518));
#1045=CARTESIAN_POINT('Ctrl Pts',(-17.4999506925071,-3.04799266213478,-11.0063210165817));
#1046=CARTESIAN_POINT('Ctrl Pts',(-17.499948522106,-3.04213892916776,-10.9931567293446));
#1047=CARTESIAN_POINT('Ctrl Pts',(-17.4999483116684,-3.0367907162296,-10.9797495150423));
#1048=CARTESIAN_POINT('Ctrl Pts',(-17.4999495110044,-3.03196123554579,-10.9661330197581));
#1049=CARTESIAN_POINT('Ctrl Pts',(-17.4999518185074,-3.022669393158,-10.9399351040113));
#1050=CARTESIAN_POINT('Ctrl Pts',(-17.4999604478432,-3.01534615205783,-10.9131078382123));
#1051=CARTESIAN_POINT('Ctrl Pts',(-17.4999710554168,-3.01005874870745,-10.8858987616507));
#1052=CARTESIAN_POINT('Ctrl Pts',(-17.4999815604209,-3.00482247169592,-10.8589527821853));
#1053=CARTESIAN_POINT('Ctrl Pts',(-17.4999936079294,-3.00158243427496,-10.8316311377903));
#1054=CARTESIAN_POINT('Ctrl Pts',(-17.4999981866885,-3.00045134881438,-10.8041589506834));
#1055=CARTESIAN_POINT('Ctrl Pts',(-17.4999994015303,-3.00015124786491,-10.7968699970879));
#1056=CARTESIAN_POINT('Ctrl Pts',(-17.500000082258,-2.99999988744651,-10.7895704162487));
#1057=CARTESIAN_POINT('Ctrl Pts',(-17.5000000571497,-2.99999999999609,-10.7822643927163));
#1058=CARTESIAN_POINT('',(-20.0740276615023,-2.99999999999644,-9.90807665308302));
#1059=CARTESIAN_POINT('Ctrl Pts',(-17.5000000419886,-2.99999999999609,-10.7822643977325));
#1060=CARTESIAN_POINT('Ctrl Pts',(-18.3602851311064,-2.9999999999962,-10.4976273306783));
#1061=CARTESIAN_POINT('Ctrl Pts',(-19.2183536575649,-2.99999999999632,-10.2062888459306));
#1062=CARTESIAN_POINT('Ctrl Pts',(-20.0740276615023,-2.99999999999644,-9.90807665305375));
#1063=CARTESIAN_POINT('',(-20.2301214272694,-3.6582148290483,-10.3559636970246));
#1064=CARTESIAN_POINT('Origin',(-20.0740276615023,-3.49999999999644,-9.90807665305396));
#1065=CARTESIAN_POINT('Ctrl Pts',(-20.2301214272694,-3.6582148290483,-10.3559636970246));
#1066=CARTESIAN_POINT('Ctrl Pts',(-19.3227329476472,-3.65396288137642,-10.6737009655786));
#1067=CARTESIAN_POINT('Ctrl Pts',(-18.4126227040814,-3.65015378493872,-10.9835122791737));
#1068=CARTESIAN_POINT('Ctrl Pts',(-17.5000000001599,-3.64667989212152,-11.2856744819084));
#1069=CARTESIAN_POINT('Ctrl Pts',(-20.2301214276374,-3.65821482905002,-10.3559636968957));
#1070=CARTESIAN_POINT('Ctrl Pts',(-21.4021988090184,-3.66370708708996,-9.94554117770689));
#1071=CARTESIAN_POINT('Ctrl Pts',(-23.7530903142975,-3.52889215080892,-9.14519101177125));
#1072=CARTESIAN_POINT('Ctrl Pts',(-26.6755799908634,-3.01047866492485,-8.23097353553974));
#1073=CARTESIAN_POINT('Ctrl Pts',(-28.6864918052454,-2.39457767443453,-7.65589302667855));
#1074=CARTESIAN_POINT('Ctrl Pts',(-29.8006188064078,-1.92771691785268,-7.35384751028507));
#1075=CARTESIAN_POINT('Ctrl Pts',(-30.609146881414,-1.49110756292103,-7.14285747052415));
#1076=CARTESIAN_POINT('Ctrl Pts',(-31.2273749542449,-1.01667994563201,-6.98816936519651));
#1077=CARTESIAN_POINT('Ctrl Pts',(-31.5605102388108,-0.558558223141559,
-6.90702973846002));
#1078=CARTESIAN_POINT('Ctrl Pts',(-31.6746508066644,-0.249428677473287,
-6.87946637763423));
#1079=CARTESIAN_POINT('Ctrl Pts',(-31.7179215213925,0.0834851910730601,
-6.86906409190936));
#1080=CARTESIAN_POINT('Ctrl Pts',(-31.6085624034455,0.493650312564887,-6.89533732790929));
#1081=CARTESIAN_POINT('Ctrl Pts',(-31.2279612493988,1.01541100978853,-6.98800659701321));
#1082=CARTESIAN_POINT('Ctrl Pts',(-30.6086431272728,1.4917031377167,-7.14301125759288));
#1083=CARTESIAN_POINT('Ctrl Pts',(-29.8027765664504,1.92659461509447,-7.3532518529035));
#1084=CARTESIAN_POINT('Ctrl Pts',(-28.6850334572584,2.39525837002298,-7.65631076796325));
#1085=CARTESIAN_POINT('Ctrl Pts',(-26.6775528995573,3.00985285047546,-8.23038334042264));
#1086=CARTESIAN_POINT('Ctrl Pts',(-23.7513697158598,3.52917581509282,-9.14572141519148));
#1087=CARTESIAN_POINT('Ctrl Pts',(-21.4021988086498,3.66370708711079,-9.94554117783095));
#1088=CARTESIAN_POINT('Ctrl Pts',(-20.2301214272695,3.65821482905573,-10.3559636970219));
#1089=CARTESIAN_POINT('Ctrl Pts',(-20.2395073830546,-3.57271472937146,-10.3828952518284));
#1090=CARTESIAN_POINT('Ctrl Pts',(-21.4081703428438,-3.58300359644006,-9.97311688915192));
#1091=CARTESIAN_POINT('Ctrl Pts',(-23.7532423958419,-3.45795797463653,-9.17250077501368));
#1092=CARTESIAN_POINT('Ctrl Pts',(-26.6694480250233,-2.95322298566537,-8.25411991785));
#1093=CARTESIAN_POINT('Ctrl Pts',(-28.6762387775629,-2.34954708742201,-7.6738560864514));
#1094=CARTESIAN_POINT('Ctrl Pts',(-29.7880915920969,-1.89144777259142,-7.36815236278321));
#1095=CARTESIAN_POINT('Ctrl Pts',(-30.5949727361813,-1.46291915095917,-7.15411260050127));
#1096=CARTESIAN_POINT('Ctrl Pts',(-31.2119338255687,-0.99732755845908,-6.9967437156027));
#1097=CARTESIAN_POINT('Ctrl Pts',(-31.5443833809145,-0.547884247711129,
-6.91403747493163));
#1098=CARTESIAN_POINT('Ctrl Pts',(-31.6582884285783,-0.244654932691199,
-6.88592359145001));
#1099=CARTESIAN_POINT('Ctrl Pts',(-31.7014697584479,0.0818869555844466,
-6.87530990632096));
#1100=CARTESIAN_POINT('Ctrl Pts',(-31.5923366006862,0.484205151321735,-6.9021183296635));
#1101=CARTESIAN_POINT('Ctrl Pts',(-31.2125189280776,0.996083118349487,-6.99657943253205));
#1102=CARTESIAN_POINT('Ctrl Pts',(-30.5944701655862,1.46350273078517,-7.15426717160567));
#1103=CARTESIAN_POINT('Ctrl Pts',(-29.7902446054519,1.89034737189371,-7.36754975695453));
#1104=CARTESIAN_POINT('Ctrl Pts',(-28.6747846345147,2.35021257200582,-7.67427950156126));
#1105=CARTESIAN_POINT('Ctrl Pts',(-26.671414777538,2.95261317934932,-8.25352349249559));
#1106=CARTESIAN_POINT('Ctrl Pts',(-23.7515239371147,3.45823601112618,-9.17303318630736));
#1107=CARTESIAN_POINT('Ctrl Pts',(-21.4081703424761,3.58300359645938,-9.97311688927601));
#1108=CARTESIAN_POINT('Ctrl Pts',(-20.2395073826877,3.57271472937569,-10.3828952519545));
#1109=CARTESIAN_POINT('Ctrl Pts',(-20.2426467337732,-3.38657658308683,-10.3919031356986));
#1110=CARTESIAN_POINT('Ctrl Pts',(-21.4059207501121,-3.40743793496533,-9.98851684427955));
#1111=CARTESIAN_POINT('Ctrl Pts',(-23.742083185165,-3.30455662409996,-9.19643069187769));
#1112=CARTESIAN_POINT('Ctrl Pts',(-26.6493849895082,-2.83154380899773,-8.28018824087992));
#1113=CARTESIAN_POINT('Ctrl Pts',(-28.6506220827254,-2.25549193263445,-7.6966477776803));
#1114=CARTESIAN_POINT('Ctrl Pts',(-29.7595068732476,-1.81659041701924,-7.38770549559671));
#1115=CARTESIAN_POINT('Ctrl Pts',(-30.5642755555575,-1.40534721157337,-7.17058843203844));
#1116=CARTESIAN_POINT('Ctrl Pts',(-31.1796461630067,-0.958145522001446,
-7.01027136577335));
#1117=CARTESIAN_POINT('Ctrl Pts',(-31.5112446795694,-0.526362494289133,
-6.92576870221006));
#1118=CARTESIAN_POINT('Ctrl Pts',(-31.6248587551103,-0.23504459861843,-6.89701721769657));
#1119=CARTESIAN_POINT('Ctrl Pts',(-31.6679298764413,0.078670359467603,-6.88615737718043));
#1120=CARTESIAN_POINT('Ctrl Pts',(-31.5590752366387,0.465185266362689,-6.91358940705361));
#1121=CARTESIAN_POINT('Ctrl Pts',(-31.1802295965443,0.95695068862139,-7.0101058027053));
#1122=CARTESIAN_POINT('Ctrl Pts',(-30.5637745694107,1.40590605582712,-7.17074252189239));
#1123=CARTESIAN_POINT('Ctrl Pts',(-29.7616539315101,1.81553706540529,-7.38709833882692));
#1124=CARTESIAN_POINT('Ctrl Pts',(-28.6491721926469,2.25612481333846,-7.69707094476661));
#1125=CARTESIAN_POINT('Ctrl Pts',(-26.6513453179093,2.83096920955987,-8.27959580812258));
#1126=CARTESIAN_POINT('Ctrl Pts',(-23.7403687837775,3.30482076784666,-9.19696623250645));
#1127=CARTESIAN_POINT('Ctrl Pts',(-21.4059207497459,3.40743793498123,-9.9885168444022));
#1128=CARTESIAN_POINT('Ctrl Pts',(-20.2426467334081,3.38657658308777,-10.3919031358228));
#1129=CARTESIAN_POINT('Ctrl Pts',(-20.192202214098,-3.09602977209669,-10.2471603479986));
#1130=CARTESIAN_POINT('Ctrl Pts',(-21.3537245056457,-3.12490022072083,-9.8699182079726));
#1131=CARTESIAN_POINT('Ctrl Pts',(-23.6870642288678,-3.04649125966643,-9.12361861321267));
#1132=CARTESIAN_POINT('Ctrl Pts',(-26.5919463225459,-2.62010708665388,-8.24951042954503));
#1133=CARTESIAN_POINT('Ctrl Pts',(-28.5918614949626,-2.09058350283906,-7.68753297914161));
#1134=CARTESIAN_POINT('Ctrl Pts',(-29.7001166880762,-1.68496030745674,-7.38835507126627));
#1135=CARTESIAN_POINT('Ctrl Pts',(-30.5044668501779,-1.30412464938195,-7.17728952551398));
#1136=CARTESIAN_POINT('Ctrl Pts',(-31.119552694317,-0.889341794589221,-7.02075499514582));
#1137=CARTESIAN_POINT('Ctrl Pts',(-31.4510074201668,-0.488611200285753,
-6.93801510151628));
#1138=CARTESIAN_POINT('Ctrl Pts',(-31.5645735403914,-0.21819293915729,-6.90983741480199));
#1139=CARTESIAN_POINT('Ctrl Pts',(-31.6076267019589,0.0730298391756475,
-6.89918921065158));
#1140=CARTESIAN_POINT('Ctrl Pts',(-31.4988173085356,0.431833634074148,-6.92608903069693));
#1141=CARTESIAN_POINT('Ctrl Pts',(-31.1201357740472,0.8882333155913,-7.02059447746972));
#1142=CARTESIAN_POINT('Ctrl Pts',(-30.5039661220568,1.30464366493149,-7.17743770994484));
#1143=CARTESIAN_POINT('Ctrl Pts',(-29.7022626676265,1.683983154573,-7.38776848645399));
#1144=CARTESIAN_POINT('Ctrl Pts',(-28.5904116347327,2.09118095540016,-7.68793950766851));
#1145=CARTESIAN_POINT('Ctrl Pts',(-26.5939065724055,2.61955788160702,-8.24894376254385));
#1146=CARTESIAN_POINT('Ctrl Pts',(-23.685352415005,3.04671224790508,-9.12412528896908));
#1147=CARTESIAN_POINT('Ctrl Pts',(-21.35372450528,3.12490022073324,-9.86991820808795));
#1148=CARTESIAN_POINT('Ctrl Pts',(-20.1922022137333,3.09602977209493,-10.2471603481148));
#1149=CARTESIAN_POINT('Ctrl Pts',(-20.1185207514621,-3.0000000000032,-10.0357427277444));
#1150=CARTESIAN_POINT('Ctrl Pts',(-21.2848764390568,-3.01511826066011,-9.68006141058947));
#1151=CARTESIAN_POINT('Ctrl Pts',(-23.6259033579226,-2.91836256557524,-8.97893832005631));
#1152=CARTESIAN_POINT('Ctrl Pts',(-26.5377919376114,-2.49583291968074,-8.1616787839822));
#1153=CARTESIAN_POINT('Ctrl Pts',(-28.5419735488602,-1.9850784920709,-7.63738138483796));
#1154=CARTESIAN_POINT('Ctrl Pts',(-29.6524632839979,-1.59734312946872,-7.35855102754589));
#1155=CARTESIAN_POINT('Ctrl Pts',(-30.4584028590578,-1.23474485099301,-7.16194019244241));
#1156=CARTESIAN_POINT('Ctrl Pts',(-31.0746756803711,-0.841300734548204,
-7.01620468874255));
#1157=CARTESIAN_POINT('Ctrl Pts',(-31.4067663200386,-0.46203159114502,-6.93918871184178));
#1158=CARTESIAN_POINT('Ctrl Pts',(-31.5205494155022,-0.206295316933277,
-6.91296236369549));
#1159=CARTESIAN_POINT('Ctrl Pts',(-31.5636847435481,0.0690468725683152,
-6.90305190031915));
#1160=CARTESIAN_POINT('Ctrl Pts',(-31.4546678317788,0.408293102103342,-6.92808700200655));
#1161=CARTESIAN_POINT('Ctrl Pts',(-31.0752600090694,0.840251519437173,-7.01605621817971));
#1162=CARTESIAN_POINT('Ctrl Pts',(-30.4579011879474,1.23523507115784,-7.16207729289686));
#1163=CARTESIAN_POINT('Ctrl Pts',(-29.6546133064454,1.5964163430381,-7.35800354696744));
#1164=CARTESIAN_POINT('Ctrl Pts',(-28.5405223965584,1.9856263822142,-7.63776376006141));
#1165=CARTESIAN_POINT('Ctrl Pts',(-26.5397540972754,2.49534057395209,-8.16114652261747));
#1166=CARTESIAN_POINT('Ctrl Pts',(-23.6241856208441,2.91861153335695,-8.97941913529898));
#1167=CARTESIAN_POINT('Ctrl Pts',(-21.2848764386898,3.01511826067572,-9.68006141069791));
#1168=CARTESIAN_POINT('Ctrl Pts',(-20.1185207510959,3.00000000000574,-10.0357427278539));
#1169=CARTESIAN_POINT('Ctrl Pts',(-20.0740276618695,-2.99999999999644,-9.90807665295246));
#1170=CARTESIAN_POINT('Ctrl Pts',(-21.2434226819716,-2.99999999997796,-9.55875017213121));
#1171=CARTESIAN_POINT('Ctrl Pts',(-23.5890516165235,-2.87914286932323,-8.87644416684056));
#1172=CARTESIAN_POINT('Ctrl Pts',(-26.5052792148837,-2.44136647254001,-8.09223876594664));
#1173=CARTESIAN_POINT('Ctrl Pts',(-28.5120172136806,-1.93219680703495,-7.59428786312523));
#1174=CARTESIAN_POINT('Ctrl Pts',(-29.6238674153843,-1.55043154717151,-7.33087604850826));
#1175=CARTESIAN_POINT('Ctrl Pts',(-30.4307596473565,-1.19591686097999,-7.14582502029291));
#1176=CARTESIAN_POINT('Ctrl Pts',(-31.0477492799045,-0.813545164127579,
-7.00918635852084));
#1177=CARTESIAN_POINT('Ctrl Pts',(-31.3802210802262,-0.446472170260153,
-6.93715264302163));
#1178=CARTESIAN_POINT('Ctrl Pts',(-31.4941347291948,-0.199295106275338,
-6.91264162602577));
#1179=CARTESIAN_POINT('Ctrl Pts',(-31.5373194982492,0.0667003042696092,
-6.90338303140056));
#1180=CARTESIAN_POINT('Ctrl Pts',(-31.428177563411,0.394457704585057,-6.9267705730385));
#1181=CARTESIAN_POINT('Ctrl Pts',(-31.0483343696705,0.812529367264969,-7.00904501132097));
#1182=CARTESIAN_POINT('Ctrl Pts',(-30.4302569577075,1.19639616452084,-7.14595696456701));
#1183=CARTESIAN_POINT('Ctrl Pts',(-29.6260207420861,1.54951861069122,-7.33035781606499));
#1184=CARTESIAN_POINT('Ctrl Pts',(-28.5105618974178,1.93274962136315,-7.59465033489764));
#1185=CARTESIAN_POINT('Ctrl Pts',(-26.5072479632707,2.44085246895944,-8.09173014772312));
#1186=CARTESIAN_POINT('Ctrl Pts',(-23.5873347016064,2.87938492985158,-8.87689934631375));
#1187=CARTESIAN_POINT('Ctrl Pts',(-21.2434226816038,2.99999999999759,-9.558750172237));
#1188=CARTESIAN_POINT('Ctrl Pts',(-20.0740276615024,3.00000000000356,-9.90807665305996));
#1189=CARTESIAN_POINT('',(-20.0740276615024,3.00000000000356,-9.90807665308505));
#1190=CARTESIAN_POINT('',(-20.2301214272695,3.65821482905573,-10.3559636970219));
#1191=CARTESIAN_POINT('Origin',(-20.0740276615024,3.50000000000356,-9.90807665305142));
#1192=CARTESIAN_POINT('Ctrl Pts',(-20.2301214272695,3.65821482905573,-10.3559636970219));
#1193=CARTESIAN_POINT('Ctrl Pts',(-21.4021988086498,3.66370708711079,-9.94554117783095));
#1194=CARTESIAN_POINT('Ctrl Pts',(-23.7513697158598,3.52917581509282,-9.14572141519148));
#1195=CARTESIAN_POINT('Ctrl Pts',(-26.6775528995573,3.00985285047546,-8.23038334042264));
#1196=CARTESIAN_POINT('Ctrl Pts',(-28.6850334572584,2.39525837002298,-7.65631076796325));
#1197=CARTESIAN_POINT('Ctrl Pts',(-29.8027765664504,1.92659461509447,-7.3532518529035));
#1198=CARTESIAN_POINT('Ctrl Pts',(-30.6086431272728,1.4917031377167,-7.14301125759288));
#1199=CARTESIAN_POINT('Ctrl Pts',(-31.2279612493988,1.01541100978853,-6.98800659701321));
#1200=CARTESIAN_POINT('Ctrl Pts',(-31.6085624034455,0.493650312564887,-6.89533732790929));
#1201=CARTESIAN_POINT('Ctrl Pts',(-31.7179215213925,0.0834851910730601,
-6.86906409190936));
#1202=CARTESIAN_POINT('Ctrl Pts',(-31.6746508066644,-0.249428677473287,
-6.87946637763423));
#1203=CARTESIAN_POINT('Ctrl Pts',(-31.5605102388108,-0.558558223141559,
-6.90702973846002));
#1204=CARTESIAN_POINT('Ctrl Pts',(-31.2273749542449,-1.01667994563201,-6.98816936519651));
#1205=CARTESIAN_POINT('Ctrl Pts',(-30.609146881414,-1.49110756292103,-7.14285747052415));
#1206=CARTESIAN_POINT('Ctrl Pts',(-29.8006188064078,-1.92771691785268,-7.35384751028507));
#1207=CARTESIAN_POINT('Ctrl Pts',(-28.6864918052454,-2.39457767443453,-7.65589302667855));
#1208=CARTESIAN_POINT('Ctrl Pts',(-26.6755799908634,-3.01047866492485,-8.23097353553974));
#1209=CARTESIAN_POINT('Ctrl Pts',(-23.7530903142975,-3.52889215080892,-9.14519101177125));
#1210=CARTESIAN_POINT('Ctrl Pts',(-21.4021988090184,-3.66370708708996,-9.94554117770689));
#1211=CARTESIAN_POINT('Ctrl Pts',(-20.2301214276374,-3.65821482905002,-10.3559636968957));
#1212=CARTESIAN_POINT('Ctrl Pts',(-20.0740276618695,-2.99999999999644,-9.90807665295246));
#1213=CARTESIAN_POINT('Ctrl Pts',(-21.2434226819716,-2.99999999997796,-9.55875017213121));
#1214=CARTESIAN_POINT('Ctrl Pts',(-23.5890516165235,-2.87914286932323,-8.87644416684056));
#1215=CARTESIAN_POINT('Ctrl Pts',(-26.5052792148837,-2.44136647254001,-8.09223876594664));
#1216=CARTESIAN_POINT('Ctrl Pts',(-28.5120172136806,-1.93219680703495,-7.59428786312523));
#1217=CARTESIAN_POINT('Ctrl Pts',(-29.6238674153843,-1.55043154717151,-7.33087604850826));
#1218=CARTESIAN_POINT('Ctrl Pts',(-30.4307596473565,-1.19591686097999,-7.14582502029291));
#1219=CARTESIAN_POINT('Ctrl Pts',(-31.0477492799045,-0.813545164127579,
-7.00918635852084));
#1220=CARTESIAN_POINT('Ctrl Pts',(-31.3802210802262,-0.446472170260153,
-6.93715264302163));
#1221=CARTESIAN_POINT('Ctrl Pts',(-31.4941347291948,-0.199295106275338,
-6.91264162602577));
#1222=CARTESIAN_POINT('Ctrl Pts',(-31.5373194982492,0.0667003042696092,
-6.90338303140056));
#1223=CARTESIAN_POINT('Ctrl Pts',(-31.428177563411,0.394457704585057,-6.9267705730385));
#1224=CARTESIAN_POINT('Ctrl Pts',(-31.0483343696705,0.812529367264969,-7.00904501132097));
#1225=CARTESIAN_POINT('Ctrl Pts',(-30.4302569577075,1.19639616452084,-7.14595696456701));
#1226=CARTESIAN_POINT('Ctrl Pts',(-29.6260207420861,1.54951861069122,-7.33035781606499));
#1227=CARTESIAN_POINT('Ctrl Pts',(-28.5105618974178,1.93274962136315,-7.59465033489764));
#1228=CARTESIAN_POINT('Ctrl Pts',(-26.5072479632707,2.44085246895944,-8.09173014772312));
#1229=CARTESIAN_POINT('Ctrl Pts',(-23.5873347016064,2.87938492985158,-8.87689934631375));
#1230=CARTESIAN_POINT('Ctrl Pts',(-21.2434226816038,2.99999999999759,-9.558750172237));
#1231=CARTESIAN_POINT('Ctrl Pts',(-20.0740276615024,3.00000000000356,-9.90807665305996));
#1232=CARTESIAN_POINT('Ctrl Pts',(-20.2301214272643,3.65821482905571,-10.3559636970238));
#1233=CARTESIAN_POINT('Ctrl Pts',(-19.3202787601087,3.65395138126345,-10.674560340433));
#1234=CARTESIAN_POINT('Ctrl Pts',(-18.4076995837371,3.65013318468794,-10.9851880898357));
#1235=CARTESIAN_POINT('Ctrl Pts',(-17.4925949118523,3.64665171227007,-11.2881260623133));
#1236=CARTESIAN_POINT('Ctrl Pts',(-20.2395073826831,3.57271472937496,-10.3828952519563));
#1237=CARTESIAN_POINT('Ctrl Pts',(-19.3292119055735,3.56860119873856,-10.7006892069846));
#1238=CARTESIAN_POINT('Ctrl Pts',(-18.4162376449305,3.56492953079677,-11.0106135365196));
#1239=CARTESIAN_POINT('Ctrl Pts',(-17.500768845194,3.5615898067226,-11.3129096128965));
#1240=CARTESIAN_POINT('Ctrl Pts',(-20.2426468697997,3.38657948756441,-10.3919035271897));
#1241=CARTESIAN_POINT('Ctrl Pts',(-19.3318129477864,3.38333768934297,-10.7083148744774));
#1242=CARTESIAN_POINT('Ctrl Pts',(-18.4183806811736,3.38044249154519,-11.0170157277761));
#1243=CARTESIAN_POINT('Ctrl Pts',(-17.5025168633235,3.37783257188409,-11.3182096433621));
#1244=CARTESIAN_POINT('Ctrl Pts',(-20.1922026753992,3.09602383878477,-10.2471616728019));
#1245=CARTESIAN_POINT('Ctrl Pts',(-19.2819619288283,3.09505612123694,-10.5626190693358));
#1246=CARTESIAN_POINT('Ctrl Pts',(-18.369142915197,3.09423893297011,-10.8704586728389));
#1247=CARTESIAN_POINT('Ctrl Pts',(-17.453925602835,3.09346678190732,-11.170879843634));
#1248=CARTESIAN_POINT('Ctrl Pts',(-20.1185207510913,3.0000000000036,-10.0357427278483));
#1249=CARTESIAN_POINT('Ctrl Pts',(-19.2098175401283,3.00001963620314,-10.3517475838674));
#1250=CARTESIAN_POINT('Ctrl Pts',(-18.2984796554738,2.99998467229246,-10.6600866067561));
#1251=CARTESIAN_POINT('Ctrl Pts',(-17.3846768520327,3.00000000000394,-10.9609160665149));
#1252=CARTESIAN_POINT('Ctrl Pts',(-20.0740276614972,3.00000000000356,-9.90807665305341));
#1253=CARTESIAN_POINT('Ctrl Pts',(-19.1662672175625,3.00000000000367,-10.2244415669657));
#1254=CARTESIAN_POINT('Ctrl Pts',(-18.255811858168,3.00000000000378,-10.5330704669193));
#1255=CARTESIAN_POINT('Ctrl Pts',(-17.3428740669748,3.00000000000389,-10.8341690776789));
#1256=CARTESIAN_POINT('',(-17.4999999957908,3.00000000000387,-10.7822642581026));
#1257=CARTESIAN_POINT('',(-17.5,3.64667989220992,-11.2856744814503));
#1258=CARTESIAN_POINT('Ctrl Pts',(-17.5000000567816,3.00000000000387,-10.7822643918275));
#1259=CARTESIAN_POINT('Ctrl Pts',(-17.5000001509789,2.9999995777822,-10.8097425804394));
#1260=CARTESIAN_POINT('Ctrl Pts',(-17.4999901228329,3.00213762285103,-10.8371192133875));
#1261=CARTESIAN_POINT('Ctrl Pts',(-17.4999792999263,3.00628387990383,-10.8641726678968));
#1262=CARTESIAN_POINT('Ctrl Pts',(-17.499968357513,3.01047591997252,-10.8915248469477));
#1263=CARTESIAN_POINT('Ctrl Pts',(-17.4999570005341,3.01672119287996,-10.9185478735917));
#1264=CARTESIAN_POINT('Ctrl Pts',(-17.4999519539289,3.02493638800835,-10.9450030527287));
#1265=CARTESIAN_POINT('Ctrl Pts',(-17.4999489167929,3.02988043744596,-10.9609242465032));
#1266=CARTESIAN_POINT('Ctrl Pts',(-17.499948082857,3.03553891766934,-10.9766395098075));
#1267=CARTESIAN_POINT('Ctrl Pts',(-17.4999494793048,3.04190150336917,-10.9920923217774));
#1268=CARTESIAN_POINT('Ctrl Pts',(-17.4999517560185,3.05227481307489,-11.0172859791913));
#1269=CARTESIAN_POINT('Ctrl Pts',(-17.4999600444348,3.06445478341392,-11.0416315597726));
#1270=CARTESIAN_POINT('Ctrl Pts',(-17.4999741579211,3.07836711323271,-11.0648948094354));
#1271=CARTESIAN_POINT('Ctrl Pts',(-17.499987663063,3.09167976936019,-11.0871553256252));
#1272=CARTESIAN_POINT('Ctrl Pts',(-17.5000067749039,3.10657934452313,-11.1084256227198));
#1273=CARTESIAN_POINT('Ctrl Pts',(-17.5000215335187,3.12303498919923,-11.1284703750258));
#1274=CARTESIAN_POINT('Ctrl Pts',(-17.5000296752179,3.13211286747197,-11.1395282111072));
#1275=CARTESIAN_POINT('Ctrl Pts',(-17.5000362945361,3.14166485265621,-11.1502124772189));
#1276=CARTESIAN_POINT('Ctrl Pts',(-17.5000379001526,3.1516894563162,-11.1604781148512));
#1277=CARTESIAN_POINT('Ctrl Pts',(-17.5000381483701,3.15323919295988,-11.162065113734));
#1278=CARTESIAN_POINT('Ctrl Pts',(-17.5000382738026,3.15480022944435,-11.163642098756));
#1279=CARTESIAN_POINT('Ctrl Pts',(-17.5000382856563,3.15637245957434,-11.1652089703649));
#1280=CARTESIAN_POINT('Ctrl Pts',(-17.5000384282126,3.17528052179091,-11.1840525895672));
#1281=CARTESIAN_POINT('Ctrl Pts',(-17.5000243489195,3.19565710877516,-11.2012891492024));
#1282=CARTESIAN_POINT('Ctrl Pts',(-17.5000139559513,3.21726833563433,-11.2167992614681));
#1283=CARTESIAN_POINT('Ctrl Pts',(-17.5000037610471,3.23846770635982,-11.2320137896416));
#1284=CARTESIAN_POINT('Ctrl Pts',(-17.4999972690883,3.2608563830345,-11.2455675129869));
#1285=CARTESIAN_POINT('Ctrl Pts',(-17.4999972039053,3.28423238226331,-11.2573050281857));
#1286=CARTESIAN_POINT('Ctrl Pts',(-17.4999971711432,3.29598154668433,-11.2632044977491));
#1287=CARTESIAN_POINT('Ctrl Pts',(-17.4999985226691,3.30798031319789,-11.2686444301731));
#1288=CARTESIAN_POINT('Ctrl Pts',(-17.5000000138139,3.32020335072148,-11.2736003076583));
#1289=CARTESIAN_POINT('Ctrl Pts',(-17.5000025212905,3.34075734488296,-11.2819340034928));
#1290=CARTESIAN_POINT('Ctrl Pts',(-17.5000066771367,3.36178965596845,-11.2888368333788));
#1291=CARTESIAN_POINT('Ctrl Pts',(-17.5000026438113,3.38316163825553,-11.2942365118229));
#1292=CARTESIAN_POINT('Ctrl Pts',(-17.4999978214134,3.40871479732976,-11.3006925738005));
#1293=CARTESIAN_POINT('Ctrl Pts',(-17.4999817373959,3.43475436804496,-11.3050011254159));
#1294=CARTESIAN_POINT('Ctrl Pts',(-17.4999722389423,3.46105259053209,-11.3071444560343));
#1295=CARTESIAN_POINT('Ctrl Pts',(-17.4999696600814,3.46819264318431,-11.3077263772449));
#1296=CARTESIAN_POINT('Ctrl Pts',(-17.4999674726553,3.47535174656965,-11.3081484113254));
#1297=CARTESIAN_POINT('Ctrl Pts',(-17.4999658232295,3.48252525140669,-11.30840957666));
#1298=CARTESIAN_POINT('Ctrl Pts',(-17.4999597631904,3.50888092065739,-11.3093691058349));
#1299=CARTESIAN_POINT('Ctrl Pts',(-17.4999624098944,3.53518726267633,-11.3081520544818));
#1300=CARTESIAN_POINT('Ctrl Pts',(-17.499971489216,3.56121396191195,-11.3047983420348));
#1301=CARTESIAN_POINT('Ctrl Pts',(-17.4999805624987,3.5872233501046,-11.3014468602303));
#1302=CARTESIAN_POINT('Ctrl Pts',(-17.4999960406631,3.61295476471624,-11.295961502083));
#1303=CARTESIAN_POINT('Ctrl Pts',(-17.4999994116079,3.63817676283621,-11.2883337588721));
#1304=CARTESIAN_POINT('Ctrl Pts',(-17.499999791306,3.64101773062003,-11.2874745813944));
#1305=CARTESIAN_POINT('Ctrl Pts',(-17.5000000005704,3.6438522215072,-11.2865881724783));
#1306=CARTESIAN_POINT('Ctrl Pts',(-17.5000000001399,3.64667989213974,-11.2856744818486));
#1307=CARTESIAN_POINT('Ctrl Pts',(-17.5000000001399,3.64667989213974,-11.2856744818486));
#1308=CARTESIAN_POINT('Ctrl Pts',(-18.412622701684,3.65015378614912,-10.9835122723462));
#1309=CARTESIAN_POINT('Ctrl Pts',(-19.3227329476438,3.65396288138408,-10.6737009655771));
#1310=CARTESIAN_POINT('Ctrl Pts',(-20.2301214272643,3.65821482905571,-10.3559636970238));
#1311=CARTESIAN_POINT('Ctrl Pts',(-20.0740276614972,3.00000000000356,-9.90807665305341));
#1312=CARTESIAN_POINT('Ctrl Pts',(-19.2183536575838,3.00000000000367,-10.2062888459219));
#1313=CARTESIAN_POINT('Ctrl Pts',(-18.3602851290145,3.00000000000377,-10.4976273255185));
#1314=CARTESIAN_POINT('Ctrl Pts',(-17.5000000416878,3.00000000000387,-10.7822643968214));
#1315=CARTESIAN_POINT('Origin',(-17.5,3.00000000000451,-12.5546183885679));
#1316=CARTESIAN_POINT('',(-17.5,3.00000000000356,-9.90807665311013));
#1317=CARTESIAN_POINT('',(-17.5,3.00000000000356,-9.90807665311013));
#1318=CARTESIAN_POINT('',(-17.5,3.00000000000622,-17.3051940188431));
#1319=CARTESIAN_POINT('Origin',(-17.5,3.55670787960394E-12,-9.90807665311121));
#1320=CARTESIAN_POINT('',(-17.5,-2.99999999999644,-9.90807665311229));
#1321=CARTESIAN_POINT('',(-17.5,-2.99999999999644,-9.90807665311229));
#1322=CARTESIAN_POINT('Origin',(-17.5,3.55670787960394E-12,-9.90807665311121));
#1323=CARTESIAN_POINT('Origin',(-17.5,-2.99999999999644,-9.90807665311229));
#1324=CARTESIAN_POINT('',(-17.5,-2.99999999999397,-15.9819231511164));
#1325=CARTESIAN_POINT('Ctrl Pts',(-21.9999999999987,2.00000000000382,-10.6308978526259));
#1326=CARTESIAN_POINT('Ctrl Pts',(-22.6847732042106,2.00000000000373,-10.3937260263067));
#1327=CARTESIAN_POINT('Ctrl Pts',(-23.3682433993484,2.00000000000364,-10.1527917973425));
#1328=CARTESIAN_POINT('Ctrl Pts',(-24.0503572568306,2.00000000000356,-9.90807665306866));
#1329=CARTESIAN_POINT('Ctrl Pts',(-22.0278879813888,2.00000000000385,-10.7114172915149));
#1330=CARTESIAN_POINT('Ctrl Pts',(-22.7130265652408,1.99999923367252,-10.4743446057706));
#1331=CARTESIAN_POINT('Ctrl Pts',(-23.3968674039436,2.00000090235023,-10.2335199396872));
#1332=CARTESIAN_POINT('Ctrl Pts',(-24.0793656745346,2.00000000000359,-9.98893410779754));
#1333=CARTESIAN_POINT('Ctrl Pts',(-22.083490615424,2.04448888577738,-10.8719557267151));
#1334=CARTESIAN_POINT('Ctrl Pts',(-22.7693556333582,2.04471463006963,-10.6350759831049));
#1335=CARTESIAN_POINT('Ctrl Pts',(-23.4539352034935,2.04495507726063,-10.3944666887064));
#1336=CARTESIAN_POINT('Ctrl Pts',(-24.1371973794029,2.0452235983515,-10.1501329882736));
#1337=CARTESIAN_POINT('Ctrl Pts',(-22.1565746251515,2.25826436818652,-11.0829671790212));
#1338=CARTESIAN_POINT('Ctrl Pts',(-22.8432712553576,2.2594824606997,-10.8459964698089));
#1339=CARTESIAN_POINT('Ctrl Pts',(-23.528706239583,2.26080724424027,-10.6053251065278));
#1340=CARTESIAN_POINT('Ctrl Pts',(-24.2128156779139,2.26225285607688,-10.3609098465943));
#1341=CARTESIAN_POINT('Ctrl Pts',(-22.1688162938016,2.48368600689757,-11.1183118774054));
#1342=CARTESIAN_POINT('Ctrl Pts',(-22.8554287665001,2.48567605531328,-10.8806626103159));
#1343=CARTESIAN_POINT('Ctrl Pts',(-23.5407206480695,2.48781654099757,-10.6392155792725));
#1344=CARTESIAN_POINT('Ctrl Pts',(-24.224685336806,2.4901671479548,-10.3939950846897));
#1345=CARTESIAN_POINT('Ctrl Pts',(-22.1597420328387,2.60846083164266,-11.0921122614904));
#1346=CARTESIAN_POINT('Ctrl Pts',(-22.8460479077887,2.6106354611881,-10.853898199588));
#1347=CARTESIAN_POINT('Ctrl Pts',(-23.5310284107403,2.61297916221503,-10.6118635655622));
#1348=CARTESIAN_POINT('Ctrl Pts',(-24.2146308539288,2.61553523279636,-10.3659694301243));
#1349=CARTESIAN_POINT('',(-24.0503572568305,2.00000000000356,-9.90807665308958));
#1350=CARTESIAN_POINT('',(-24.2146308539288,2.61553523279636,-10.3659694301243));
#1351=CARTESIAN_POINT('Origin',(-24.0503572568306,2.50000000000356,-9.90807665306848));
#1352=CARTESIAN_POINT('',(-22.1597420328387,2.60846083164266,-11.0921122614904));
#1353=CARTESIAN_POINT('Ctrl Pts',(-24.2146308539288,2.61553523279636,-10.3659694301243));
#1354=CARTESIAN_POINT('Ctrl Pts',(-23.5310284107403,2.61297916221503,-10.6118635655622));
#1355=CARTESIAN_POINT('Ctrl Pts',(-22.8460479077887,2.6106354611881,-10.853898199588));
#1356=CARTESIAN_POINT('Ctrl Pts',(-22.1597420328387,2.60846083164266,-11.0921122614904));
#1357=CARTESIAN_POINT('',(-21.9999999999994,2.00000000000382,-10.6308978526259));
#1358=CARTESIAN_POINT('Origin',(-21.9999999999987,2.50000000000382,-10.6308978526257));
#1359=CARTESIAN_POINT('Ctrl Pts',(-21.9999999999987,2.00000000000382,-10.6308978526259));
#1360=CARTESIAN_POINT('Ctrl Pts',(-22.6847732042106,2.00000000000373,-10.3937260263067));
#1361=CARTESIAN_POINT('Ctrl Pts',(-23.3682433993484,2.00000000000364,-10.1527917973425));
#1362=CARTESIAN_POINT('Ctrl Pts',(-24.0503572568306,2.00000000000356,-9.90807665306866));
#1363=CARTESIAN_POINT('Ctrl Pts',(-24.0503572571381,2.00000000000356,-9.90807665298876));
#1364=CARTESIAN_POINT('Ctrl Pts',(-24.8425817249085,1.99999999998964,-9.68070191453518));
#1365=CARTESIAN_POINT('Ctrl Pts',(-26.4307438992646,1.92339023045387,-9.23524271324042));
#1366=CARTESIAN_POINT('Ctrl Pts',(-28.4033246815736,1.6392236705681,-8.71317406488365));
#1367=CARTESIAN_POINT('Ctrl Pts',(-29.751689112771,1.29963974826978,-8.37458687911278));
#1368=CARTESIAN_POINT('Ctrl Pts',(-30.4947889608551,1.03942916861391,-8.19319940847731));
#1369=CARTESIAN_POINT('Ctrl Pts',(-31.0260071311613,0.797233731301986,-8.06599627332486));
#1370=CARTESIAN_POINT('Ctrl Pts',(-31.4245418972994,0.532418402258714,-7.97243438426935));
#1371=CARTESIAN_POINT('Ctrl Pts',(-31.6540145616943,0.251257336305705,-7.91917571777113));
#1372=CARTESIAN_POINT('Ctrl Pts',(-31.7265337314335,-0.000626220505880964,
-7.9024340017569));
#1373=CARTESIAN_POINT('Ctrl Pts',(-31.6533822094283,-0.252096900663665,
-7.9193219602428));
#1374=CARTESIAN_POINT('Ctrl Pts',(-31.481635344082,-0.462843187036084,-7.95918571564359));
#1375=CARTESIAN_POINT('Ctrl Pts',(-31.2633924215918,-0.63896473578614,-8.0102609622704));
#1376=CARTESIAN_POINT('Ctrl Pts',(-30.8962830392177,-0.862921754912875,
-8.09692862983824));
#1377=CARTESIAN_POINT('Ctrl Pts',(-30.4472138118631,-1.05739068329381,-8.2046852979622));
#1378=CARTESIAN_POINT('Ctrl Pts',(-29.7025965632596,-1.31210219029587,-8.38692233327844));
#1379=CARTESIAN_POINT('Ctrl Pts',(-28.4019101524421,-1.63965714138954,-8.71352372564898));
#1380=CARTESIAN_POINT('Ctrl Pts',(-27.0200154300644,-1.83819253375513,-9.07929919409216));
#1381=CARTESIAN_POINT('Ctrl Pts',(-25.4392526760168,-1.9714629268183,-9.51336470462526));
#1382=CARTESIAN_POINT('Ctrl Pts',(-24.6445256076579,-1.99999999999365,-9.7375455992374));
#1383=CARTESIAN_POINT('Ctrl Pts',(-24.0503572568305,-1.99999999999644,-9.90807665307847));
#1384=CARTESIAN_POINT('Ctrl Pts',(-24.079365674841,2.00000000000851,-9.98893410771527));
#1385=CARTESIAN_POINT('Ctrl Pts',(-24.8695685362869,2.0092224953704,-9.75716732544633));
#1386=CARTESIAN_POINT('Ctrl Pts',(-26.4546537734627,1.94758047401195,-9.29935210728291));
#1387=CARTESIAN_POINT('Ctrl Pts',(-28.4244663187842,1.67225822712974,-8.75601657917576));
#1388=CARTESIAN_POINT('Ctrl Pts',(-29.7712647433613,1.33138560705214,-8.4007723034142));
#1389=CARTESIAN_POINT('Ctrl Pts',(-30.5135578485597,1.06723611874201,-8.20970549808893));
#1390=CARTESIAN_POINT('Ctrl Pts',(-31.0442292540582,0.819952228695282,-8.07537469629606));
#1391=CARTESIAN_POINT('Ctrl Pts',(-31.4423685785934,0.548238482465455,-7.97631782773978));
#1392=CARTESIAN_POINT('Ctrl Pts',(-31.6716189979839,0.258888959422643,-7.91985170578142));
#1393=CARTESIAN_POINT('Ctrl Pts',(-31.7440684318796,-0.000645949720491533,
-7.90208998297061));
#1394=CARTESIAN_POINT('Ctrl Pts',(-31.6709872273153,-0.259753233520031,
-7.92000685813554));
#1395=CARTESIAN_POINT('Ctrl Pts',(-31.4994068139691,-0.47663607582399,-7.96227117138886));
#1396=CARTESIAN_POINT('Ctrl Pts',(-31.2813789226421,-0.657560918377814,
-8.01636623577633));
#1397=CARTESIAN_POINT('Ctrl Pts',(-30.9146371392355,-0.887119269205756,
-8.1080583561176));
#1398=CARTESIAN_POINT('Ctrl Pts',(-30.4660342417065,-1.08551317221048,-8.22182238781439));
#1399=CARTESIAN_POINT('Ctrl Pts',(-29.7222260554643,-1.34389979749397,-8.41371462796228));
#1400=CARTESIAN_POINT('Ctrl Pts',(-28.4230628794346,-1.67268575659341,-8.75638309022053));
#1401=CARTESIAN_POINT('Ctrl Pts',(-27.0430881793312,-1.86502549963802,-9.13705383647327));
#1402=CARTESIAN_POINT('Ctrl Pts',(-25.4650961497436,-1.98630070850702,-9.5851830401037));
#1403=CARTESIAN_POINT('Ctrl Pts',(-24.6720178206182,-2.00691687152717,-9.81510902110445));
#1404=CARTESIAN_POINT('Ctrl Pts',(-24.0793656745343,-1.99999999999777,-9.98893410780668));
#1405=CARTESIAN_POINT('Ctrl Pts',(-24.1371978290258,2.04522416575229,-10.1501342406055));
#1406=CARTESIAN_POINT('Ctrl Pts',(-24.9234108833982,2.06761229448514,-9.90453293501698));
#1407=CARTESIAN_POINT('Ctrl Pts',(-26.5023957181999,2.02478010660848,-9.41566297449729));
#1408=CARTESIAN_POINT('Ctrl Pts',(-28.4667238971543,1.75365509973097,-8.82922407725267));
#1409=CARTESIAN_POINT('Ctrl Pts',(-29.8104032335153,1.40263509401763,-8.44355599447362));
#1410=CARTESIAN_POINT('Ctrl Pts',(-30.5510909886585,1.12704407327663,-8.23553487248116));
#1411=CARTESIAN_POINT('Ctrl Pts',(-31.0806710411324,0.867437799073715,-8.08904581072146));
#1412=CARTESIAN_POINT('Ctrl Pts',(-31.4780212528814,0.580683972461156,-7.98083935477783));
#1413=CARTESIAN_POINT('Ctrl Pts',(-31.7068275276906,0.274388254194146,-7.9191041856595));
#1414=CARTESIAN_POINT('Ctrl Pts',(-31.7791376392785,-0.000685441898004508,
-7.89967636233328));
#1415=CARTESIAN_POINT('Ctrl Pts',(-31.7061969277212,-0.275303093573072,
-7.9192736054358));
#1416=CARTESIAN_POINT('Ctrl Pts',(-31.5349490940074,-0.504887686916824,
-7.96548214550099));
#1417=CARTESIAN_POINT('Ctrl Pts',(-31.3173506066618,-0.696057817532665,
-8.02458718791171));
#1418=CARTESIAN_POINT('Ctrl Pts',(-30.951342495927,-0.938061460712976,-8.12469980167723));
#1419=CARTESIAN_POINT('Ctrl Pts',(-30.5036695137527,-1.14616960606565,-8.24874360012767));
#1420=CARTESIAN_POINT('Ctrl Pts',(-29.7614729665194,-1.41551537919707,-8.45759957226816));
#1421=CARTESIAN_POINT('Ctrl Pts',(-28.465338907947,-1.75412124054311,-8.82963981818354));
#1422=CARTESIAN_POINT('Ctrl Pts',(-27.0891756372068,-1.94343249716334,-9.24046845603525));
#1423=CARTESIAN_POINT('Ctrl Pts',(-25.5166672280132,-2.05179461144046,-9.72089864133135));
#1424=CARTESIAN_POINT('Ctrl Pts',(-24.7268576194992,-2.06201526229468,-9.96593326151074));
#1425=CARTESIAN_POINT('Ctrl Pts',(-24.1371978287206,-2.04522416573631,-10.1501342407023));
#1426=CARTESIAN_POINT('Ctrl Pts',(-24.212814632735,2.26225280780003,-10.3609069323362));
#1427=CARTESIAN_POINT('Ctrl Pts',(-24.9966576697575,2.28590548046059,-10.087214598626));
#1428=CARTESIAN_POINT('Ctrl Pts',(-26.571654676776,2.23594245009394,-9.54488640555108));
#1429=CARTESIAN_POINT('Ctrl Pts',(-28.5324670833358,1.93387217490143,-8.90098987513408));
#1430=CARTESIAN_POINT('Ctrl Pts',(-29.8739784989138,1.54556994381108,-8.47992090252969));
#1431=CARTESIAN_POINT('Ctrl Pts',(-30.6135769069342,1.24137201513283,-8.25362841580627));
#1432=CARTESIAN_POINT('Ctrl Pts',(-31.1423827930476,0.955136631372868,-8.09453790771478));
#1433=CARTESIAN_POINT('Ctrl Pts',(-31.5391784898146,0.639257291970795,-7.97729590042533));
#1434=CARTESIAN_POINT('Ctrl Pts',(-31.767666469425,0.302031985580972,-7.9104744876419));
#1435=CARTESIAN_POINT('Ctrl Pts',(-31.8398774769098,-0.000754409039930802,
-7.88946016568263));
#1436=CARTESIAN_POINT('Ctrl Pts',(-31.7670369218882,-0.303039037210378,
-7.91065832684828));
#1437=CARTESIAN_POINT('Ctrl Pts',(-31.5960266028278,-0.555807434495403,
-7.96067215346256));
#1438=CARTESIAN_POINT('Ctrl Pts',(-31.3787326611682,-0.766349478309613,
-8.02469783175236));
#1439=CARTESIAN_POINT('Ctrl Pts',(-31.0132428838613,-1.03298317687073,-8.1332444006934));
#1440=CARTESIAN_POINT('Ctrl Pts',(-30.5662188848005,-1.26247330065053,-8.26796520411357));
#1441=CARTESIAN_POINT('Ctrl Pts',(-29.8251382571313,-1.55981663696802,-8.49528849133421));
#1442=CARTESIAN_POINT('Ctrl Pts',(-28.5310510532244,-1.93439003100214,-8.9013409912889));
#1443=CARTESIAN_POINT('Ctrl Pts',(-27.1574218037208,-2.14531221788779,-9.35264317347355));
#1444=CARTESIAN_POINT('Ctrl Pts',(-25.5883757219693,-2.2674394878714,-9.883377545186));
#1445=CARTESIAN_POINT('Ctrl Pts',(-24.8006969101968,-2.27999231228853,-10.155637682161));
#1446=CARTESIAN_POINT('Ctrl Pts',(-24.2128146324308,-2.2622528077834,-10.3609069324442));
#1447=CARTESIAN_POINT('Ctrl Pts',(-24.2246853371115,2.49016714795984,-10.3939950845792));
#1448=CARTESIAN_POINT('Ctrl Pts',(-25.0135941388386,2.50036508103161,-10.1090440459552));
#1449=CARTESIAN_POINT('Ctrl Pts',(-26.596940080516,2.42158111003758,-9.55040643114067));
#1450=CARTESIAN_POINT('Ctrl Pts',(-28.5649952197462,2.07844991676087,-8.89421369856866));
#1451=CARTESIAN_POINT('Ctrl Pts',(-29.9108062929354,1.65490169082545,-8.4690933335038));
#1452=CARTESIAN_POINT('Ctrl Pts',(-30.6525297356951,1.32673558683769,-8.24139282335347));
#1453=CARTESIAN_POINT('Ctrl Pts',(-31.1828183350861,1.01948072758957,-8.0818618816317));
#1454=CARTESIAN_POINT('Ctrl Pts',(-31.5806599625334,0.681747466500372,-7.96458167484514));
#1455=CARTESIAN_POINT('Ctrl Pts',(-31.8097416592271,0.321963965555046,-7.89786492333236));
#1456=CARTESIAN_POINT('Ctrl Pts',(-31.8821367523822,-0.000803465334315661,
-7.87689551391385));
#1457=CARTESIAN_POINT('Ctrl Pts',(-31.8091101819017,-0.323038618624847,
-7.89804768192054));
#1458=CARTESIAN_POINT('Ctrl Pts',(-31.6376567102275,-0.592715455305901,
-7.94798676168258));
#1459=CARTESIAN_POINT('Ctrl Pts',(-31.4197901882733,-0.817632333966378,
-8.01199532599028));
#1460=CARTESIAN_POINT('Ctrl Pts',(-31.0533186548406,-1.10294608469499,-8.1206471459274));
#1461=CARTESIAN_POINT('Ctrl Pts',(-30.6050477759244,-1.34944048255271,-8.25582103540973));
#1462=CARTESIAN_POINT('Ctrl Pts',(-29.8617908574531,-1.67045200203219,-8.48455014343182));
#1463=CARTESIAN_POINT('Ctrl Pts',(-28.563630698865,-2.07898026706979,-8.89474894828876));
#1464=CARTESIAN_POINT('Ctrl Pts',(-27.1848075626255,-2.31869589807637,-9.35429152922985));
#1465=CARTESIAN_POINT('Ctrl Pts',(-25.6085156063972,-2.47106136160848,-9.8993099849761));
#1466=CARTESIAN_POINT('Ctrl Pts',(-24.8163669380999,-2.49781559776215,-10.1802818057225));
#1467=CARTESIAN_POINT('Ctrl Pts',(-24.2246853368052,-2.49016714794843,-10.3939950846915));
#1468=CARTESIAN_POINT('Ctrl Pts',(-24.214630854237,2.61553523279752,-10.3659694300135));
#1469=CARTESIAN_POINT('Ctrl Pts',(-25.0085842034926,2.61850391848155,-10.0803816964757));
#1470=CARTESIAN_POINT('Ctrl Pts',(-26.6001615364068,2.52486446403551,-9.52171337540054));
#1471=CARTESIAN_POINT('Ctrl Pts',(-28.5768614815622,2.16042997214689,-8.8700497368971));
#1472=CARTESIAN_POINT('Ctrl Pts',(-29.9279822140112,1.71800044211572,-8.44977989752305));
#1473=CARTESIAN_POINT('Ctrl Pts',(-30.6725855057714,1.37653978395329,-8.22544391135558));
#1474=CARTESIAN_POINT('Ctrl Pts',(-31.2048713600728,1.05738423344941,-8.06853474481444));
#1475=CARTESIAN_POINT('Ctrl Pts',(-31.6042019591077,0.706957684846007,-7.95346555435628));
#1476=CARTESIAN_POINT('Ctrl Pts',(-31.8341312163267,0.333840083312694,-7.88808440609888));
#1477=CARTESIAN_POINT('Ctrl Pts',(-31.906794442871,-0.000833057325019413,
-7.86755011273009));
#1478=CARTESIAN_POINT('Ctrl Pts',(-31.8334976069227,-0.33495431716469,-7.88826385260786));
#1479=CARTESIAN_POINT('Ctrl Pts',(-31.6614090021133,-0.614626393871588,
-7.93720169006457));
#1480=CARTESIAN_POINT('Ctrl Pts',(-31.4427306988408,-0.847949512647053,
-7.99998635099248));
#1481=CARTESIAN_POINT('Ctrl Pts',(-31.0748869005201,-1.14405249207969,-8.10666690507914));
#1482=CARTESIAN_POINT('Ctrl Pts',(-30.6249144813311,-1.40014655218856,-8.23962895596835));
#1483=CARTESIAN_POINT('Ctrl Pts',(-29.8787892826793,-1.73423639733925,-8.46509259243241));
#1484=CARTESIAN_POINT('Ctrl Pts',(-28.5754440929202,-2.1610030873851,-8.87048286066909));
#1485=CARTESIAN_POINT('Ctrl Pts',(-27.1906635193189,-2.41558167950896,-9.32706105175817));
#1486=CARTESIAN_POINT('Ctrl Pts',(-25.6065381632692,-2.58365891132722,-9.87051941399843));
#1487=CARTESIAN_POINT('Ctrl Pts',(-24.8100958658701,-2.61776174706188,-10.1517786299717));
#1488=CARTESIAN_POINT('Ctrl Pts',(-24.2146308539288,-2.61553523278892,-10.3659694301262));
#1489=CARTESIAN_POINT('',(-24.0503572568305,-1.99999999999644,-9.9080766530952));
#1490=CARTESIAN_POINT('',(-24.2146308539288,-2.61553523278892,-10.3659694301262));
#1491=CARTESIAN_POINT('Origin',(-24.0503572568305,-2.49999999999644,-9.90807665307028));
#1492=CARTESIAN_POINT('Ctrl Pts',(-24.2146308539288,-2.61553523278892,-10.3659694301262));
#1493=CARTESIAN_POINT('Ctrl Pts',(-24.8100958658701,-2.61776174706188,-10.1517786299717));
#1494=CARTESIAN_POINT('Ctrl Pts',(-25.6065381632692,-2.58365891132722,-9.87051941399843));
#1495=CARTESIAN_POINT('Ctrl Pts',(-27.1906635193189,-2.41558167950896,-9.32706105175817));
#1496=CARTESIAN_POINT('Ctrl Pts',(-28.5754440929202,-2.1610030873851,-8.87048286066909));
#1497=CARTESIAN_POINT('Ctrl Pts',(-29.8787892826793,-1.73423639733925,-8.46509259243241));
#1498=CARTESIAN_POINT('Ctrl Pts',(-30.6249144813311,-1.40014655218856,-8.23962895596835));
#1499=CARTESIAN_POINT('Ctrl Pts',(-31.0748869005201,-1.14405249207969,-8.10666690507914));
#1500=CARTESIAN_POINT('Ctrl Pts',(-31.4427306988408,-0.847949512647053,
-7.99998635099248));
#1501=CARTESIAN_POINT('Ctrl Pts',(-31.6614090021133,-0.614626393871588,
-7.93720169006457));
#1502=CARTESIAN_POINT('Ctrl Pts',(-31.8334976069227,-0.33495431716469,-7.88826385260786));
#1503=CARTESIAN_POINT('Ctrl Pts',(-31.906794442871,-0.000833057325019413,
-7.86755011273009));
#1504=CARTESIAN_POINT('Ctrl Pts',(-31.8341312163267,0.333840083312694,-7.88808440609888));
#1505=CARTESIAN_POINT('Ctrl Pts',(-31.6042019591077,0.706957684846007,-7.95346555435628));
#1506=CARTESIAN_POINT('Ctrl Pts',(-31.2048713600728,1.05738423344941,-8.06853474481444));
#1507=CARTESIAN_POINT('Ctrl Pts',(-30.6725855057714,1.37653978395329,-8.22544391135558));
#1508=CARTESIAN_POINT('Ctrl Pts',(-29.9279822140112,1.71800044211572,-8.44977989752305));
#1509=CARTESIAN_POINT('Ctrl Pts',(-28.5768614815622,2.16042997214689,-8.8700497368971));
#1510=CARTESIAN_POINT('Ctrl Pts',(-26.6001615364068,2.52486446403551,-9.52171337540054));
#1511=CARTESIAN_POINT('Ctrl Pts',(-25.0085842034926,2.61850391848155,-10.0803816964757));
#1512=CARTESIAN_POINT('Ctrl Pts',(-24.214630854237,2.61553523279752,-10.3659694300135));
#1513=CARTESIAN_POINT('Ctrl Pts',(-24.0503572571381,2.00000000000356,-9.90807665298876));
#1514=CARTESIAN_POINT('Ctrl Pts',(-24.8425817249085,1.99999999998964,-9.68070191453518));
#1515=CARTESIAN_POINT('Ctrl Pts',(-26.4307438992646,1.92339023045387,-9.23524271324042));
#1516=CARTESIAN_POINT('Ctrl Pts',(-28.4033246815736,1.6392236705681,-8.71317406488365));
#1517=CARTESIAN_POINT('Ctrl Pts',(-29.751689112771,1.29963974826978,-8.37458687911278));
#1518=CARTESIAN_POINT('Ctrl Pts',(-30.4947889608551,1.03942916861391,-8.19319940847731));
#1519=CARTESIAN_POINT('Ctrl Pts',(-31.0260071311613,0.797233731301986,-8.06599627332486));
#1520=CARTESIAN_POINT('Ctrl Pts',(-31.4245418972994,0.532418402258714,-7.97243438426935));
#1521=CARTESIAN_POINT('Ctrl Pts',(-31.6540145616943,0.251257336305705,-7.91917571777113));
#1522=CARTESIAN_POINT('Ctrl Pts',(-31.7265337314335,-0.000626220505880964,
-7.9024340017569));
#1523=CARTESIAN_POINT('Ctrl Pts',(-31.6533822094283,-0.252096900663665,
-7.9193219602428));
#1524=CARTESIAN_POINT('Ctrl Pts',(-31.481635344082,-0.462843187036084,-7.95918571564359));
#1525=CARTESIAN_POINT('Ctrl Pts',(-31.2633924215918,-0.63896473578614,-8.0102609622704));
#1526=CARTESIAN_POINT('Ctrl Pts',(-30.8962830392177,-0.862921754912875,
-8.09692862983824));
#1527=CARTESIAN_POINT('Ctrl Pts',(-30.4472138118631,-1.05739068329381,-8.2046852979622));
#1528=CARTESIAN_POINT('Ctrl Pts',(-29.7025965632596,-1.31210219029587,-8.38692233327844));
#1529=CARTESIAN_POINT('Ctrl Pts',(-28.4019101524421,-1.63965714138954,-8.71352372564898));
#1530=CARTESIAN_POINT('Ctrl Pts',(-27.0200154300644,-1.83819253375513,-9.07929919409216));
#1531=CARTESIAN_POINT('Ctrl Pts',(-25.4392526760168,-1.9714629268183,-9.51336470462526));
#1532=CARTESIAN_POINT('Ctrl Pts',(-24.6445256076579,-1.99999999999365,-9.7375455992374));
#1533=CARTESIAN_POINT('Ctrl Pts',(-24.0503572568305,-1.99999999999644,-9.90807665307847));
#1534=CARTESIAN_POINT('Ctrl Pts',(-24.0503572568266,-1.99999999999644,-9.90807665307153));
#1535=CARTESIAN_POINT('Ctrl Pts',(-23.3682433993457,-1.99999999999636,-10.1527917973448));
#1536=CARTESIAN_POINT('Ctrl Pts',(-22.6847732042093,-1.99999999999627,-10.3937260263086));
#1537=CARTESIAN_POINT('Ctrl Pts',(-21.9999999999987,-1.99999999999618,-10.6308978526273));
#1538=CARTESIAN_POINT('Ctrl Pts',(-24.0793656745306,-1.99999999999641,-9.98893410780041));
#1539=CARTESIAN_POINT('Ctrl Pts',(-23.3968674039409,-2.00000090234288,-10.2335199396895));
#1540=CARTESIAN_POINT('Ctrl Pts',(-22.7130265652395,-1.999999233665,-10.4743446057725));
#1541=CARTESIAN_POINT('Ctrl Pts',(-22.0278879813889,-1.99999999999616,-10.7114172915163));
#1542=CARTESIAN_POINT('Ctrl Pts',(-24.1371973793989,-2.04522359834422,-10.1501329882765));
#1543=CARTESIAN_POINT('Ctrl Pts',(-23.4539352034908,-2.04495507725317,-10.3944666887088));
#1544=CARTESIAN_POINT('Ctrl Pts',(-22.7693556333569,-2.04471463006199,-10.6350759831069));
#1545=CARTESIAN_POINT('Ctrl Pts',(-22.083490615424,-2.04448888576958,-10.8719557267166));
#1546=CARTESIAN_POINT('Ctrl Pts',(-24.2128156779098,-2.26225285606943,-10.3609098465973));
#1547=CARTESIAN_POINT('Ctrl Pts',(-23.5287062395803,-2.26080724423265,-10.6053251065303));
#1548=CARTESIAN_POINT('Ctrl Pts',(-22.8432712553562,-2.25948246069191,-10.845996469811));
#1549=CARTESIAN_POINT('Ctrl Pts',(-22.1565746251514,-2.25826436817856,-11.0829671790228));
#1550=CARTESIAN_POINT('Ctrl Pts',(-24.224685336802,-2.49016714794732,-10.393995084693));
#1551=CARTESIAN_POINT('Ctrl Pts',(-23.5407206480668,-2.48781654098992,-10.6392155792752));
#1552=CARTESIAN_POINT('Ctrl Pts',(-22.8554287664988,-2.48567605530547,-10.8806626103182));
#1553=CARTESIAN_POINT('Ctrl Pts',(-22.1688162938016,-2.48368600688958,-11.1183118774071));
#1554=CARTESIAN_POINT('Ctrl Pts',(-24.2146308539248,-2.61553523278891,-10.3659694301276));
#1555=CARTESIAN_POINT('Ctrl Pts',(-23.5310284107376,-2.6129791622074,-10.611863565565));
#1556=CARTESIAN_POINT('Ctrl Pts',(-22.8460479077874,-2.61063546118031,-10.8538981995904));
#1557=CARTESIAN_POINT('Ctrl Pts',(-22.1597420328387,-2.60846083163469,-11.0921122614922));
#1558=CARTESIAN_POINT('',(-21.9999999999994,-1.99999999999618,-10.6308978526273));
#1559=CARTESIAN_POINT('',(-22.1597420328387,-2.60846083163469,-11.0921122614922));
#1560=CARTESIAN_POINT('Origin',(-21.9999999999987,-2.49999999999618,-10.6308978526275));
#1561=CARTESIAN_POINT('Ctrl Pts',(-22.1597420328387,-2.60846083163469,-11.0921122614922));
#1562=CARTESIAN_POINT('Ctrl Pts',(-22.8460479077874,-2.61063546118031,-10.8538981995904));
#1563=CARTESIAN_POINT('Ctrl Pts',(-23.5310284107376,-2.6129791622074,-10.611863565565));
#1564=CARTESIAN_POINT('Ctrl Pts',(-24.2146308539248,-2.61553523278891,-10.3659694301276));
#1565=CARTESIAN_POINT('Ctrl Pts',(-24.0503572568266,-1.99999999999644,-9.90807665307153));
#1566=CARTESIAN_POINT('Ctrl Pts',(-23.3682433993457,-1.99999999999636,-10.1527917973448));
#1567=CARTESIAN_POINT('Ctrl Pts',(-22.6847732042093,-1.99999999999627,-10.3937260263086));
#1568=CARTESIAN_POINT('Ctrl Pts',(-21.9999999999987,-1.99999999999618,-10.6308978526273));
#1569=CARTESIAN_POINT('Ctrl Pts',(-21.1574899290565,-1.56324279141987,-11.6253299237305));
#1570=CARTESIAN_POINT('Ctrl Pts',(-21.1574899290565,-1.68571396376883,-11.6088613866148));
#1571=CARTESIAN_POINT('Ctrl Pts',(-21.1995974694737,-1.92784258038617,-11.5580947667521));
#1572=CARTESIAN_POINT('Ctrl Pts',(-21.3901574450237,-2.27239678543332,-11.430689129125));
#1573=CARTESIAN_POINT('Ctrl Pts',(-21.7160652289953,-2.53682087363794,-11.2624905879592));
#1574=CARTESIAN_POINT('Ctrl Pts',(-22.0100155289875,-2.60798640807072,-11.1440817403481));
#1575=CARTESIAN_POINT('Ctrl Pts',(-22.1597420328387,-2.60846083163469,-11.0921122614922));
#1576=CARTESIAN_POINT('Ctrl Pts',(-21.2140001895114,-1.56074343221869,-11.606742999504));
#1577=CARTESIAN_POINT('Ctrl Pts',(-21.2147099289547,-1.67574357484927,-11.5910433501662));
#1578=CARTESIAN_POINT('Ctrl Pts',(-21.2566020767508,-1.90295650448368,-11.542821699923));
#1579=CARTESIAN_POINT('Ctrl Pts',(-21.4411682368618,-2.2241753314651,-11.4226914359532));
#1580=CARTESIAN_POINT('Ctrl Pts',(-21.752492116852,-2.4663568832387,-11.2656782088228));
#1581=CARTESIAN_POINT('Ctrl Pts',(-22.0275117597897,-2.527113222553,-11.156941122659));
#1582=CARTESIAN_POINT('Ctrl Pts',(-22.1657915401474,-2.52527761513797,-11.1095786721021));
#1583=CARTESIAN_POINT('Ctrl Pts',(-21.3201377528494,-1.55302537663584,-11.5493463218973));
#1584=CARTESIAN_POINT('Ctrl Pts',(-21.3220863762099,-1.65281627977167,-11.5346958591829));
#1585=CARTESIAN_POINT('Ctrl Pts',(-21.3629608401485,-1.84953313605351,-11.4899336959392));
#1586=CARTESIAN_POINT('Ctrl Pts',(-21.5338705638204,-2.12256595134806,-11.3797429037216));
#1587=CARTESIAN_POINT('Ctrl Pts',(-21.8136428642086,-2.31821449280684,-11.2384370552637));
#1588=CARTESIAN_POINT('Ctrl Pts',(-22.0490168372749,-2.35675964641068,-11.1438930339283));
#1589=CARTESIAN_POINT('Ctrl Pts',(-22.1636394997112,-2.34977817575144,-11.103365203799));
#1590=CARTESIAN_POINT('Ctrl Pts',(-21.4592069707358,-1.53171536875854,-11.3908707008289));
#1591=CARTESIAN_POINT('Ctrl Pts',(-21.4618826056953,-1.60727951095613,-11.3764522420117));
#1592=CARTESIAN_POINT('Ctrl Pts',(-21.4972235238593,-1.75542801262096,-11.3322458010752));
#1593=CARTESIAN_POINT('Ctrl Pts',(-21.6369517757392,-1.95467923243528,-11.2233141627945));
#1594=CARTESIAN_POINT('Ctrl Pts',(-21.8572283822148,-2.08477963661902,-11.0839749637049));
#1595=CARTESIAN_POINT('Ctrl Pts',(-22.0304097894074,-2.09699263935274,-10.9914782679288));
#1596=CARTESIAN_POINT('Ctrl Pts',(-22.1111952008378,-2.08541155682328,-10.9519456564615));
#1597=CARTESIAN_POINT('Ctrl Pts',(-21.5,-1.51190247155161,-11.2435286065364));
#1598=CARTESIAN_POINT('Ctrl Pts',(-21.5014095505042,-1.57514207174905,-11.2282519266576));
#1599=CARTESIAN_POINT('Ctrl Pts',(-21.5284657385948,-1.69951175935148,-11.1808978395974));
#1600=CARTESIAN_POINT('Ctrl Pts',(-21.640246083106,-1.86948459237388,-11.0621994901378));
#1601=CARTESIAN_POINT('Ctrl Pts',(-21.8206187538514,-1.98699497574053,-10.9066436255404));
#1602=CARTESIAN_POINT('Ctrl Pts',(-21.9697838540011,-2.00635456618426,-10.7987379153785));
#1603=CARTESIAN_POINT('Ctrl Pts',(-22.0418319720845,-1.99999999999619,-10.7516770109608));
#1604=CARTESIAN_POINT('Ctrl Pts',(-21.5,-1.499999999996,-11.1550137836942));
#1605=CARTESIAN_POINT('Ctrl Pts',(-21.5,-1.55875822985359,-11.1392115002555));
#1606=CARTESIAN_POINT('Ctrl Pts',(-21.5210061518428,-1.6748884716693,-11.0899699484623));
#1607=CARTESIAN_POINT('Ctrl Pts',(-21.616070971774,-1.83996048836653,-10.9653443915113));
#1608=CARTESIAN_POINT('Ctrl Pts',(-21.7786579833756,-1.96633293079508,-10.7999107982559));
#1609=CARTESIAN_POINT('Ctrl Pts',(-21.9253039340471,-1.99999999999607,-10.6826399543096));
#1610=CARTESIAN_POINT('Ctrl Pts',(-21.9999999999994,-1.99999999999618,-10.6308978526273));
#1611=CARTESIAN_POINT('',(-21.5,-1.499999999996,-11.1550137836942));
#1612=CARTESIAN_POINT('Ctrl Pts',(-21.9999999999994,-1.99999999999618,-10.6308978526273));
#1613=CARTESIAN_POINT('Ctrl Pts',(-21.9253039340471,-1.99999999999607,-10.6826399543096));
#1614=CARTESIAN_POINT('Ctrl Pts',(-21.7786579833756,-1.96633293079508,-10.7999107982559));
#1615=CARTESIAN_POINT('Ctrl Pts',(-21.616070971774,-1.83996048836653,-10.9653443915113));
#1616=CARTESIAN_POINT('Ctrl Pts',(-21.5210061518428,-1.6748884716693,-11.0899699484623));
#1617=CARTESIAN_POINT('Ctrl Pts',(-21.5,-1.55875822985359,-11.1392115002555));
#1618=CARTESIAN_POINT('Ctrl Pts',(-21.5,-1.499999999996,-11.1550137836942));
#1619=CARTESIAN_POINT('',(-21.1574899290565,-1.56324279141987,-11.6253299237305));
#1620=CARTESIAN_POINT('Origin',(-21.,-1.499999999996,-11.1550137836942));
#1621=CARTESIAN_POINT('Ctrl Pts',(-21.1574899290565,-1.56324279141987,-11.6253299237305));
#1622=CARTESIAN_POINT('Ctrl Pts',(-21.1574899290565,-1.68571396376883,-11.6088613866148));
#1623=CARTESIAN_POINT('Ctrl Pts',(-21.1995974694737,-1.92784258038617,-11.5580947667521));
#1624=CARTESIAN_POINT('Ctrl Pts',(-21.3901574450237,-2.27239678543332,-11.430689129125));
#1625=CARTESIAN_POINT('Ctrl Pts',(-21.7160652289953,-2.53682087363794,-11.2624905879592));
#1626=CARTESIAN_POINT('Ctrl Pts',(-22.0100155289875,-2.60798640807072,-11.1440817403481));
#1627=CARTESIAN_POINT('Ctrl Pts',(-22.1597420328387,-2.60846083163469,-11.0921122614922));
#1628=CARTESIAN_POINT('Ctrl Pts',(-21.5,-1.499999999996,-11.1550137836942));
#1629=CARTESIAN_POINT('Ctrl Pts',(-21.5,-0.505973272700232,-11.2886792474805));
#1630=CARTESIAN_POINT('Ctrl Pts',(-21.5,0.505973272708338,-11.2886792474801));
#1631=CARTESIAN_POINT('Ctrl Pts',(-21.5,1.500000000004,-11.1550137836931));
#1632=CARTESIAN_POINT('Ctrl Pts',(-21.5,-1.51586996207015,-11.2730335474838));
#1633=CARTESIAN_POINT('Ctrl Pts',(-21.5,-0.511307588845714,-11.408115725691));
#1634=CARTESIAN_POINT('Ctrl Pts',(-21.5,0.511307588853906,-11.4081157256906));
#1635=CARTESIAN_POINT('Ctrl Pts',(-21.5,1.51586996207824,-11.2730335474827));
#1636=CARTESIAN_POINT('Ctrl Pts',(-21.4225373201422,-1.54354615545687,-11.4788524266237));
#1637=CARTESIAN_POINT('Ctrl Pts',(-21.4225373201422,-0.520684533086915,
-11.6163952807431));
#1638=CARTESIAN_POINT('Ctrl Pts',(-21.4225373201422,0.520684533095255,-11.6163952807427));
#1639=CARTESIAN_POINT('Ctrl Pts',(-21.4225373201422,1.54354615546511,-11.4788524266226));
#1640=CARTESIAN_POINT('Ctrl Pts',(-21.2422553197388,-1.55949375261809,-11.5974495373908));
#1641=CARTESIAN_POINT('Ctrl Pts',(-21.2422553197388,-0.526028626994045,
-11.7364182306163));
#1642=CARTESIAN_POINT('Ctrl Pts',(-21.2422553197388,0.526028627002471,-11.7364182306159));
#1643=CARTESIAN_POINT('Ctrl Pts',(-21.2422553197388,1.55949375262642,-11.5974495373897));
#1644=CARTESIAN_POINT('Ctrl Pts',(-21.1574899290565,-1.56324279141987,-11.6253299237305));
#1645=CARTESIAN_POINT('Ctrl Pts',(-21.1574899290565,-0.527306047467914,
-11.7646309722147));
#1646=CARTESIAN_POINT('Ctrl Pts',(-21.1574899290565,0.52730604747636,-11.7646309722143));
#1647=CARTESIAN_POINT('Ctrl Pts',(-21.1574899290565,1.56324279142822,-11.6253299237294));
#1648=CARTESIAN_POINT('',(-21.5,1.500000000004,-11.1550137836931));
#1649=CARTESIAN_POINT('',(-21.1574899290565,1.56324279142822,-11.6253299237294));
#1650=CARTESIAN_POINT('Origin',(-21.,1.50000000000401,-11.1550137836931));
#1651=CARTESIAN_POINT('Ctrl Pts',(-21.1574899290565,1.56324279142822,-11.6253299237294));
#1652=CARTESIAN_POINT('Ctrl Pts',(-21.1574899290565,0.52730604747636,-11.7646309722143));
#1653=CARTESIAN_POINT('Ctrl Pts',(-21.1574899290565,-0.527306047467914,
-11.7646309722147));
#1654=CARTESIAN_POINT('Ctrl Pts',(-21.1574899290565,-1.56324279141987,-11.6253299237305));
#1655=CARTESIAN_POINT('Ctrl Pts',(-21.5,-1.499999999996,-11.1550137836942));
#1656=CARTESIAN_POINT('Ctrl Pts',(-21.5,-0.505973272700232,-11.2886792474805));
#1657=CARTESIAN_POINT('Ctrl Pts',(-21.5,0.505973272708338,-11.2886792474801));
#1658=CARTESIAN_POINT('Ctrl Pts',(-21.5,1.500000000004,-11.1550137836931));
#1659=CARTESIAN_POINT('Ctrl Pts',(-22.1597420328387,2.60846083164266,-11.0921122614904));
#1660=CARTESIAN_POINT('Ctrl Pts',(-21.9351522770654,2.60774919629676,-11.170066479773));
#1661=CARTESIAN_POINT('Ctrl Pts',(-21.572277651559,2.47431966614655,-11.3272833380948));
#1662=CARTESIAN_POINT('Ctrl Pts',(-21.2332621114107,2.04724621198665,-11.527426546866));
#1663=CARTESIAN_POINT('Ctrl Pts',(-21.1574899290605,1.7265376879172,-11.6033718742368));
#1664=CARTESIAN_POINT('Ctrl Pts',(-21.1574899290565,1.56324279145469,-11.6253299237259));
#1665=CARTESIAN_POINT('Ctrl Pts',(-22.1657915401474,2.52527761514595,-11.1095786721003));
#1666=CARTESIAN_POINT('Ctrl Pts',(-21.9583718696139,2.5280310262685,-11.1806223479345));
#1667=CARTESIAN_POINT('Ctrl Pts',(-21.6163586439645,2.41087080522085,-11.3256529680873));
#1668=CARTESIAN_POINT('Ctrl Pts',(-21.2896546117675,2.01490325891461,-11.5137370180651));
#1669=CARTESIAN_POINT('Ctrl Pts',(-21.2149465087731,1.71407695575671,-11.5858101337144));
#1670=CARTESIAN_POINT('Ctrl Pts',(-21.2140001895115,1.56074343225187,-11.6067429994995));
#1671=CARTESIAN_POINT('Ctrl Pts',(-22.1636394997112,2.34977817575942,-11.1033652037973));
#1672=CARTESIAN_POINT('Ctrl Pts',(-21.9917055060592,2.36025038174815,-11.1641569489903));
#1673=CARTESIAN_POINT('Ctrl Pts',(-21.6937747139729,2.27756999068035,-11.2914651283636));
#1674=CARTESIAN_POINT('Ctrl Pts',(-21.3944222942842,1.94619371121175,-11.4630170832216));
#1675=CARTESIAN_POINT('Ctrl Pts',(-21.322735917334,1.68607991417783,-11.5298123716059));
#1676=CARTESIAN_POINT('Ctrl Pts',(-21.3201377528498,1.5530253766657,-11.549346321893));
#1677=CARTESIAN_POINT('Ctrl Pts',(-22.1111952008378,2.08541155683115,-10.95194565646));
#1678=CARTESIAN_POINT('Ctrl Pts',(-21.9900170836937,2.10278318062512,-11.0112445736602));
#1679=CARTESIAN_POINT('Ctrl Pts',(-21.7654784998712,2.06322981548676,-11.136070636524));
#1680=CARTESIAN_POINT('Ctrl Pts',(-21.5237196515796,1.82780534982335,-11.3056554992176));
#1681=CARTESIAN_POINT('Ctrl Pts',(-21.4627744840184,1.63246755837802,-11.3716460890673));
#1682=CARTESIAN_POINT('Ctrl Pts',(-21.4592069707364,1.53171536878303,-11.3908707008247));
#1683=CARTESIAN_POINT('Ctrl Pts',(-22.0418319720846,2.00000000000392,-10.7516770109594));
#1684=CARTESIAN_POINT('Ctrl Pts',(-21.9337597949607,2.00953184928592,-10.8222683675849));
#1685=CARTESIAN_POINT('Ctrl Pts',(-21.7440761868109,1.96415357859384,-10.966135570558));
#1686=CARTESIAN_POINT('Ctrl Pts',(-21.5492813097445,1.76052609588521,-11.1522477689268));
#1687=CARTESIAN_POINT('Ctrl Pts',(-21.5018794006748,1.59622193850176,-11.2231597000256));
#1688=CARTESIAN_POINT('Ctrl Pts',(-21.5000000000003,1.51190247157335,-11.243528606532));
#1689=CARTESIAN_POINT('Ctrl Pts',(-21.9999999999994,2.00000000000382,-10.6308978526259));
#1690=CARTESIAN_POINT('Ctrl Pts',(-21.8879559010723,2.0000000000037,-10.7085110051482));
#1691=CARTESIAN_POINT('Ctrl Pts',(-21.7069256900899,1.93658252884401,-10.8638609145261));
#1692=CARTESIAN_POINT('Ctrl Pts',(-21.5378003946906,1.73214401096622,-11.0601201668955));
#1693=CARTESIAN_POINT('Ctrl Pts',(-21.500000000002,1.57834430649215,-11.1339440724367));
#1694=CARTESIAN_POINT('Ctrl Pts',(-21.5,1.50000000001669,-11.1550137836897));
#1695=CARTESIAN_POINT('Ctrl Pts',(-21.5,1.50000000001669,-11.1550137836897));
#1696=CARTESIAN_POINT('Ctrl Pts',(-21.500000000002,1.57834430649215,-11.1339440724367));
#1697=CARTESIAN_POINT('Ctrl Pts',(-21.5378003946906,1.73214401096622,-11.0601201668955));
#1698=CARTESIAN_POINT('Ctrl Pts',(-21.7069256900899,1.93658252884401,-10.8638609145261));
#1699=CARTESIAN_POINT('Ctrl Pts',(-21.8879559010723,2.0000000000037,-10.7085110051482));
#1700=CARTESIAN_POINT('Ctrl Pts',(-21.9999999999994,2.00000000000382,-10.6308978526259));
#1701=CARTESIAN_POINT('Ctrl Pts',(-22.1597420328387,2.60846083164266,-11.0921122614904));
#1702=CARTESIAN_POINT('Ctrl Pts',(-21.9351522770654,2.60774919629676,-11.170066479773));
#1703=CARTESIAN_POINT('Ctrl Pts',(-21.572277651559,2.47431966614655,-11.3272833380948));
#1704=CARTESIAN_POINT('Ctrl Pts',(-21.2332621114107,2.04724621198665,-11.527426546866));
#1705=CARTESIAN_POINT('Ctrl Pts',(-21.1574899290605,1.7265376879172,-11.6033718742368));
#1706=CARTESIAN_POINT('Ctrl Pts',(-21.1574899290565,1.56324279145469,-11.6253299237259));
#1707=CARTESIAN_POINT('Origin',(-21.5,-1.99999999999644,-9.90807665311193));
#1708=CARTESIAN_POINT('',(-22.,-1.99999999999644,-9.90807665311193));
#1709=CARTESIAN_POINT('',(-21.5,-1.99999999999644,-9.90807665311193));
#1710=CARTESIAN_POINT('',(-22.,-1.99999999999585,-11.5489196316979));
#1711=CARTESIAN_POINT('Origin',(-21.5,3.55670787960394E-12,-9.90807665311121));
#1712=CARTESIAN_POINT('',(-22.,2.00000000000356,-9.90807665311049));
#1713=CARTESIAN_POINT('',(-21.5,2.00000000000356,-9.90807665311049));
#1714=CARTESIAN_POINT('Origin',(-22.,3.55670787960394E-12,-9.90807665311121));
#1715=CARTESIAN_POINT('Origin',(-21.5,2.00000000000663,-18.4714485674535));
#1716=CARTESIAN_POINT('',(-22.,2.00000000000568,-15.8306055888679));
#1717=CARTESIAN_POINT('Ctrl Pts',(-40.,4.57986824280199,0.));
#1718=CARTESIAN_POINT('Ctrl Pts',(-40.,4.57986824280199,-4.57986824280199));
#1719=CARTESIAN_POINT('Ctrl Pts',(-40.,-4.89858719658942E-15,-4.579868242802));
#1720=CARTESIAN_POINT('Ctrl Pts',(-40.,-4.579868242802,-4.57986824280199));
#1721=CARTESIAN_POINT('Ctrl Pts',(-40.,-4.579868242802,0.));
#1722=CARTESIAN_POINT('Ctrl Pts',(-40.,-4.579868242802,4.57986824280199));
#1723=CARTESIAN_POINT('Ctrl Pts',(-40.,-4.89858719658942E-15,4.579868242802));
#1724=CARTESIAN_POINT('Ctrl Pts',(-40.,4.57986824280199,4.57986824280199));
#1725=CARTESIAN_POINT('Ctrl Pts',(-40.,4.57986824280199,0.));
#1726=CARTESIAN_POINT('Ctrl Pts',(-18.9823044391289,13.511266989618,0.));
#1727=CARTESIAN_POINT('Ctrl Pts',(-18.9823044391289,13.511266989618,-13.511266989618));
#1728=CARTESIAN_POINT('Ctrl Pts',(-18.9823044391289,-2.32466183718199E-15,
-13.511266989618));
#1729=CARTESIAN_POINT('Ctrl Pts',(-18.9823044391289,-13.511266989618,-13.511266989618));
#1730=CARTESIAN_POINT('Ctrl Pts',(-18.9823044391289,-13.511266989618,0.));
#1731=CARTESIAN_POINT('Ctrl Pts',(-18.9823044391289,-13.511266989618,13.511266989618));
#1732=CARTESIAN_POINT('Ctrl Pts',(-18.9823044391289,-2.32466183718199E-15,
13.511266989618));
#1733=CARTESIAN_POINT('Ctrl Pts',(-18.9823044391289,13.511266989618,13.511266989618));
#1734=CARTESIAN_POINT('Ctrl Pts',(-18.9823044391289,13.511266989618,0.));
#1735=CARTESIAN_POINT('Ctrl Pts',(-2.14313189850787E-15,17.5,0.));
#1736=CARTESIAN_POINT('Ctrl Pts',(-2.14313189850787E-15,17.5,-17.5));
#1737=CARTESIAN_POINT('Ctrl Pts',(0.,0.,-17.5));
#1738=CARTESIAN_POINT('Ctrl Pts',(2.14313189850787E-15,-17.5,-17.5));
#1739=CARTESIAN_POINT('Ctrl Pts',(2.14313189850787E-15,-17.5,0.));
#1740=CARTESIAN_POINT('Ctrl Pts',(2.14313189850787E-15,-17.5,17.5));
#1741=CARTESIAN_POINT('Ctrl Pts',(0.,0.,17.5));
#1742=CARTESIAN_POINT('Ctrl Pts',(-2.14313189850787E-15,17.5,17.5));
#1743=CARTESIAN_POINT('Ctrl Pts',(-2.14313189850787E-15,17.5,0.));
#1744=CARTESIAN_POINT('',(-17.5,12.9080766531112,-1.1177049840165E-31));
#1745=CARTESIAN_POINT('Ctrl Pts',(-17.5,12.9080766531112,-4.6207482284899E-12));
#1746=CARTESIAN_POINT('Ctrl Pts',(-17.5,12.9080766531108,-1.2622221605635));
#1747=CARTESIAN_POINT('Ctrl Pts',(-17.5,12.7229219247709,-2.51994445464236));
#1748=CARTESIAN_POINT('Ctrl Pts',(-17.5,11.8706306261057,-5.34151075649612));
#1749=CARTESIAN_POINT('Ctrl Pts',(-17.5,11.0749742934792,-6.8402158607735));
#1750=CARTESIAN_POINT('Ctrl Pts',(-17.5,8.95397048333831,-9.44828138905207));
#1751=CARTESIAN_POINT('Ctrl Pts',(-17.5,7.64890095828531,-10.5327072850974));
#1752=CARTESIAN_POINT('Ctrl Pts',(-17.5,4.69654356865421,-12.140267177082));
#1753=CARTESIAN_POINT('Ctrl Pts',(-17.5,3.07748184988008,-12.6480320242661));
#1754=CARTESIAN_POINT('Ctrl Pts',(-17.5,-0.264143377032719,-13.014370399661));
#1755=CARTESIAN_POINT('Ctrl Pts',(-17.5,-1.95475912667563,-12.8694415333331));
#1756=CARTESIAN_POINT('Ctrl Pts',(-17.5,-5.1852775161065,-11.9397029152388));
#1757=CARTESIAN_POINT('Ctrl Pts',(-17.5,-6.69429463932294,-11.163781971408));
#1758=CARTESIAN_POINT('Ctrl Pts',(-17.5,-9.32996864481973,-9.07718534072551));
#1759=CARTESIAN_POINT('Ctrl Pts',(-17.5,-10.4314270470542,-7.78645865494623));
#1760=CARTESIAN_POINT('Ctrl Pts',(-17.5,-12.077591069177,-4.85545081212225));
#1761=CARTESIAN_POINT('Ctrl Pts',(-17.5,-12.606558463785,-3.24319168757765));
#1762=CARTESIAN_POINT('Ctrl Pts',(-17.5,-13.0167160431033,0.0933385044863597));
#1763=CARTESIAN_POINT('Ctrl Pts',(-17.5,-12.8939848978021,1.78571052482018));
#1764=CARTESIAN_POINT('Ctrl Pts',(-17.5,-12.0067190735807,5.02815132144171));
#1765=CARTESIAN_POINT('Ctrl Pts',(-17.5,-11.2506671395372,6.54722059644694));
#1766=CARTESIAN_POINT('Ctrl Pts',(-17.5,-9.19883702016685,9.21004919094406));
#1767=CARTESIAN_POINT('Ctrl Pts',(-17.5,-7.92267544911492,10.3283504177189));
#1768=CARTESIAN_POINT('Ctrl Pts',(-17.5,-5.01352190062135,12.0128350848245));
#1769=CARTESIAN_POINT('Ctrl Pts',(-17.5,-3.40834301671449,12.5629139336228));
#1770=CARTESIAN_POINT('Ctrl Pts',(-17.5,-0.0774824418412737,13.0168200838149));
#1771=CARTESIAN_POINT('Ctrl Pts',(-17.5,1.61635440657002,12.9163077950149));
#1772=CARTESIAN_POINT('Ctrl Pts',(-17.5,4.87015923113205,12.0716675603092));
#1773=CARTESIAN_POINT('Ctrl Pts',(-17.5,6.39901905969933,11.3356148354117));
#1774=CARTESIAN_POINT('Ctrl Pts',(-17.5,9.0885436786995,9.31890457208211));
#1775=CARTESIAN_POINT('Ctrl Pts',(-17.5,10.2234951478706,8.0575278829594));
#1776=CARTESIAN_POINT('Ctrl Pts',(-17.5,11.0847527617469,6.61412874788043));
#1777=CARTESIAN_POINT('Ctrl Pts',(-17.5,11.5723895008193,5.79688842852718));
#1778=CARTESIAN_POINT('Ctrl Pts',(-17.5,11.9681557015471,4.92822111060273));
#1779=CARTESIAN_POINT('Ctrl Pts',(-17.5,12.5615035177317,3.11973453766176));
#1780=CARTESIAN_POINT('Ctrl Pts',(-17.5,12.7572695683185,2.18544900940705));
#1781=CARTESIAN_POINT('Ctrl Pts',(-17.5,12.8882831938556,0.825913298511241));
#1782=CARTESIAN_POINT('Ctrl Pts',(-17.5,12.9080766531114,0.412716101748618));
#1783=CARTESIAN_POINT('Ctrl Pts',(-17.5,12.9080766531112,-4.6207482284899E-12));
#1784=CARTESIAN_POINT('',(-36.8986555276216,5.87541736662032,-2.08166817117217E-16));
#1785=CARTESIAN_POINT('Ctrl Pts',(-17.5,12.9080766531112,0.));
#1786=CARTESIAN_POINT('Ctrl Pts',(-26.9688773170697,9.95136403623766,0.));
#1787=CARTESIAN_POINT('Ctrl Pts',(-36.8986555276215,5.87541736662034,0.));
#1788=CARTESIAN_POINT('Ctrl Pts',(-36.8986555276217,5.87541736662029,-2.77555756156289E-16));
#1789=CARTESIAN_POINT('Ctrl Pts',(-36.8986555276217,5.87541736662029,-0.878921103357754));
#1790=CARTESIAN_POINT('Ctrl Pts',(-36.8986555276216,5.47481925535157,-2.63627871764914));
#1791=CARTESIAN_POINT('Ctrl Pts',(-36.8986555276217,3.78858661238442,-4.75049582416265));
#1792=CARTESIAN_POINT('Ctrl Pts',(-36.8986555276216,1.35206609380976,-5.92424928300553));
#1793=CARTESIAN_POINT('Ctrl Pts',(-36.8986555276217,-1.05136467854167,-5.923509319122));
#1794=CARTESIAN_POINT('Ctrl Pts',(-36.8986555276216,-2.98174326171085,-5.16440663338759));
#1795=CARTESIAN_POINT('Ctrl Pts',(-36.8986555276217,-4.37177772933418,-4.05673892810717));
#1796=CARTESIAN_POINT('Ctrl Pts',(-36.8986555276216,-5.20625419930378,-2.83227598839949));
#1797=CARTESIAN_POINT('Ctrl Pts',(-36.8986555276217,-5.63514417868479,-1.73840050508629));
#1798=CARTESIAN_POINT('Ctrl Pts',(-36.8986555276216,-5.89734782648197,-0.592474592050369));
#1799=CARTESIAN_POINT('Ctrl Pts',(-36.8986555276217,-5.89684876963516,0.888567650629522));
#1800=CARTESIAN_POINT('Ctrl Pts',(-36.8986555276215,-5.28671386667303,2.8711935793247));
#1801=CARTESIAN_POINT('Ctrl Pts',(-36.8986555276218,-3.7889044730524,4.7506701999889));
#1802=CARTESIAN_POINT('Ctrl Pts',(-36.8986555276216,-1.35201711636519,5.92396626005891));
#1803=CARTESIAN_POINT('Ctrl Pts',(-36.8986555276217,1.35212357163387,5.92396139134035));
#1804=CARTESIAN_POINT('Ctrl Pts',(-36.8986555276216,3.78845082707924,4.75073077697899));
#1805=CARTESIAN_POINT('Ctrl Pts',(-36.8986555276217,5.47478782182274,2.63632852204129));
#1806=CARTESIAN_POINT('Ctrl Pts',(-36.8986555276217,5.87541736662029,0.878921103357753));
#1807=CARTESIAN_POINT('Ctrl Pts',(-36.8986555276217,5.87541736662029,-4.16333634234434E-16));
#1808=CARTESIAN_POINT('',(-22.1597420328387,2.60846083164266,11.0921122614904));
#1809=CARTESIAN_POINT('',(-24.2146308539288,2.61553523279636,10.3659694301243));
#1810=CARTESIAN_POINT('Ctrl Pts',(-22.1597420328387,2.60846083164266,11.0921122614904));
#1811=CARTESIAN_POINT('Ctrl Pts',(-22.8460479077887,2.6106354611881,10.853898199588));
#1812=CARTESIAN_POINT('Ctrl Pts',(-23.5310284107403,2.61297916221503,10.6118635655622));
#1813=CARTESIAN_POINT('Ctrl Pts',(-24.2146308539288,2.61553523279636,10.3659694301243));
#1814=CARTESIAN_POINT('',(-21.1574899290565,1.56324279142823,11.6253299237294));
#1815=CARTESIAN_POINT('Ctrl Pts',(-21.1574899290565,1.56324279142823,11.6253299237294));
#1816=CARTESIAN_POINT('Ctrl Pts',(-21.1574899290565,1.68571396377717,11.6088613866136));
#1817=CARTESIAN_POINT('Ctrl Pts',(-21.1995974694737,1.9278425803945,11.5580947667507));
#1818=CARTESIAN_POINT('Ctrl Pts',(-21.3901574450237,2.27239678544153,11.4306891291234));
#1819=CARTESIAN_POINT('Ctrl Pts',(-21.7160652289954,2.53682087364602,11.2624905879574));
#1820=CARTESIAN_POINT('Ctrl Pts',(-22.0100155289875,2.60798640807872,11.1440817403462));
#1821=CARTESIAN_POINT('Ctrl Pts',(-22.1597420328387,2.60846083164266,11.0921122614904));
#1822=CARTESIAN_POINT('',(-21.1574899290565,-1.56324279141988,11.6253299237305));
#1823=CARTESIAN_POINT('Ctrl Pts',(-21.1574899290565,-1.56324279141987,11.6253299237305));
#1824=CARTESIAN_POINT('Ctrl Pts',(-21.1574899290565,-0.527306047467913,
11.7646309722147));
#1825=CARTESIAN_POINT('Ctrl Pts',(-21.1574899290565,0.527306047476363,11.7646309722143));
#1826=CARTESIAN_POINT('Ctrl Pts',(-21.1574899290565,1.56324279142823,11.6253299237294));
#1827=CARTESIAN_POINT('',(-22.1597420328387,-2.6084608316347,11.0921122614922));
#1828=CARTESIAN_POINT('Ctrl Pts',(-22.1597420328387,-2.6084608316347,11.0921122614922));
#1829=CARTESIAN_POINT('Ctrl Pts',(-21.9351504922025,-2.60774919063322,11.1700670992937));
#1830=CARTESIAN_POINT('Ctrl Pts',(-21.5722856511751,-2.47432371297531,11.3272796047029));
#1831=CARTESIAN_POINT('Ctrl Pts',(-21.2332636858705,-2.04725229725939,11.5274249280736));
#1832=CARTESIAN_POINT('Ctrl Pts',(-21.1574899290605,-1.72653898564854,11.6033716997327));
#1833=CARTESIAN_POINT('Ctrl Pts',(-21.1574899290565,-1.56324279144635,11.625329923727));
#1834=CARTESIAN_POINT('',(-24.2146308539288,-2.61553523278892,10.3659694301262));
#1835=CARTESIAN_POINT('Ctrl Pts',(-24.2146308539288,-2.61553523278892,10.3659694301262));
#1836=CARTESIAN_POINT('Ctrl Pts',(-23.5310284108409,-2.61297916220779,10.6118635655279));
#1837=CARTESIAN_POINT('Ctrl Pts',(-22.8460479079904,-2.610635461181,10.8538981995186));
#1838=CARTESIAN_POINT('Ctrl Pts',(-22.1597420331418,-2.60846083163566,11.092112261387));
#1839=CARTESIAN_POINT('Ctrl Pts',(-24.214630854237,2.61553523279752,10.3659694300135));
#1840=CARTESIAN_POINT('Ctrl Pts',(-25.0085842034779,2.6185039184815,10.080381696481));
#1841=CARTESIAN_POINT('Ctrl Pts',(-26.5992141994666,2.5248881590022,9.52204630951275));
#1842=CARTESIAN_POINT('Ctrl Pts',(-28.5748348443954,2.16106696913525,8.87070281968695));
#1843=CARTESIAN_POINT('Ctrl Pts',(-29.9269954483413,1.71827423487772,8.45008021071003));
#1844=CARTESIAN_POINT('Ctrl Pts',(-30.671323040224,1.37719178720638,8.22581900967304));
#1845=CARTESIAN_POINT('Ctrl Pts',(-31.2041086515581,1.05808486713459,8.06875953621479));
#1846=CARTESIAN_POINT('Ctrl Pts',(-31.6033187980476,0.707845446740843,7.9537180537585));
#1847=CARTESIAN_POINT('Ctrl Pts',(-31.8336220513016,0.3350148364518,7.88822876433174));
#1848=CARTESIAN_POINT('Ctrl Pts',(-31.9067011923912,0.000685091966768019,
7.8675762723286));
#1849=CARTESIAN_POINT('Ctrl Pts',(-31.8341271986728,-0.333703880471805,
7.88808563536628));
#1850=CARTESIAN_POINT('Ctrl Pts',(-31.6041795370917,-0.707056829470585,
7.95347156451289));
#1851=CARTESIAN_POINT('Ctrl Pts',(-31.2051283575227,-1.0573098058392,8.06846406191268));
#1852=CARTESIAN_POINT('Ctrl Pts',(-30.6725624319012,-1.37657719919991,8.22544577661442));
#1853=CARTESIAN_POINT('Ctrl Pts',(-29.9277706761834,-1.71801792361969,8.44984617183066));
#1854=CARTESIAN_POINT('Ctrl Pts',(-28.5771075918388,-2.16044886563421,8.86997350810456));
#1855=CARTESIAN_POINT('Ctrl Pts',(-26.5999838416265,-2.5248361696272,9.52176880729283));
#1856=CARTESIAN_POINT('Ctrl Pts',(-25.0085842034779,-2.61850391847426,10.0803816964828));
#1857=CARTESIAN_POINT('Ctrl Pts',(-24.214630854237,-2.61553523279007,10.3659694300153));
#1858=CARTESIAN_POINT('Origin',(-22.,-1.49999999999585,-11.5489196316977));
#1859=CARTESIAN_POINT('',(-21.5,-1.49999999999644,-9.90807665311175));
#1860=CARTESIAN_POINT('Origin',(-22.,-1.49999999999644,-9.90807665311175));
#1861=CARTESIAN_POINT('',(-21.5,-1.49999999999585,-11.5489196316977));
#1862=CARTESIAN_POINT('Origin',(-22.,3.55670787960394E-12,-9.90807665311121));
#1863=CARTESIAN_POINT('',(-21.5,1.50000000000356,-9.90807665311067));
#1864=CARTESIAN_POINT('Origin',(-22.,1.50000000000356,-9.90807665311067));
#1865=CARTESIAN_POINT('Origin',(-21.5,3.55670787960394E-12,-9.90807665311121));
#1866=CARTESIAN_POINT('Origin',(-22.,1.50000000000568,-15.8306055888681));
#1867=CARTESIAN_POINT('',(-21.5,1.50000000000568,-15.8306055888681));
#1868=CARTESIAN_POINT('Origin',(-21.5,3.55670787960394E-12,-9.90807665311121));
#1869=CARTESIAN_POINT('',(-21.5,3.14403255185427E-12,-8.75807665311121));
#1870=CARTESIAN_POINT('Origin',(-21.5,3.55670787960394E-12,-9.90807665311121));
#1871=CARTESIAN_POINT('',(-17.5,3.14403255185427E-12,-8.75807665311121));
#1872=CARTESIAN_POINT('',(-21.5,3.14403255185427E-12,-8.75807665311121));
#1873=CARTESIAN_POINT('Origin',(-17.5,3.55670787960394E-12,-9.90807665311121));
#1874=CARTESIAN_POINT('Origin',(-21.5,5.09370323698022E-12,-13.1897626102831));
#1875=CARTESIAN_POINT('Origin',(-17.5,0.,22.0557696491194));
#1876=CARTESIAN_POINT('',(-17.5,-3.64667989220177,11.2856744814529));
#1877=CARTESIAN_POINT('Ctrl Pts',(-17.5,-3.64667989220176,-11.2856744814529));
#1878=CARTESIAN_POINT('Ctrl Pts',(-17.5,-4.93545224241386,-10.8692403354152));
#1879=CARTESIAN_POINT('Ctrl Pts',(-17.5,-6.14479947248645,-10.2346446304034));
#1880=CARTESIAN_POINT('Ctrl Pts',(-17.5,-8.44646696742385,-8.46799950104469));
#1881=CARTESIAN_POINT('Ctrl Pts',(-17.5,-9.47619101824938,-7.29737100380164));
#1882=CARTESIAN_POINT('Ctrl Pts',(-17.5,-11.0289594948053,-4.627296429171));
#1883=CARTESIAN_POINT('Ctrl Pts',(-17.5,-11.5371586075757,-3.15337772001995));
#1884=CARTESIAN_POINT('Ctrl Pts',(-17.5,-11.9599765737288,-0.0937023870192422));
#1885=CARTESIAN_POINT('Ctrl Pts',(-17.5,-11.8705530569016,1.46280207299503));
#1886=CARTESIAN_POINT('Ctrl Pts',(-17.5,-11.1001077866784,4.45392264252503));
#1887=CARTESIAN_POINT('Ctrl Pts',(-17.5,-10.4264519099908,5.8599420091094));
#1888=CARTESIAN_POINT('Ctrl Pts',(-17.5,-8.57810981204947,8.33461767772798));
#1889=CARTESIAN_POINT('Ctrl Pts',(-17.5,-7.42109474867639,9.37961473156776));
#1890=CARTESIAN_POINT('Ctrl Pts',(-17.5,-5.32286432598167,10.6369627952437));
#1891=CARTESIAN_POINT('Ctrl Pts',(-17.5,-4.50082595996163,11.0096788114181));
#1892=CARTESIAN_POINT('Ctrl Pts',(-17.5,-3.64667989220177,11.2856744814529));
#1893=CARTESIAN_POINT('',(-17.4999999957908,-2.99999999999609,10.7822642581048));
#1894=CARTESIAN_POINT('Ctrl Pts',(-17.5000000567816,-2.99999999999609,10.7822643918296));
#1895=CARTESIAN_POINT('Ctrl Pts',(-17.5000001509789,-2.99999957777439,10.8097425804416));
#1896=CARTESIAN_POINT('Ctrl Pts',(-17.4999901228329,-3.00213762284321,10.8371192133898));
#1897=CARTESIAN_POINT('Ctrl Pts',(-17.4999792999262,-3.00628387989601,10.8641726678992));
#1898=CARTESIAN_POINT('Ctrl Pts',(-17.499968357513,-3.01047591996469,10.8915248469501));
#1899=CARTESIAN_POINT('Ctrl Pts',(-17.4999570005341,-3.01672119287213,10.9185478735941));
#1900=CARTESIAN_POINT('Ctrl Pts',(-17.4999519539289,-3.02493638800053,10.9450030527312));
#1901=CARTESIAN_POINT('Ctrl Pts',(-17.4999489167929,-3.0298804374381,10.9609242465056));
#1902=CARTESIAN_POINT('Ctrl Pts',(-17.499948082857,-3.03553891766145,10.9766395098097));
#1903=CARTESIAN_POINT('Ctrl Pts',(-17.4999494793048,-3.04190150336122,10.9920923217795));
#1904=CARTESIAN_POINT('Ctrl Pts',(-17.4999517560185,-3.05227481306692,11.0172859791934));
#1905=CARTESIAN_POINT('Ctrl Pts',(-17.4999600444348,-3.06445478340592,11.0416315597748));
#1906=CARTESIAN_POINT('Ctrl Pts',(-17.4999741579211,-3.07836711322469,11.0648948094376));
#1907=CARTESIAN_POINT('Ctrl Pts',(-17.499987663063,-3.09167976935215,11.0871553256274));
#1908=CARTESIAN_POINT('Ctrl Pts',(-17.5000067749039,-3.10657934451506,11.1084256227219));
#1909=CARTESIAN_POINT('Ctrl Pts',(-17.5000215335187,-3.12303498919114,11.128470375028));
#1910=CARTESIAN_POINT('Ctrl Pts',(-17.5000296752179,-3.13211286746388,11.1395282111094));
#1911=CARTESIAN_POINT('Ctrl Pts',(-17.5000362945361,-3.14166485264813,11.1502124772211));
#1912=CARTESIAN_POINT('Ctrl Pts',(-17.5000379001526,-3.15168945630814,11.1604781148535));
#1913=CARTESIAN_POINT('Ctrl Pts',(-17.5000381483701,-3.15323919295181,11.1620651137363));
#1914=CARTESIAN_POINT('Ctrl Pts',(-17.5000382738026,-3.15480022943628,11.1636420987582));
#1915=CARTESIAN_POINT('Ctrl Pts',(-17.5000382856563,-3.15637245956627,11.1652089703672));
#1916=CARTESIAN_POINT('Ctrl Pts',(-17.5000384282126,-3.17528052178281,11.1840525895694));
#1917=CARTESIAN_POINT('Ctrl Pts',(-17.5000243489195,-3.19565710876704,11.2012891492047));
#1918=CARTESIAN_POINT('Ctrl Pts',(-17.5000139559513,-3.21726833562618,11.2167992614704));
#1919=CARTESIAN_POINT('Ctrl Pts',(-17.5000037610471,-3.23846770635165,11.2320137896439));
#1920=CARTESIAN_POINT('Ctrl Pts',(-17.4999972690883,-3.26085638302629,11.2455675129892));
#1921=CARTESIAN_POINT('Ctrl Pts',(-17.4999972039053,-3.28423238225507,11.257305028188));
#1922=CARTESIAN_POINT('Ctrl Pts',(-17.4999971711432,-3.29598154667612,11.2632044977514));
#1923=CARTESIAN_POINT('Ctrl Pts',(-17.4999985226691,-3.30798031318971,11.2686444301754));
#1924=CARTESIAN_POINT('Ctrl Pts',(-17.5000000138139,-3.32020335071332,11.2736003076607));
#1925=CARTESIAN_POINT('Ctrl Pts',(-17.5000025212905,-3.3407573448748,11.2819340034952));
#1926=CARTESIAN_POINT('Ctrl Pts',(-17.5000066771367,-3.36178965596028,11.2888368333812));
#1927=CARTESIAN_POINT('Ctrl Pts',(-17.5000026438113,-3.38316163824736,11.2942365118253));
#1928=CARTESIAN_POINT('Ctrl Pts',(-17.4999978214133,-3.40871479732163,11.300692573803));
#1929=CARTESIAN_POINT('Ctrl Pts',(-17.4999817373959,-3.43475436803685,11.3050011254184));
#1930=CARTESIAN_POINT('Ctrl Pts',(-17.4999722389423,-3.46105259052401,11.3071444560368));
#1931=CARTESIAN_POINT('Ctrl Pts',(-17.4999696600814,-3.4681926431762,11.3077263772474));
#1932=CARTESIAN_POINT('Ctrl Pts',(-17.4999674726553,-3.4753517465615,11.3081484113279));
#1933=CARTESIAN_POINT('Ctrl Pts',(-17.4999658232295,-3.48252525139851,11.3084095766625));
#1934=CARTESIAN_POINT('Ctrl Pts',(-17.4999597631904,-3.50888092064933,11.3093691058375));
#1935=CARTESIAN_POINT('Ctrl Pts',(-17.4999624098944,-3.53518726266838,11.3081520544844));
#1936=CARTESIAN_POINT('Ctrl Pts',(-17.499971489216,-3.56121396190412,11.3047983420374));
#1937=CARTESIAN_POINT('Ctrl Pts',(-17.4999805624987,-3.5872233500969,11.3014468602328));
#1938=CARTESIAN_POINT('Ctrl Pts',(-17.4999960406631,-3.61295476470866,11.2959615020855));
#1939=CARTESIAN_POINT('Ctrl Pts',(-17.4999994116079,-3.63817676282876,11.2883337588745));
#1940=CARTESIAN_POINT('Ctrl Pts',(-17.499999791306,-3.64101773061234,11.2874745813969));
#1941=CARTESIAN_POINT('Ctrl Pts',(-17.5000000005704,-3.64385222149928,11.2865881724809));
#1942=CARTESIAN_POINT('Ctrl Pts',(-17.5000000001399,-3.64667989213159,11.2856744818513));
#1943=CARTESIAN_POINT('',(-17.5,-2.99999999999644,9.90807665311229));
#1944=CARTESIAN_POINT('',(-17.5,-2.99999999999397,15.9819231511164));
#1945=CARTESIAN_POINT('',(-17.5,3.00000000000356,9.90807665311013));
#1946=CARTESIAN_POINT('Origin',(-17.5,3.55670787960394E-12,9.90807665311121));
#1947=CARTESIAN_POINT('',(-17.4999999957908,3.00000000000387,10.7822642581026));
#1948=CARTESIAN_POINT('',(-17.5,3.00000000000622,17.3051940188431));
#1949=CARTESIAN_POINT('',(-17.5,3.64667989220992,11.2856744814503));
#1950=CARTESIAN_POINT('Ctrl Pts',(-17.5000000001599,3.64667989212967,11.2856744819058));
#1951=CARTESIAN_POINT('Ctrl Pts',(-17.5000000042413,3.62159326757163,11.2937805938217));
#1952=CARTESIAN_POINT('Ctrl Pts',(-17.4999848223672,3.59598533644908,11.2997387451096));
#1953=CARTESIAN_POINT('Ctrl Pts',(-17.4999747297854,3.57008967821327,11.3035700450887));
#1954=CARTESIAN_POINT('Ctrl Pts',(-17.499964609798,3.54412370257658,11.3074117486287));
#1955=CARTESIAN_POINT('Ctrl Pts',(-17.499959626133,3.51786714151087,11.309115092537));
#1956=CARTESIAN_POINT('Ctrl Pts',(-17.4999639900749,3.49154955179626,11.3086530542441));
#1957=CARTESIAN_POINT('Ctrl Pts',(-17.4999655998217,3.4818416644126,11.3084826201062));
#1958=CARTESIAN_POINT('Ctrl Pts',(-17.4999683212099,3.47212551278319,11.3080170688852));
#1959=CARTESIAN_POINT('Ctrl Pts',(-17.4999717995111,3.46241295987507,11.3072533596531));
#1960=CARTESIAN_POINT('Ctrl Pts',(-17.4999813983194,3.43560995182306,11.3051458082306));
#1961=CARTESIAN_POINT('Ctrl Pts',(-17.4999975972599,3.4091138436533,11.3007934437057));
#1962=CARTESIAN_POINT('Ctrl Pts',(-17.5000023605347,3.38316163661251,11.2942366054577));
#1963=CARTESIAN_POINT('Ctrl Pts',(-17.500007045001,3.35763880911228,11.2877882501681));
#1964=CARTESIAN_POINT('Ctrl Pts',(-17.5000006298286,3.33264069946415,11.2792076593089));
#1965=CARTESIAN_POINT('Ctrl Pts',(-17.4999986354061,3.3083975250675,11.268633062785));
#1966=CARTESIAN_POINT('Ctrl Pts',(-17.4999979737641,3.30035494495382,11.2651249809505));
#1967=CARTESIAN_POINT('Ctrl Pts',(-17.4999976665239,3.29239555463886,11.2613970528961));
#1968=CARTESIAN_POINT('Ctrl Pts',(-17.4999979062023,3.28452819934543,11.2574532073928));
#1969=CARTESIAN_POINT('Ctrl Pts',(-17.4999986211976,3.26105873853047,11.2456881447958));
#1970=CARTESIAN_POINT('Ctrl Pts',(-17.5000042596937,3.23861878588298,11.2321113096183));
#1971=CARTESIAN_POINT('Ctrl Pts',(-17.5000138164754,3.21740321746776,11.2168960537403));
#1972=CARTESIAN_POINT('Ctrl Pts',(-17.5000235880784,3.19571075691485,11.2013387831795));
#1973=CARTESIAN_POINT('Ctrl Pts',(-17.50003729487,3.17529702695823,11.1840681244844));
#1974=CARTESIAN_POINT('Ctrl Pts',(-17.5000377946176,3.15638429214545,11.16522092268));
#1975=CARTESIAN_POINT('Ctrl Pts',(-17.5000378362463,3.15480887160229,11.1636509610009));
#1976=CARTESIAN_POINT('Ctrl Pts',(-17.5000377780345,3.15324388088165,11.1620700352519));
#1977=CARTESIAN_POINT('Ctrl Pts',(-17.5000376057305,3.15168945725448,11.1604782114146));
#1978=CARTESIAN_POINT('Ctrl Pts',(-17.5000369084164,3.14539870699259,11.1540361025544));
#1979=CARTESIAN_POINT('Ctrl Pts',(-17.5000343549608,3.13928098782045,11.1474155405647));
#1980=CARTESIAN_POINT('Ctrl Pts',(-17.5000305940504,3.13333865619977,11.1406257253947));
#1981=CARTESIAN_POINT('Ctrl Pts',(-17.5000197152945,3.11614995206149,11.1209856023653));
#1982=CARTESIAN_POINT('Ctrl Pts',(-17.4999991241075,3.10054759893686,11.1000710807498));
#1983=CARTESIAN_POINT('Ctrl Pts',(-17.4999832143574,3.08654891849492,11.0781360411763));
#1984=CARTESIAN_POINT('Ctrl Pts',(-17.4999665995732,3.0719298923208,11.0552289593991));
#1985=CARTESIAN_POINT('Ctrl Pts',(-17.4999547956379,3.05905911036574,11.0312080252495));
#1986=CARTESIAN_POINT('Ctrl Pts',(-17.4999506925071,3.04799266214267,11.0063210165794));
#1987=CARTESIAN_POINT('Ctrl Pts',(-17.499948522106,3.04213892917566,10.9931567293423));
#1988=CARTESIAN_POINT('Ctrl Pts',(-17.4999483116684,3.03679071623751,10.97974951504));
#1989=CARTESIAN_POINT('Ctrl Pts',(-17.4999495110044,3.03196123555371,10.9661330197559));
#1990=CARTESIAN_POINT('Ctrl Pts',(-17.4999518185074,3.02266939316593,10.9399351040092));
#1991=CARTESIAN_POINT('Ctrl Pts',(-17.4999604478432,3.01534615206575,10.9131078382102));
#1992=CARTESIAN_POINT('Ctrl Pts',(-17.4999710554168,3.01005874871535,10.8858987616487));
#1993=CARTESIAN_POINT('Ctrl Pts',(-17.4999815604209,3.0048224717038,10.8589527821834));
#1994=CARTESIAN_POINT('Ctrl Pts',(-17.4999936079294,3.00158243428281,10.8316311377884));
#1995=CARTESIAN_POINT('Ctrl Pts',(-17.4999981866885,3.00045134882219,10.8041589506816));
#1996=CARTESIAN_POINT('Ctrl Pts',(-17.4999994015303,3.00015124787271,10.7968699970859));
#1997=CARTESIAN_POINT('Ctrl Pts',(-17.500000082258,2.9999998874543,10.7895704162467));
#1998=CARTESIAN_POINT('Ctrl Pts',(-17.5000000571497,3.00000000000387,10.7822643927141));
#1999=CARTESIAN_POINT('',(-17.5000000000091,11.8602159650608,0.));
#2000=CARTESIAN_POINT('Ctrl Pts',(-17.5,3.64667989220992,11.2856744814503));
#2001=CARTESIAN_POINT('Ctrl Pts',(-17.5,4.83563421184291,10.9014940040417));
#2002=CARTESIAN_POINT('Ctrl Pts',(-17.5,5.95824402571624,10.3312307467296));
#2003=CARTESIAN_POINT('Ctrl Pts',(-17.5,7.67935061727972,9.08057785073363));
#2004=CARTESIAN_POINT('Ctrl Pts',(-17.5,8.32771717064423,8.48990263384133));
#2005=CARTESIAN_POINT('Ctrl Pts',(-17.5,9.48276854632084,7.17679738485467));
#2006=CARTESIAN_POINT('Ctrl Pts',(-17.5,9.98591906608157,6.45838527900103));
#2007=CARTESIAN_POINT('Ctrl Pts',(-17.5,10.4055131652514,5.69122293582718));
#2008=CARTESIAN_POINT('Ctrl Pts',(-17.5,11.146594760816,4.33627086557371));
#2009=CARTESIAN_POINT('Ctrl Pts',(-17.5,11.615938943432,2.84952316079977));
#2010=CARTESIAN_POINT('Ctrl Pts',(-17.5,11.8359095862546,0.87729201069936));
#2011=CARTESIAN_POINT('Ctrl Pts',(-17.5,11.860215965045,0.438396048387523));
#2012=CARTESIAN_POINT('Ctrl Pts',(-17.5,11.8602159650449,-2.3767099399663E-12));
#2013=CARTESIAN_POINT('Ctrl Pts',(-17.5,11.8602159650449,-2.37698749572246E-12));
#2014=CARTESIAN_POINT('Ctrl Pts',(-17.5,11.8602159650447,-1.10005504835699));
#2015=CARTESIAN_POINT('Ctrl Pts',(-17.5,11.7071575848412,-2.19696241503023));
#2016=CARTESIAN_POINT('Ctrl Pts',(-17.5,10.9794010069289,-4.74368773324344));
#2017=CARTESIAN_POINT('Ctrl Pts',(-17.5,10.269079111771,-6.13154417562692));
#2018=CARTESIAN_POINT('Ctrl Pts',(-17.5,8.35643091970953,-8.55686169489713));
#2019=CARTESIAN_POINT('Ctrl Pts',(-17.5,7.17239058199592,-9.57113541439946));
#2020=CARTESIAN_POINT('Ctrl Pts',(-17.5,5.13268018686536,-10.7217685300418));
#2021=CARTESIAN_POINT('Ctrl Pts',(-17.5,4.40198960623144,-11.0416152760355));
#2022=CARTESIAN_POINT('Ctrl Pts',(-17.5,3.64667989220992,-11.2856744814503));
#2023=CARTESIAN_POINT('',(-17.5,3.14375088309047E-12,8.75807665311121));
#2024=CARTESIAN_POINT('Origin',(-17.5,3.55670787960394E-12,9.90807665311121));
#2025=CARTESIAN_POINT('Ctrl Pts',(-36.5189244220973,4.95032045953581,0.));
#2026=CARTESIAN_POINT('Ctrl Pts',(-36.5189244220973,4.95032045953581,-4.95032045953582));
#2027=CARTESIAN_POINT('Ctrl Pts',(-36.5189244220973,-4.47227839018256E-15,
-4.95032045953582));
#2028=CARTESIAN_POINT('Ctrl Pts',(-36.5189244220973,-4.95032045953582,-4.95032045953582));
#2029=CARTESIAN_POINT('Ctrl Pts',(-36.5189244220973,-4.95032045953582,0.));
#2030=CARTESIAN_POINT('Ctrl Pts',(-36.5189244220973,-4.95032045953582,4.95032045953582));
#2031=CARTESIAN_POINT('Ctrl Pts',(-36.5189244220973,-4.47227839018256E-15,
4.95032045953582));
#2032=CARTESIAN_POINT('Ctrl Pts',(-36.5189244220973,4.95032045953581,4.95032045953582));
#2033=CARTESIAN_POINT('Ctrl Pts',(-36.5189244220973,4.95032045953581,0.));
#2034=CARTESIAN_POINT('Ctrl Pts',(-29.9237897932979,7.65747226654872,0.));
#2035=CARTESIAN_POINT('Ctrl Pts',(-29.9237897932979,7.65747226654872,-7.65747226654872));
#2036=CARTESIAN_POINT('Ctrl Pts',(-29.9237897932979,-3.66460733887206E-15,
-7.65747226654872));
#2037=CARTESIAN_POINT('Ctrl Pts',(-29.9237897932979,-7.65747226654873,-7.65747226654872));
#2038=CARTESIAN_POINT('Ctrl Pts',(-29.9237897932979,-7.65747226654873,0.));
#2039=CARTESIAN_POINT('Ctrl Pts',(-29.9237897932979,-7.65747226654873,7.65747226654872));
#2040=CARTESIAN_POINT('Ctrl Pts',(-29.9237897932979,-3.66460733887206E-15,
7.65747226654872));
#2041=CARTESIAN_POINT('Ctrl Pts',(-29.9237897932979,7.65747226654872,7.65747226654872));
#2042=CARTESIAN_POINT('Ctrl Pts',(-29.9237897932979,7.65747226654872,0.));
#2043=CARTESIAN_POINT('Ctrl Pts',(-23.4846603720401,9.99171313930685,0.));
#2044=CARTESIAN_POINT('Ctrl Pts',(-23.4846603720401,9.99171313930685,-9.99171313930685));
#2045=CARTESIAN_POINT('Ctrl Pts',(-23.4846603720401,-2.87604141536816E-15,
-9.99171313930686));
#2046=CARTESIAN_POINT('Ctrl Pts',(-23.4846603720401,-9.99171313930686,-9.99171313930685));
#2047=CARTESIAN_POINT('Ctrl Pts',(-23.4846603720401,-9.99171313930686,0.));
#2048=CARTESIAN_POINT('Ctrl Pts',(-23.4846603720401,-9.99171313930686,9.99171313930685));
#2049=CARTESIAN_POINT('Ctrl Pts',(-23.4846603720401,-2.87604141536816E-15,
9.99171313930686));
#2050=CARTESIAN_POINT('Ctrl Pts',(-23.4846603720401,9.99171313930685,9.99171313930685));
#2051=CARTESIAN_POINT('Ctrl Pts',(-23.4846603720401,9.99171313930685,0.));
#2052=CARTESIAN_POINT('Ctrl Pts',(-17.2019373066436,11.9535303573093,0.));
#2053=CARTESIAN_POINT('Ctrl Pts',(-17.2019373066436,11.9535303573093,-11.9535303573093));
#2054=CARTESIAN_POINT('Ctrl Pts',(-17.2019373066436,-2.10662974617145E-15,
-11.9535303573093));
#2055=CARTESIAN_POINT('Ctrl Pts',(-17.2019373066436,-11.9535303573093,-11.9535303573093));
#2056=CARTESIAN_POINT('Ctrl Pts',(-17.2019373066436,-11.9535303573093,0.));
#2057=CARTESIAN_POINT('Ctrl Pts',(-17.2019373066436,-11.9535303573093,11.9535303573093));
#2058=CARTESIAN_POINT('Ctrl Pts',(-17.2019373066436,-2.10662974617145E-15,
11.9535303573093));
#2059=CARTESIAN_POINT('Ctrl Pts',(-17.2019373066436,11.9535303573093,11.9535303573093));
#2060=CARTESIAN_POINT('Ctrl Pts',(-17.2019373066436,11.9535303573093,0.));
#2061=CARTESIAN_POINT('',(-36.5189244220973,4.95032045953584,-1.66533453693773E-16));
#2062=CARTESIAN_POINT('Ctrl Pts',(-17.4999999916217,11.8602159676747,0.));
#2063=CARTESIAN_POINT('Ctrl Pts',(-23.6882746319542,9.9178226787186,0.));
#2064=CARTESIAN_POINT('Ctrl Pts',(-30.0280434362047,7.6146785324299,0.));
#2065=CARTESIAN_POINT('Ctrl Pts',(-36.5189244220973,4.95032045953581,0.));
#2066=CARTESIAN_POINT('Origin',(-36.5189244220974,-4.47227839018257E-15,
0.));
#2067=CARTESIAN_POINT('',(-20.2301214272695,3.65821482905573,10.3559636970219));
#2068=CARTESIAN_POINT('Ctrl Pts',(-20.2301214272695,3.65821482905573,10.3559636970219));
#2069=CARTESIAN_POINT('Ctrl Pts',(-19.3227329476473,3.6539628813841,10.6737009655759));
#2070=CARTESIAN_POINT('Ctrl Pts',(-18.4126227040815,3.65015378494664,10.9835122791711));
#2071=CARTESIAN_POINT('Ctrl Pts',(-17.5000000001599,3.64667989212967,11.2856744819058));
#2072=CARTESIAN_POINT('',(-20.2301214272695,-3.6582148290483,10.3559636970246));
#2073=CARTESIAN_POINT('Ctrl Pts',(-20.2301214272695,-3.6582148290483,10.3559636970246));
#2074=CARTESIAN_POINT('Ctrl Pts',(-21.4021988086498,-3.66370708710365,9.94554117783358));
#2075=CARTESIAN_POINT('Ctrl Pts',(-23.7509256508244,-3.52840199313256,9.1458165862522));
#2076=CARTESIAN_POINT('Ctrl Pts',(-26.6782555153829,-3.01107834527736,8.23023275137462));
#2077=CARTESIAN_POINT('Ctrl Pts',(-28.9707755292135,-2.30562650724815,7.57452332328109));
#2078=CARTESIAN_POINT('Ctrl Pts',(-30.1508913794519,-1.77129303338796,7.26074663646263));
#2079=CARTESIAN_POINT('Ctrl Pts',(-30.7903153182917,-1.34048473027977,7.0980738389909));
#2080=CARTESIAN_POINT('Ctrl Pts',(-31.0365971254158,-1.15144802288063,7.03598670716208));
#2081=CARTESIAN_POINT('Ctrl Pts',(-31.3241975891779,-0.886283111829657,
6.96459393485371));
#2082=CARTESIAN_POINT('Ctrl Pts',(-31.5603357253877,-0.557766021194919,
6.90707000963775));
#2083=CARTESIAN_POINT('Ctrl Pts',(-31.6749593753564,-0.24889062264545,6.87939240496043));
#2084=CARTESIAN_POINT('Ctrl Pts',(-31.7176912321652,0.0842036959250652,
6.86912081704167));
#2085=CARTESIAN_POINT('Ctrl Pts',(-31.6085986523112,0.49419434677299,6.8953245539924));
#2086=CARTESIAN_POINT('Ctrl Pts',(-31.227044433293,1.01599169151451,6.98824431793711));
#2087=CARTESIAN_POINT('Ctrl Pts',(-30.6093025784215,1.49148043129809,7.14282333301332));
#2088=CARTESIAN_POINT('Ctrl Pts',(-29.8005906505129,1.9275618185543,7.3538513158504));
#2089=CARTESIAN_POINT('Ctrl Pts',(-28.686433382514,2.39467498607995,7.65591228564093));
#2090=CARTESIAN_POINT('Ctrl Pts',(-26.6758564796817,3.01033693443403,8.23089075064724));
#2091=CARTESIAN_POINT('Ctrl Pts',(-23.7529468933601,3.52882347984669,9.14523353080579));
#2092=CARTESIAN_POINT('Ctrl Pts',(-21.4021988090184,3.6637070870971,9.94554117770424));
#2093=CARTESIAN_POINT('Ctrl Pts',(-20.2301214276375,3.65821482905745,10.3559636968931));
#2094=CARTESIAN_POINT('Ctrl Pts',(-17.5000000001399,-3.64667989213159,11.2856744818513));
#2095=CARTESIAN_POINT('Ctrl Pts',(-18.412622701684,-3.6501537861412,10.9835122723489));
#2096=CARTESIAN_POINT('Ctrl Pts',(-19.3227329476438,-3.6539628813764,10.6737009655797));
#2097=CARTESIAN_POINT('Ctrl Pts',(-20.2301214272643,-3.65821482904827,10.3559636970264));
#2098=CARTESIAN_POINT('Ctrl Pts',(-17.492081451828,3.64664975887239,11.2882960381891));
#2099=CARTESIAN_POINT('Ctrl Pts',(-18.4073582242405,3.65013175524922,10.9853042906697));
#2100=CARTESIAN_POINT('Ctrl Pts',(-19.3201085910191,3.65395058386511,10.6746199279889));
#2101=CARTESIAN_POINT('Ctrl Pts',(-20.2301214272695,3.65821482905573,10.3559636970219));
#2102=CARTESIAN_POINT('Ctrl Pts',(-17.5002551817921,3.56158793271894,11.3130792297243));
#2103=CARTESIAN_POINT('Ctrl Pts',(-18.4158961363384,3.56492815622387,11.0107294725537));
#2104=CARTESIAN_POINT('Ctrl Pts',(-19.3290416517942,3.56860042937942,10.7007486444127));
#2105=CARTESIAN_POINT('Ctrl Pts',(-20.2395073826883,3.57271472937498,10.3828952519545));
#2106=CARTESIAN_POINT('Ctrl Pts',(-17.5020029775933,3.37783110468895,11.3183786411675));
#2107=CARTESIAN_POINT('Ctrl Pts',(-18.4180390016786,3.38044141099076,11.0171312063263));
#2108=CARTESIAN_POINT('Ctrl Pts',(-19.331642593301,3.38333708302512,10.7083740533144));
#2109=CARTESIAN_POINT('Ctrl Pts',(-20.2426468698049,3.38657948756443,10.3919035271879));
#2110=CARTESIAN_POINT('Ctrl Pts',(-17.4534120783682,3.09346635481669,11.1710484054425));
#2111=CARTESIAN_POINT('Ctrl Pts',(-18.3688014668757,3.09423861911296,10.8705738318862));
#2112=CARTESIAN_POINT('Ctrl Pts',(-19.2817916852853,3.09505594024343,10.5626780697541));
#2113=CARTESIAN_POINT('Ctrl Pts',(-20.1922026754044,3.09602383878477,10.2471616728001));
#2114=CARTESIAN_POINT('Ctrl Pts',(-17.3841641245375,3.00000000000393,10.9610848623902));
#2115=CARTESIAN_POINT('Ctrl Pts',(-18.2981387575266,2.99998467010182,10.6602019463475));
#2116=CARTESIAN_POINT('Ctrl Pts',(-19.2096475841527,3.00001963987572,10.3518066866778));
#2117=CARTESIAN_POINT('Ctrl Pts',(-20.1185207510965,3.0000000000036,10.0357427278465));
#2118=CARTESIAN_POINT('Ctrl Pts',(-17.3423618227788,3.00000000000389,10.8343380215168));
#2119=CARTESIAN_POINT('Ctrl Pts',(-18.2554712931077,3.00000000000378,10.5331859189918));
#2120=CARTESIAN_POINT('Ctrl Pts',(-19.1660974379139,3.00000000000367,10.2245007371182));
#2121=CARTESIAN_POINT('Ctrl Pts',(-20.0740276615024,3.00000000000356,9.9080766530516));
#2122=CARTESIAN_POINT('',(-20.0740276615024,3.00000000000356,9.90807665308087));
#2123=CARTESIAN_POINT('Ctrl Pts',(-17.5000000419886,3.00000000000387,10.7822643977304));
#2124=CARTESIAN_POINT('Ctrl Pts',(-18.3602851311064,3.00000000000377,10.4976273306761));
#2125=CARTESIAN_POINT('Ctrl Pts',(-19.218353657565,3.00000000000366,10.2062888459285));
#2126=CARTESIAN_POINT('Ctrl Pts',(-20.0740276615024,3.00000000000356,9.9080766530516));
#2127=CARTESIAN_POINT('Origin',(-20.0740276615024,3.50000000000356,9.90807665305142));
#2128=CARTESIAN_POINT('Ctrl Pts',(-20.2301214276375,3.65821482905745,10.3559636968931));
#2129=CARTESIAN_POINT('Ctrl Pts',(-21.4021988090184,3.6637070870971,9.94554117770424));
#2130=CARTESIAN_POINT('Ctrl Pts',(-23.7529468933601,3.52882347984669,9.14523353080579));
#2131=CARTESIAN_POINT('Ctrl Pts',(-26.6758564796817,3.01033693443403,8.23089075064724));
#2132=CARTESIAN_POINT('Ctrl Pts',(-28.686433382514,2.39467498607995,7.65591228564093));
#2133=CARTESIAN_POINT('Ctrl Pts',(-29.8005906505129,1.9275618185543,7.3538513158504));
#2134=CARTESIAN_POINT('Ctrl Pts',(-30.6093025784215,1.49148043129809,7.14282333301332));
#2135=CARTESIAN_POINT('Ctrl Pts',(-31.227044433293,1.01599169151451,6.98824431793711));
#2136=CARTESIAN_POINT('Ctrl Pts',(-31.6085986523112,0.49419434677299,6.8953245539924));
#2137=CARTESIAN_POINT('Ctrl Pts',(-31.7176912321652,0.0842036959250652,
6.86912081704167));
#2138=CARTESIAN_POINT('Ctrl Pts',(-31.6749593753564,-0.24889062264545,6.87939240496043));
#2139=CARTESIAN_POINT('Ctrl Pts',(-31.5603357253877,-0.557766021194919,
6.90707000963775));
#2140=CARTESIAN_POINT('Ctrl Pts',(-31.3241975891779,-0.886283111829657,
6.96459393485371));
#2141=CARTESIAN_POINT('Ctrl Pts',(-31.0365971254158,-1.15144802288063,7.03598670716208));
#2142=CARTESIAN_POINT('Ctrl Pts',(-30.7903153182917,-1.34048473027977,7.0980738389909));
#2143=CARTESIAN_POINT('Ctrl Pts',(-30.1508913794519,-1.77129303338796,7.26074663646263));
#2144=CARTESIAN_POINT('Ctrl Pts',(-28.9707755292135,-2.30562650724815,7.57452332328109));
#2145=CARTESIAN_POINT('Ctrl Pts',(-26.6782555153829,-3.01107834527736,8.23023275137462));
#2146=CARTESIAN_POINT('Ctrl Pts',(-23.7509256508244,-3.52840199313256,9.1458165862522));
#2147=CARTESIAN_POINT('Ctrl Pts',(-21.4021988086498,-3.66370708710365,9.94554117783358));
#2148=CARTESIAN_POINT('Ctrl Pts',(-20.2301214272695,-3.6582148290483,10.3559636970246));
#2149=CARTESIAN_POINT('Ctrl Pts',(-20.2395073830547,3.57271472937892,10.3828952518258));
#2150=CARTESIAN_POINT('Ctrl Pts',(-21.4081703428438,3.58300359644722,9.97311688914933));
#2151=CARTESIAN_POINT('Ctrl Pts',(-23.7530973869677,3.45789290224571,9.1725420034406));
#2152=CARTESIAN_POINT('Ctrl Pts',(-26.6697224122385,2.95308590748388,8.25403563963824));
#2153=CARTESIAN_POINT('Ctrl Pts',(-28.6761810823951,2.34964173484726,7.6738758803379));
#2154=CARTESIAN_POINT('Ctrl Pts',(-29.7880631988219,1.89129610261525,7.36815620582923));
#2155=CARTESIAN_POINT('Ctrl Pts',(-30.5951282783471,1.46328443985148,7.15407766964855));
#2156=CARTESIAN_POINT('Ctrl Pts',(-31.2116039380186,0.996652981991048,6.99682051919778));
#2157=CARTESIAN_POINT('Ctrl Pts',(-31.5923727964223,0.484738719756267,6.90210564151446));
#2158=CARTESIAN_POINT('Ctrl Pts',(-31.7012399389139,0.0825916216335385,
6.87536768188691));
#2159=CARTESIAN_POINT('Ctrl Pts',(-31.658596375326,-0.244127091185476,6.8858481209074));
#2160=CARTESIAN_POINT('Ctrl Pts',(-31.5442091464426,-0.54710751460203,6.91407849364647));
#2161=CARTESIAN_POINT('Ctrl Pts',(-31.3085573762331,-0.869399526939181,
6.97271306198518));
#2162=CARTESIAN_POINT('Ctrl Pts',(-31.0215465867621,-1.12959438596526,7.04538292161946));
#2163=CARTESIAN_POINT('Ctrl Pts',(-30.7757693895789,-1.31510414164845,7.108515188798));
#2164=CARTESIAN_POINT('Ctrl Pts',(-30.1376508724523,-1.73791332493119,7.27381587961044));
#2165=CARTESIAN_POINT('Ctrl Pts',(-28.9599403809842,-2.26236208740827,7.59175652531891));
#2166=CARTESIAN_POINT('Ctrl Pts',(-26.672116780688,-2.95381230692059,8.25337074936022));
#2167=CARTESIAN_POINT('Ctrl Pts',(-23.7510802630275,-3.45747883244799,9.17312971132495));
#2168=CARTESIAN_POINT('Ctrl Pts',(-21.4081703424761,-3.58300359645222,9.97311688927858));
#2169=CARTESIAN_POINT('Ctrl Pts',(-20.2395073826877,-3.57271472936824,10.382895251957));
#2170=CARTESIAN_POINT('Ctrl Pts',(-20.2426467336711,3.3865765809665,10.391903135403));
#2171=CARTESIAN_POINT('Ctrl Pts',(-21.40592075001,3.4074379328447,9.98851684398394));
#2172=CARTESIAN_POINT('Ctrl Pts',(-23.7419374580622,3.30449841037453,9.19647628947948));
#2173=CARTESIAN_POINT('Ctrl Pts',(-26.6496577655179,2.83141663724703,8.28010798786526));
#2174=CARTESIAN_POINT('Ctrl Pts',(-28.6505648244854,2.25558108002249,7.69666585013122));
#2175=CARTESIAN_POINT('Ctrl Pts',(-29.7594784108628,1.81644558304532,7.38771053900572));
#2176=CARTESIAN_POINT('Ctrl Pts',(-30.5644307863663,1.40569761297464,7.17055187070864));
#2177=CARTESIAN_POINT('Ctrl Pts',(-31.1793170638565,0.957497695528527,7.01035062585324));
#2178=CARTESIAN_POINT('Ctrl Pts',(-31.5591113074822,0.46569803714352,6.91357683119873));
#2179=CARTESIAN_POINT('Ctrl Pts',(-31.6677006512037,0.079347194747285,6.88621635739883));
#2180=CARTESIAN_POINT('Ctrl Pts',(-31.6251659164414,-0.234537398089226,
6.89693993428994));
#2181=CARTESIAN_POINT('Ctrl Pts',(-31.5110709135396,-0.525616611583097,
6.92581104240007));
#2182=CARTESIAN_POINT('Ctrl Pts',(-31.2760223311227,-0.835243319301847,
6.98571747197501));
#2183=CARTESIAN_POINT('Ctrl Pts',(-30.9897500999516,-1.08518477417679,7.05981305497085));
#2184=CARTESIAN_POINT('Ctrl Pts',(-30.7446080997893,-1.26334721046412,7.1240780110802));
#2185=CARTESIAN_POINT('Ctrl Pts',(-30.1081444087315,-1.66935391181508,7.29219038364528));
#2186=CARTESIAN_POINT('Ctrl Pts',(-28.9335388941609,-2.17228756419111,7.61408949743148));
#2187=CARTESIAN_POINT('Ctrl Pts',(-26.6520454128414,-2.83211703668335,8.27943616176626));
#2188=CARTESIAN_POINT('Ctrl Pts',(-23.7399263197027,-3.30409597039435,9.19706710086982));
#2189=CARTESIAN_POINT('Ctrl Pts',(-21.4059207496438,-3.40743793284626,9.98851684411152));
#2190=CARTESIAN_POINT('Ctrl Pts',(-20.2426467333059,-3.38657658095251,10.3919031355321));
#2191=CARTESIAN_POINT('Ctrl Pts',(-20.192202213756,3.09602977648397,10.2471603470149));
#2192=CARTESIAN_POINT('Ctrl Pts',(-21.3537245053037,3.12490022510784,9.86991820698887));
#2193=CARTESIAN_POINT('Ctrl Pts',(-23.6869199598871,3.04641684742971,9.12365921756769));
#2194=CARTESIAN_POINT('Ctrl Pts',(-26.5922199548035,2.61997222964568,8.24943238079018));
#2195=CARTESIAN_POINT('Ctrl Pts',(-28.5918038517724,2.09067319591625,7.68755032113617));
#2196=CARTESIAN_POINT('Ctrl Pts',(-29.7000884380955,1.68482243171376,7.38836022275977));
#2197=CARTESIAN_POINT('Ctrl Pts',(-30.5046219088715,1.30445194021348,7.17725338348556));
#2198=CARTESIAN_POINT('Ctrl Pts',(-31.119223750661,0.888739677381691,7.02083308428608));
#2199=CARTESIAN_POINT('Ctrl Pts',(-31.4988533203398,0.432310033335304,6.92607708680611));
#2200=CARTESIAN_POINT('Ctrl Pts',(-31.6073975921877,0.073658360972537,6.89924682999566));
#2201=CARTESIAN_POINT('Ctrl Pts',(-31.5648805484786,-0.217722379048628,
6.90976171922232));
#2202=CARTESIAN_POINT('Ctrl Pts',(-31.4508338223819,-0.487917540641721,
6.9380567685412));
#2203=CARTESIAN_POINT('Ctrl Pts',(-31.2158868066083,-0.775282293601477,
6.99671294667032));
#2204=CARTESIAN_POINT('Ctrl Pts',(-30.929745120949,-1.00715592766092,7.06912021566443));
#2205=CARTESIAN_POINT('Ctrl Pts',(-30.6847187876789,-1.17238198310458,7.13181699161253));
#2206=CARTESIAN_POINT('Ctrl Pts',(-30.0485662009758,-1.54874339458168,7.29566919869937));
#2207=CARTESIAN_POINT('Ctrl Pts',(-28.8745911514003,-2.01408991758805,7.60803088371211));
#2208=CARTESIAN_POINT('Ctrl Pts',(-26.5946055467531,-2.62063373255234,8.24878512843117));
#2209=CARTESIAN_POINT('Ctrl Pts',(-23.6849106509292,-3.04603297118136,9.12422558010677));
#2210=CARTESIAN_POINT('Ctrl Pts',(-21.353724504938,-3.12490022510608,9.86991820710871));
#2211=CARTESIAN_POINT('Ctrl Pts',(-20.1922022133913,-3.0960297764675,10.2471603471355));
#2212=CARTESIAN_POINT('Ctrl Pts',(-20.1185207514621,3.0000000000104,10.0357427277422));
#2213=CARTESIAN_POINT('Ctrl Pts',(-21.2848764390569,3.01511826066706,9.68006141058729));
#2214=CARTESIAN_POINT('Ctrl Pts',(-23.6257565880549,2.91832724155804,8.97898005954319));
#2215=CARTESIAN_POINT('Ctrl Pts',(-26.5380643886064,2.49573316282566,8.16160764256202));
#2216=CARTESIAN_POINT('Ctrl Pts',(-28.541916545805,1.98515167021573,7.63739750117198));
#2217=CARTESIAN_POINT('Ctrl Pts',(-29.6524346092111,1.59721868742671,7.35855586164678));
#2218=CARTESIAN_POINT('Ctrl Pts',(-30.4585584223252,1.23505039243484,7.16190654433011));
#2219=CARTESIAN_POINT('Ctrl Pts',(-31.0743460593787,0.840733705618322,7.01627753878459));
#2220=CARTESIAN_POINT('Ctrl Pts',(-31.4547039853769,0.408742632023002,6.92807600107997));
#2221=CARTESIAN_POINT('Ctrl Pts',(-31.5634551648807,0.0696406468118397,
6.90310562490692));
#2222=CARTESIAN_POINT('Ctrl Pts',(-31.5208570596684,-0.205849805565526,
6.91289178742668));
#2223=CARTESIAN_POINT('Ctrl Pts',(-31.4065921729253,-0.461378394423396,
6.9392272695516));
#2224=CARTESIAN_POINT('Ctrl Pts',(-31.1711952155033,-0.733340331189598,
6.99382595377538));
#2225=CARTESIAN_POINT('Ctrl Pts',(-30.8845010780439,-0.953104430578082,
7.06123127362953));
#2226=CARTESIAN_POINT('Ctrl Pts',(-30.6390004678695,-1.10986239696232,7.11961354818488));
#2227=CARTESIAN_POINT('Ctrl Pts',(-30.0016043490617,-1.46734469044047,7.27220062942178));
#2228=CARTESIAN_POINT('Ctrl Pts',(-28.8253062617592,-1.91132111461972,7.56320903221227));
#2229=CARTESIAN_POINT('Ctrl Pts',(-26.5404562594234,-2.49633597365972,8.16100190706171));
#2230=CARTESIAN_POINT('Ctrl Pts',(-23.6237418555662,-2.91798293976379,8.97951045393416));
#2231=CARTESIAN_POINT('Ctrl Pts',(-21.2848764386898,-3.01511826066877,9.68006141070008));
#2232=CARTESIAN_POINT('Ctrl Pts',(-20.1185207510959,-2.99999999999853,10.035742727856));
#2233=CARTESIAN_POINT('Ctrl Pts',(-20.0740276618695,3.00000000000356,9.90807665295028));
#2234=CARTESIAN_POINT('Ctrl Pts',(-21.2434226819716,2.99999999998482,9.55875017212903));
#2235=CARTESIAN_POINT('Ctrl Pts',(-23.5889085015737,2.87909232079383,8.87647979009417));
#2236=CARTESIAN_POINT('Ctrl Pts',(-26.5055551283231,2.44125132728292,8.09216810446037));
#2237=CARTESIAN_POINT('Ctrl Pts',(-28.5119589150864,1.93227471979773,7.59430405944939));
#2238=CARTESIAN_POINT('Ctrl Pts',(-29.6238393107547,1.55030826693726,7.33087996173068));
#2239=CARTESIAN_POINT('Ctrl Pts',(-30.4309150405882,1.19621262837315,7.14579406211237));
#2240=CARTESIAN_POINT('Ctrl Pts',(-31.0474194076264,0.812999467089536,7.00925385003079));
#2241=CARTESIAN_POINT('Ctrl Pts',(-31.4282137319725,0.394890848865113,6.92675981710191));
#2242=CARTESIAN_POINT('Ctrl Pts',(-31.5370896693653,0.067274207748323,6.90343331308305));
#2243=CARTESIAN_POINT('Ctrl Pts',(-31.494442684984,-0.198864746908374,6.91257576366974));
#2244=CARTESIAN_POINT('Ctrl Pts',(-31.3800469116758,-0.445840953740394,
6.93718871144182));
#2245=CARTESIAN_POINT('Ctrl Pts',(-31.1443790883847,-0.709053290672079,
6.98825570725465));
#2246=CARTESIAN_POINT('Ctrl Pts',(-30.8573537645502,-0.922280982471835,
7.05141050817786));
#2247=CARTESIAN_POINT('Ctrl Pts',(-30.6115661874012,-1.07468164074545,7.10618415599222));
#2248=CARTESIAN_POINT('Ctrl Pts',(-29.9734281453686,-1.4227619255869,7.24946308942349));
#2249=CARTESIAN_POINT('Ctrl Pts',(-28.795710755965,-1.8587161926869,7.52383916498838));
#2250=CARTESIAN_POINT('Ctrl Pts',(-26.5079492163952,-2.44182027995488,8.09159491094638));
#2251=CARTESIAN_POINT('Ctrl Pts',(-23.5868914977755,-2.87877382361704,8.87698481053162));
#2252=CARTESIAN_POINT('Ctrl Pts',(-21.2434226816038,-2.99999999999073,9.55875017223916));
#2253=CARTESIAN_POINT('Ctrl Pts',(-20.0740276615024,-2.99999999999644,9.90807665306212));
#2254=CARTESIAN_POINT('',(-20.0740276615024,-2.99999999999644,9.9080766530872));
#2255=CARTESIAN_POINT('Origin',(-20.0740276615024,-3.49999999999644,9.90807665305394));
#2256=CARTESIAN_POINT('Ctrl Pts',(-20.0740276618695,3.00000000000356,9.90807665295028));
#2257=CARTESIAN_POINT('Ctrl Pts',(-21.2434226819716,2.99999999998482,9.55875017212903));
#2258=CARTESIAN_POINT('Ctrl Pts',(-23.5889085015737,2.87909232079383,8.87647979009417));
#2259=CARTESIAN_POINT('Ctrl Pts',(-26.5055551283231,2.44125132728292,8.09216810446037));
#2260=CARTESIAN_POINT('Ctrl Pts',(-28.5119589150864,1.93227471979773,7.59430405944939));
#2261=CARTESIAN_POINT('Ctrl Pts',(-29.6238393107547,1.55030826693726,7.33087996173068));
#2262=CARTESIAN_POINT('Ctrl Pts',(-30.4309150405882,1.19621262837315,7.14579406211237));
#2263=CARTESIAN_POINT('Ctrl Pts',(-31.0474194076264,0.812999467089536,7.00925385003079));
#2264=CARTESIAN_POINT('Ctrl Pts',(-31.4282137319725,0.394890848865113,6.92675981710191));
#2265=CARTESIAN_POINT('Ctrl Pts',(-31.5370896693653,0.067274207748323,6.90343331308305));
#2266=CARTESIAN_POINT('Ctrl Pts',(-31.494442684984,-0.198864746908374,6.91257576366974));
#2267=CARTESIAN_POINT('Ctrl Pts',(-31.3800469116758,-0.445840953740394,
6.93718871144182));
#2268=CARTESIAN_POINT('Ctrl Pts',(-31.1443790883847,-0.709053290672079,
6.98825570725465));
#2269=CARTESIAN_POINT('Ctrl Pts',(-30.8573537645502,-0.922280982471835,
7.05141050817786));
#2270=CARTESIAN_POINT('Ctrl Pts',(-30.6115661874012,-1.07468164074545,7.10618415599222));
#2271=CARTESIAN_POINT('Ctrl Pts',(-29.9734281453686,-1.4227619255869,7.24946308942349));
#2272=CARTESIAN_POINT('Ctrl Pts',(-28.795710755965,-1.8587161926869,7.52383916498838));
#2273=CARTESIAN_POINT('Ctrl Pts',(-26.5079492163952,-2.44182027995488,8.09159491094638));
#2274=CARTESIAN_POINT('Ctrl Pts',(-23.5868914977755,-2.87877382361704,8.87698481053162));
#2275=CARTESIAN_POINT('Ctrl Pts',(-21.2434226816038,-2.99999999999073,9.55875017223916));
#2276=CARTESIAN_POINT('Ctrl Pts',(-20.0740276615024,-2.99999999999644,9.90807665306212));
#2277=CARTESIAN_POINT('Ctrl Pts',(-20.2301214272643,-3.65821482904827,10.3559636970264));
#2278=CARTESIAN_POINT('Ctrl Pts',(-19.3202787601087,-3.65395138125577,10.6745603404357));
#2279=CARTESIAN_POINT('Ctrl Pts',(-18.4076995837371,-3.65013318468002,10.9851880898383));
#2280=CARTESIAN_POINT('Ctrl Pts',(-17.4925949118523,-3.64665171226192,11.288126062316));
#2281=CARTESIAN_POINT('Ctrl Pts',(-20.2395073826831,-3.5727147293675,10.3828952519589));
#2282=CARTESIAN_POINT('Ctrl Pts',(-19.3292119055735,-3.56860119873086,10.7006892069872));
#2283=CARTESIAN_POINT('Ctrl Pts',(-18.4162376449305,-3.56492953078883,11.0106135365222));
#2284=CARTESIAN_POINT('Ctrl Pts',(-17.500768845194,-3.56158980671443,11.3129096128991));
#2285=CARTESIAN_POINT('Ctrl Pts',(-20.2426468697997,-3.38657948755694,10.3919035271921));
#2286=CARTESIAN_POINT('Ctrl Pts',(-19.3318129477864,-3.38333768933526,10.7083148744798));
#2287=CARTESIAN_POINT('Ctrl Pts',(-18.4183806811735,-3.38044249153724,11.0170157277786));
#2288=CARTESIAN_POINT('Ctrl Pts',(-17.5025168633235,-3.3778325718759,11.3182096433645));
#2289=CARTESIAN_POINT('Ctrl Pts',(-20.1922026753992,-3.09602383877739,10.2471616728041));
#2290=CARTESIAN_POINT('Ctrl Pts',(-19.2819619288283,-3.09505612122932,10.562619069338));
#2291=CARTESIAN_POINT('Ctrl Pts',(-18.3691429151971,-3.09423893296226,10.8704586728411));
#2292=CARTESIAN_POINT('Ctrl Pts',(-17.4539256028351,-3.09346678189925,11.1708798436363));
#2293=CARTESIAN_POINT('Ctrl Pts',(-20.1185207510913,-2.99999999999639,10.0357427278504));
#2294=CARTESIAN_POINT('Ctrl Pts',(-19.2098175401283,-3.00001963619568,10.3517475838695));
#2295=CARTESIAN_POINT('Ctrl Pts',(-18.2984796554738,-2.99998467228477,10.6600866067582));
#2296=CARTESIAN_POINT('Ctrl Pts',(-17.3846768520327,-2.99999999999601,10.960916066517));
#2297=CARTESIAN_POINT('Ctrl Pts',(-20.0740276614972,-2.99999999999644,9.90807665305554));
#2298=CARTESIAN_POINT('Ctrl Pts',(-19.1662672175625,-2.99999999999631,10.2244415669678));
#2299=CARTESIAN_POINT('Ctrl Pts',(-18.255811858168,-2.99999999999619,10.5330704669215));
#2300=CARTESIAN_POINT('Ctrl Pts',(-17.3428740669748,-2.99999999999606,10.8341690776811));
#2301=CARTESIAN_POINT('Ctrl Pts',(-20.0740276614972,-2.99999999999644,9.90807665305554));
#2302=CARTESIAN_POINT('Ctrl Pts',(-19.2183536575838,-2.99999999999632,10.206288845924));
#2303=CARTESIAN_POINT('Ctrl Pts',(-18.3602851290145,-2.9999999999962,10.4976273255206));
#2304=CARTESIAN_POINT('Ctrl Pts',(-17.5000000416878,-2.99999999999609,10.7822643968236));
#2305=CARTESIAN_POINT('Origin',(-17.5,-2.99999999999644,9.90807665311229));
#2306=CARTESIAN_POINT('',(-17.5,-2.99999999999644,9.90807665311229));
#2307=CARTESIAN_POINT('Origin',(-17.5,3.55670787960394E-12,9.90807665311121));
#2308=CARTESIAN_POINT('',(-17.5,3.00000000000356,9.90807665311013));
#2309=CARTESIAN_POINT('Origin',(-17.5,3.00000000000451,12.5546183885679));
#2310=CARTESIAN_POINT('Ctrl Pts',(-24.0503572568305,2.00000000000356,9.90807665306867));
#2311=CARTESIAN_POINT('Ctrl Pts',(-23.3682433993484,2.00000000000364,10.1527917973425));
#2312=CARTESIAN_POINT('Ctrl Pts',(-22.6847732042106,2.00000000000373,10.3937260263067));
#2313=CARTESIAN_POINT('Ctrl Pts',(-21.9999999999987,2.00000000000382,10.6308978526259));
#2314=CARTESIAN_POINT('Ctrl Pts',(-24.0793656745346,2.00000000000359,9.98893410779755));
#2315=CARTESIAN_POINT('Ctrl Pts',(-23.3968674039435,2.00000090235023,10.2335199396872));
#2316=CARTESIAN_POINT('Ctrl Pts',(-22.7130265652408,1.99999923367252,10.4743446057706));
#2317=CARTESIAN_POINT('Ctrl Pts',(-22.0278879813888,2.00000000000385,10.7114172915149));
#2318=CARTESIAN_POINT('Ctrl Pts',(-24.1371973794029,2.04522359835151,10.1501329882736));
#2319=CARTESIAN_POINT('Ctrl Pts',(-23.4539352034935,2.04495507726063,10.3944666887064));
#2320=CARTESIAN_POINT('Ctrl Pts',(-22.7693556333582,2.04471463006963,10.6350759831049));
#2321=CARTESIAN_POINT('Ctrl Pts',(-22.083490615424,2.04448888577738,10.8719557267151));
#2322=CARTESIAN_POINT('Ctrl Pts',(-24.2128156779139,2.26225285607688,10.3609098465943));
#2323=CARTESIAN_POINT('Ctrl Pts',(-23.528706239583,2.26080724424027,10.6053251065278));
#2324=CARTESIAN_POINT('Ctrl Pts',(-22.8432712553576,2.2594824606997,10.8459964698089));
#2325=CARTESIAN_POINT('Ctrl Pts',(-22.1565746251515,2.25826436818652,11.0829671790212));
#2326=CARTESIAN_POINT('Ctrl Pts',(-24.224685336806,2.4901671479548,10.3939950846897));
#2327=CARTESIAN_POINT('Ctrl Pts',(-23.5407206480695,2.48781654099757,10.6392155792725));
#2328=CARTESIAN_POINT('Ctrl Pts',(-22.8554287665001,2.48567605531328,10.8806626103159));
#2329=CARTESIAN_POINT('Ctrl Pts',(-22.1688162938016,2.48368600689756,11.1183118774054));
#2330=CARTESIAN_POINT('Ctrl Pts',(-24.2146308539288,2.61553523279636,10.3659694301243));
#2331=CARTESIAN_POINT('Ctrl Pts',(-23.5310284107403,2.61297916221503,10.6118635655622));
#2332=CARTESIAN_POINT('Ctrl Pts',(-22.8460479077887,2.6106354611881,10.853898199588));
#2333=CARTESIAN_POINT('Ctrl Pts',(-22.1597420328387,2.60846083164266,11.0921122614904));
#2334=CARTESIAN_POINT('',(-21.9999999999994,2.00000000000382,10.6308978526259));
#2335=CARTESIAN_POINT('Origin',(-21.9999999999987,2.50000000000382,10.6308978526257));
#2336=CARTESIAN_POINT('',(-24.0503572568305,2.00000000000356,9.90807665308958));
#2337=CARTESIAN_POINT('Origin',(-24.0503572568305,2.50000000000356,9.90807665306848));
#2338=CARTESIAN_POINT('Ctrl Pts',(-24.0503572568305,2.00000000000356,9.90807665306867));
#2339=CARTESIAN_POINT('Ctrl Pts',(-23.3682433993484,2.00000000000364,10.1527917973425));
#2340=CARTESIAN_POINT('Ctrl Pts',(-22.6847732042106,2.00000000000373,10.3937260263067));
#2341=CARTESIAN_POINT('Ctrl Pts',(-21.9999999999987,2.00000000000382,10.6308978526259));
#2342=CARTESIAN_POINT('Ctrl Pts',(-21.1574899290565,1.56324279142823,11.6253299237294));
#2343=CARTESIAN_POINT('Ctrl Pts',(-21.1574899290565,1.68571396377717,11.6088613866136));
#2344=CARTESIAN_POINT('Ctrl Pts',(-21.1995974694737,1.9278425803945,11.5580947667507));
#2345=CARTESIAN_POINT('Ctrl Pts',(-21.3901574450237,2.27239678544153,11.4306891291234));
#2346=CARTESIAN_POINT('Ctrl Pts',(-21.7160652289954,2.53682087364602,11.2624905879574));
#2347=CARTESIAN_POINT('Ctrl Pts',(-22.0100155289875,2.60798640807872,11.1440817403462));
#2348=CARTESIAN_POINT('Ctrl Pts',(-22.1597420328387,2.60846083164266,11.0921122614904));
#2349=CARTESIAN_POINT('Ctrl Pts',(-21.2140001895114,1.56074343222703,11.6067429995029));
#2350=CARTESIAN_POINT('Ctrl Pts',(-21.2147099289547,1.67574357485759,11.591043350165));
#2351=CARTESIAN_POINT('Ctrl Pts',(-21.2566020767509,1.90295650449199,11.5428216999216));
#2352=CARTESIAN_POINT('Ctrl Pts',(-21.4411682368618,2.2241753314733,11.4226914359517));
#2353=CARTESIAN_POINT('Ctrl Pts',(-21.752492116852,2.46635688324679,11.265678208821));
#2354=CARTESIAN_POINT('Ctrl Pts',(-22.0275117597896,2.52711322256101,11.1569411226572));
#2355=CARTESIAN_POINT('Ctrl Pts',(-22.1657915401474,2.52527761514595,11.1095786721003));
#2356=CARTESIAN_POINT('Ctrl Pts',(-21.3201377528494,1.55302537664414,11.5493463218962));
#2357=CARTESIAN_POINT('Ctrl Pts',(-21.32208637621,1.65281627977995,11.5346958591817));
#2358=CARTESIAN_POINT('Ctrl Pts',(-21.3629608401485,1.84953313606178,11.4899336959379));
#2359=CARTESIAN_POINT('Ctrl Pts',(-21.5338705638204,2.12256595135622,11.3797429037201));
#2360=CARTESIAN_POINT('Ctrl Pts',(-21.8136428642087,2.31821449281492,11.238437055262));
#2361=CARTESIAN_POINT('Ctrl Pts',(-22.0490168372747,2.35675964641868,11.1438930339266));
#2362=CARTESIAN_POINT('Ctrl Pts',(-22.1636394997113,2.34977817575941,11.1033652037973));
#2363=CARTESIAN_POINT('Ctrl Pts',(-21.4592069707358,1.53171536876671,11.3908707008278));
#2364=CARTESIAN_POINT('Ctrl Pts',(-21.4618826056953,1.6072795109643,11.3764522420106));
#2365=CARTESIAN_POINT('Ctrl Pts',(-21.4972235238593,1.75542801262912,11.3322458010739));
#2366=CARTESIAN_POINT('Ctrl Pts',(-21.6369517757391,1.95467923244331,11.2233141627931));
#2367=CARTESIAN_POINT('Ctrl Pts',(-21.8572283822149,2.084779636627,11.0839749637033));
#2368=CARTESIAN_POINT('Ctrl Pts',(-22.030409789407,2.09699263936064,10.9914782679274));
#2369=CARTESIAN_POINT('Ctrl Pts',(-22.1111952008378,2.08541155683115,10.95194565646));
#2370=CARTESIAN_POINT('Ctrl Pts',(-21.5,1.51190247155968,11.2435286065353));
#2371=CARTESIAN_POINT('Ctrl Pts',(-21.5014095505042,1.5751420717571,11.2282519266564));
#2372=CARTESIAN_POINT('Ctrl Pts',(-21.5284657385948,1.69951175935952,11.1808978395962));
#2373=CARTESIAN_POINT('Ctrl Pts',(-21.6402460831059,1.86948459238179,11.0621994901365));
#2374=CARTESIAN_POINT('Ctrl Pts',(-21.8206187538516,1.98699497574838,10.9066436255389));
#2375=CARTESIAN_POINT('Ctrl Pts',(-21.9697838540007,2.00635456619201,10.7987379153772));
#2376=CARTESIAN_POINT('Ctrl Pts',(-22.0418319720846,2.00000000000391,10.7516770109594));
#2377=CARTESIAN_POINT('Ctrl Pts',(-21.5,1.500000000004,11.1550137836931));
#2378=CARTESIAN_POINT('Ctrl Pts',(-21.5,1.55875822986158,11.1392115002544));
#2379=CARTESIAN_POINT('Ctrl Pts',(-21.5210061518428,1.67488847167728,11.089969948461));
#2380=CARTESIAN_POINT('Ctrl Pts',(-21.6160709717739,1.83996048837438,10.9653443915101));
#2381=CARTESIAN_POINT('Ctrl Pts',(-21.7786579833758,1.96633293080286,10.7999107982545));
#2382=CARTESIAN_POINT('Ctrl Pts',(-21.9253039340467,2.00000000000374,10.6826399543083));
#2383=CARTESIAN_POINT('Ctrl Pts',(-21.9999999999994,2.00000000000382,10.6308978526259));
#2384=CARTESIAN_POINT('',(-21.5,1.50000000000401,11.1550137836931));
#2385=CARTESIAN_POINT('Ctrl Pts',(-21.9999999999994,2.00000000000382,10.6308978526259));
#2386=CARTESIAN_POINT('Ctrl Pts',(-21.9253039340467,2.00000000000374,10.6826399543083));
#2387=CARTESIAN_POINT('Ctrl Pts',(-21.7786579833758,1.96633293080286,10.7999107982545));
#2388=CARTESIAN_POINT('Ctrl Pts',(-21.6160709717739,1.83996048837438,10.9653443915101));
#2389=CARTESIAN_POINT('Ctrl Pts',(-21.5210061518428,1.67488847167728,11.089969948461));
#2390=CARTESIAN_POINT('Ctrl Pts',(-21.5,1.55875822986158,11.1392115002544));
#2391=CARTESIAN_POINT('Ctrl Pts',(-21.5,1.500000000004,11.1550137836931));
#2392=CARTESIAN_POINT('Origin',(-21.,1.50000000000401,11.1550137836931));
#2393=CARTESIAN_POINT('Ctrl Pts',(-21.5,1.50000000000401,11.1550137836931));
#2394=CARTESIAN_POINT('Ctrl Pts',(-21.5,0.50597327270834,11.2886792474801));
#2395=CARTESIAN_POINT('Ctrl Pts',(-21.5,-0.505973272700233,11.2886792474805));
#2396=CARTESIAN_POINT('Ctrl Pts',(-21.5,-1.499999999996,11.1550137836942));
#2397=CARTESIAN_POINT('Ctrl Pts',(-21.5,1.51586996207826,11.2730335474827));
#2398=CARTESIAN_POINT('Ctrl Pts',(-21.5,0.51130758885391,11.4081157256906));
#2399=CARTESIAN_POINT('Ctrl Pts',(-21.5,-0.511307588845711,11.408115725691));
#2400=CARTESIAN_POINT('Ctrl Pts',(-21.5,-1.51586996207015,11.2730335474838));
#2401=CARTESIAN_POINT('Ctrl Pts',(-21.4225373201422,1.54354615546512,11.4788524266226));
#2402=CARTESIAN_POINT('Ctrl Pts',(-21.4225373201422,0.520684533095255,11.6163952807427));
#2403=CARTESIAN_POINT('Ctrl Pts',(-21.4225373201422,-0.520684533086921,
11.6163952807431));
#2404=CARTESIAN_POINT('Ctrl Pts',(-21.4225373201422,-1.54354615545688,11.4788524266237));
#2405=CARTESIAN_POINT('Ctrl Pts',(-21.2422553197388,1.55949375262643,11.5974495373897));
#2406=CARTESIAN_POINT('Ctrl Pts',(-21.2422553197388,0.526028627002476,11.7364182306159));
#2407=CARTESIAN_POINT('Ctrl Pts',(-21.2422553197388,-0.526028626994041,
11.7364182306163));
#2408=CARTESIAN_POINT('Ctrl Pts',(-21.2422553197388,-1.55949375261809,11.5974495373908));
#2409=CARTESIAN_POINT('Ctrl Pts',(-21.1574899290565,1.56324279142823,11.6253299237294));
#2410=CARTESIAN_POINT('Ctrl Pts',(-21.1574899290565,0.527306047476363,11.7646309722143));
#2411=CARTESIAN_POINT('Ctrl Pts',(-21.1574899290565,-0.527306047467913,
11.7646309722147));
#2412=CARTESIAN_POINT('Ctrl Pts',(-21.1574899290565,-1.56324279141987,11.6253299237305));
#2413=CARTESIAN_POINT('',(-21.5,-1.499999999996,11.1550137836942));
#2414=CARTESIAN_POINT('Origin',(-21.,-1.499999999996,11.1550137836942));
#2415=CARTESIAN_POINT('Ctrl Pts',(-21.5,1.50000000000401,11.1550137836931));
#2416=CARTESIAN_POINT('Ctrl Pts',(-21.5,0.50597327270834,11.2886792474801));
#2417=CARTESIAN_POINT('Ctrl Pts',(-21.5,-0.505973272700233,11.2886792474805));
#2418=CARTESIAN_POINT('Ctrl Pts',(-21.5,-1.499999999996,11.1550137836942));
#2419=CARTESIAN_POINT('Ctrl Pts',(-22.1597420328387,-2.6084608316347,11.0921122614922));
#2420=CARTESIAN_POINT('Ctrl Pts',(-21.9351504922025,-2.60774919063322,11.1700670992937));
#2421=CARTESIAN_POINT('Ctrl Pts',(-21.5722856511751,-2.47432371297531,11.3272796047029));
#2422=CARTESIAN_POINT('Ctrl Pts',(-21.2332636858705,-2.04725229725939,11.5274249280736));
#2423=CARTESIAN_POINT('Ctrl Pts',(-21.1574899290605,-1.72653898564854,11.6033716997327));
#2424=CARTESIAN_POINT('Ctrl Pts',(-21.1574899290565,-1.56324279144635,11.625329923727));
#2425=CARTESIAN_POINT('Ctrl Pts',(-22.1657915401474,-2.52527761513797,11.1095786721021));
#2426=CARTESIAN_POINT('Ctrl Pts',(-21.9583702212054,-2.52803104814242,11.1806229125356));
#2427=CARTESIAN_POINT('Ctrl Pts',(-21.6163662430481,-2.41087443521675,11.3256495025068));
#2428=CARTESIAN_POINT('Ctrl Pts',(-21.2896562113033,-2.01490897929337,11.5137354676889));
#2429=CARTESIAN_POINT('Ctrl Pts',(-21.2149465162937,-1.71407817432289,11.5858099673577));
#2430=CARTESIAN_POINT('Ctrl Pts',(-21.2140001895115,-1.56074343224355,11.6067429995007));
#2431=CARTESIAN_POINT('Ctrl Pts',(-22.1636394997112,-2.34977817575144,11.103365203799));
#2432=CARTESIAN_POINT('Ctrl Pts',(-21.991704139663,-2.360250464965,11.164157432117));
#2433=CARTESIAN_POINT('Ctrl Pts',(-21.6937814568484,-2.27757274107473,11.2914620427397));
#2434=CARTESIAN_POINT('Ctrl Pts',(-21.3944239248527,-1.94619868328547,11.4630156181825));
#2435=CARTESIAN_POINT('Ctrl Pts',(-21.3227359379822,-1.68608097158259,11.5298122163666));
#2436=CARTESIAN_POINT('Ctrl Pts',(-21.3201377528498,-1.55302537665742,11.5493463218941));
#2437=CARTESIAN_POINT('Ctrl Pts',(-22.1111952008378,-2.08541155682328,10.9519456564615));
#2438=CARTESIAN_POINT('Ctrl Pts',(-21.9900161206653,-2.10278331867322,11.0112450449228));
#2439=CARTESIAN_POINT('Ctrl Pts',(-21.765483720612,-2.06323141346024,11.1360675987299));
#2440=CARTESIAN_POINT('Ctrl Pts',(-21.5237211362219,-1.82780911037946,11.3056540424995));
#2441=CARTESIAN_POINT('Ctrl Pts',(-21.4627745123702,-1.63246835906919,11.3716459362863));
#2442=CARTESIAN_POINT('Ctrl Pts',(-21.4592069707364,-1.53171536877487,11.3908707008258));
#2443=CARTESIAN_POINT('Ctrl Pts',(-22.0418319720845,-1.99999999999619,10.7516770109608));
#2444=CARTESIAN_POINT('Ctrl Pts',(-21.933758936088,-2.00953192502979,10.822268928591));
#2445=CARTESIAN_POINT('Ctrl Pts',(-21.744080507293,-1.96415515101999,10.966132134179));
#2446=CARTESIAN_POINT('Ctrl Pts',(-21.5492824163327,-1.76052922953622,11.1522462396785));
#2447=CARTESIAN_POINT('Ctrl Pts',(-21.5018794156108,-1.59622260859866,11.2231595381506));
#2448=CARTESIAN_POINT('Ctrl Pts',(-21.5000000000003,-1.51190247156529,11.2435286065331));
#2449=CARTESIAN_POINT('Ctrl Pts',(-21.9999999999994,-1.99999999999618,10.6308978526273));
#2450=CARTESIAN_POINT('Ctrl Pts',(-21.8879550106339,-1.99999999999602,10.7085116219579));
#2451=CARTESIAN_POINT('Ctrl Pts',(-21.7069296809045,-1.93658445758878,10.8638572331738));
#2452=CARTESIAN_POINT('Ctrl Pts',(-21.5378011801204,-1.73214692967592,11.0601185938205));
#2453=CARTESIAN_POINT('Ctrl Pts',(-21.500000000002,-1.57834492910322,11.1339439049923));
#2454=CARTESIAN_POINT('Ctrl Pts',(-21.5,-1.5000000000087,11.1550137836908));
#2455=CARTESIAN_POINT('',(-21.9999999999997,-1.99999999999618,10.6308978526273));
#2456=CARTESIAN_POINT('Ctrl Pts',(-21.5,-1.5000000000087,11.1550137836908));
#2457=CARTESIAN_POINT('Ctrl Pts',(-21.500000000002,-1.57834492910322,11.1339439049923));
#2458=CARTESIAN_POINT('Ctrl Pts',(-21.5378011801204,-1.73214692967592,11.0601185938205));
#2459=CARTESIAN_POINT('Ctrl Pts',(-21.7069296809045,-1.93658445758878,10.8638572331738));
#2460=CARTESIAN_POINT('Ctrl Pts',(-21.8879550106339,-1.99999999999602,10.7085116219579));
#2461=CARTESIAN_POINT('Ctrl Pts',(-21.9999999999994,-1.99999999999618,10.6308978526273));
#2462=CARTESIAN_POINT('Origin',(-21.9999999999987,-2.49999999999618,10.6308978526275));
#2463=CARTESIAN_POINT('Ctrl Pts',(-22.0000000003011,-1.99999999999618,10.6308978525226));
#2464=CARTESIAN_POINT('Ctrl Pts',(-22.6847732044118,-1.99999999999627,10.3937260262373));
#2465=CARTESIAN_POINT('Ctrl Pts',(-23.3682433994488,-1.99999999999636,10.1527917973079));
#2466=CARTESIAN_POINT('Ctrl Pts',(-24.0503572568305,-1.99999999999644,9.9080766530701));
#2467=CARTESIAN_POINT('Ctrl Pts',(-22.0278879816914,-1.99999999999616,10.7114172914117));
#2468=CARTESIAN_POINT('Ctrl Pts',(-22.7130265654422,-1.999999233665,10.4743446057011));
#2469=CARTESIAN_POINT('Ctrl Pts',(-23.396867404044,-2.00000090234288,10.2335199396526));
#2470=CARTESIAN_POINT('Ctrl Pts',(-24.0793656745346,-1.99999999999641,9.98893410779898));
#2471=CARTESIAN_POINT('Ctrl Pts',(-22.0834906157268,-2.04448888576967,10.871955726612));
#2472=CARTESIAN_POINT('Ctrl Pts',(-22.7693556335597,-2.04471463006206,10.6350759830356));
#2473=CARTESIAN_POINT('Ctrl Pts',(-23.453935203594,-2.04495507725321,10.3944666886719));
#2474=CARTESIAN_POINT('Ctrl Pts',(-24.1371973794029,-2.04522359834422,10.1501329882751));
#2475=CARTESIAN_POINT('Ctrl Pts',(-22.1565746254547,-2.2582643681791,11.0829671789182));
#2476=CARTESIAN_POINT('Ctrl Pts',(-22.8432712555593,-2.2594824606923,10.8459964697397));
#2477=CARTESIAN_POINT('Ctrl Pts',(-23.5287062396836,-2.26080724423287,10.6053251064934));
#2478=CARTESIAN_POINT('Ctrl Pts',(-24.2128156779139,-2.26225285606944,10.3609098465959));
#2479=CARTESIAN_POINT('Ctrl Pts',(-22.1688162941048,-2.48368600689046,11.1183118773022));
#2480=CARTESIAN_POINT('Ctrl Pts',(-22.8554287667019,-2.4856760553061,10.8806626102466));
#2481=CARTESIAN_POINT('Ctrl Pts',(-23.5407206481702,-2.48781654099028,10.6392155792382));
#2482=CARTESIAN_POINT('Ctrl Pts',(-24.224685336806,-2.49016714794734,10.3939950846915));
#2483=CARTESIAN_POINT('Ctrl Pts',(-22.1597420331418,-2.60846083163566,11.092112261387));
#2484=CARTESIAN_POINT('Ctrl Pts',(-22.8460479079904,-2.610635461181,10.8538981995186));
#2485=CARTESIAN_POINT('Ctrl Pts',(-23.5310284108409,-2.61297916220779,10.6118635655279));
#2486=CARTESIAN_POINT('Ctrl Pts',(-24.2146308539288,-2.61553523278892,10.3659694301262));
#2487=CARTESIAN_POINT('',(-24.0503572568305,-1.99999999999644,9.90807665309101));
#2488=CARTESIAN_POINT('Origin',(-24.0503572568305,-2.49999999999644,9.90807665307028));
#2489=CARTESIAN_POINT('Ctrl Pts',(-22.0000000003011,-1.99999999999618,10.6308978525226));
#2490=CARTESIAN_POINT('Ctrl Pts',(-22.6847732044118,-1.99999999999627,10.3937260262373));
#2491=CARTESIAN_POINT('Ctrl Pts',(-23.3682433994488,-1.99999999999636,10.1527917973079));
#2492=CARTESIAN_POINT('Ctrl Pts',(-24.0503572568305,-1.99999999999644,9.9080766530701));
#2493=CARTESIAN_POINT('Ctrl Pts',(-24.0503572571381,-1.99999999999644,9.9080766529902));
#2494=CARTESIAN_POINT('Ctrl Pts',(-24.8425817248938,-1.99999999998269,9.68070191454084));
#2495=CARTESIAN_POINT('Ctrl Pts',(-26.4305665685706,-1.92337065095393,9.23528719019947));
#2496=CARTESIAN_POINT('Ctrl Pts',(-28.4035702899361,-1.63923563187365,8.71311290699322));
#2497=CARTESIAN_POINT('Ctrl Pts',(-29.7514780078658,-1.29965487056278,8.37463997999601));
#2498=CARTESIAN_POINT('Ctrl Pts',(-30.4947659231741,-1.03945586594458,8.19320161233252));
#2499=CARTESIAN_POINT('Ctrl Pts',(-31.0262636228248,-0.797178271342529,
8.06593837745625));
#2500=CARTESIAN_POINT('Ctrl Pts',(-31.4245195189526,-0.532492511330029,
7.97243934085478));
#2501=CARTESIAN_POINT('Ctrl Pts',(-31.6540105522891,-0.251155412579921,
7.91917670130074));
#2502=CARTESIAN_POINT('Ctrl Pts',(-31.7264406655757,0.000515412673381465,
7.90245534967905));
#2503=CARTESIAN_POINT('Ctrl Pts',(-31.6535064070163,0.252142224456873,7.91929334918312));
#2504=CARTESIAN_POINT('Ctrl Pts',(-31.4236604926318,0.533088176582005,7.97263993810585));
#2505=CARTESIAN_POINT('Ctrl Pts',(-31.0252459517698,0.797764870533663,8.06617841298925));
#2506=CARTESIAN_POINT('Ctrl Pts',(-30.4935290338967,1.03992370847735,8.19350339550364));
#2507=CARTESIAN_POINT('Ctrl Pts',(-29.7507043457096,1.29985208633918,8.37482907558722));
#2508=CARTESIAN_POINT('Ctrl Pts',(-28.4013022293004,1.63971161556627,8.71369861339641));
#2509=CARTESIAN_POINT('Ctrl Pts',(-26.4297985914666,1.92341228073685,9.23550789339551));
#2510=CARTESIAN_POINT('Ctrl Pts',(-24.8425817248938,1.99999999998964,9.6807019145394));
#2511=CARTESIAN_POINT('Ctrl Pts',(-24.0503572571381,2.00000000000356,9.90807665298876));
#2512=CARTESIAN_POINT('Ctrl Pts',(-24.079365674841,-2.00000000000134,9.98893410771671));
#2513=CARTESIAN_POINT('Ctrl Pts',(-24.8695685362723,-2.00922249536322,9.75716732545207));
#2514=CARTESIAN_POINT('Ctrl Pts',(-26.4544762307042,-1.94755894145102,9.29939953959772));
#2515=CARTESIAN_POINT('Ctrl Pts',(-28.4247117348733,-1.67227285337966,8.75595152151735));
#2516=CARTESIAN_POINT('Ctrl Pts',(-29.7710536095658,-1.33139961635559,8.40082902722356));
#2517=CARTESIAN_POINT('Ctrl Pts',(-30.5135351517792,-1.06726441508522,8.20970823689299));
#2518=CARTESIAN_POINT('Ctrl Pts',(-31.0444853018667,-0.819894938829932,
8.07531238699567));
#2519=CARTESIAN_POINT('Ctrl Pts',(-31.4423463133802,-0.548315134625548,
7.97632337270037));
#2520=CARTESIAN_POINT('Ctrl Pts',(-31.671614952625,-0.258783474037141,7.91985268808622));
#2521=CARTESIAN_POINT('Ctrl Pts',(-31.7439754412632,0.000531246707088022,
7.90211253902502));
#2522=CARTESIAN_POINT('Ctrl Pts',(-31.671111290504,0.259800114889566,7.91997642309865));
#2523=CARTESIAN_POINT('Ctrl Pts',(-31.4414881251327,0.548926651936245,7.97653571463315));
#2524=CARTESIAN_POINT('Ctrl Pts',(-31.0434685631924,0.820496075433101,8.07556654889376));
#2525=CARTESIAN_POINT('Ctrl Pts',(-30.5122997593065,1.06773967948872,8.21002626683752));
#2526=CARTESIAN_POINT('Ctrl Pts',(-29.7702800209358,1.33159948285243,8.40102692203532));
#2527=CARTESIAN_POINT('Ctrl Pts',(-28.4224480850085,1.67274302963333,8.75656508003776));
#2528=CARTESIAN_POINT('Ctrl Pts',(-26.453711112121,1.94759193544372,9.29962448229459));
#2529=CARTESIAN_POINT('Ctrl Pts',(-24.8695685362723,2.00922249537023,9.75716732545063));
#2530=CARTESIAN_POINT('Ctrl Pts',(-24.079365674841,2.00000000000851,9.98893410771528));
#2531=CARTESIAN_POINT('Ctrl Pts',(-24.1371978290258,-2.045224165745,10.150134240607));
#2532=CARTESIAN_POINT('Ctrl Pts',(-24.9234108833836,-2.06761229447761,9.90453293502302));
#2533=CARTESIAN_POINT('Ctrl Pts',(-26.5022177896545,-2.02475479096571,9.41571292851327));
#2534=CARTESIAN_POINT('Ctrl Pts',(-28.4669690352244,-1.75367306228363,8.82915479769455));
#2535=CARTESIAN_POINT('Ctrl Pts',(-29.8101920112887,-1.40264715837174,8.44361553098719));
#2536=CARTESIAN_POINT('Ctrl Pts',(-30.5510688339768,-1.12707658484135,8.23553955982115));
#2537=CARTESIAN_POINT('Ctrl Pts',(-31.080926382536,-0.867375896175481,8.08897747779139));
#2538=CARTESIAN_POINT('Ctrl Pts',(-31.4779991415756,-0.58076597084226,7.98084553819777));
#2539=CARTESIAN_POINT('Ctrl Pts',(-31.7068234343833,-0.274275739660105,
7.91910516020924));
#2540=CARTESIAN_POINT('Ctrl Pts',(-31.7790448193237,0.000563282429578468,
7.89970102766488));
#2541=CARTESIAN_POINT('Ctrl Pts',(-31.706320737287,0.275353079960518,7.91924047946917));
#2542=CARTESIAN_POINT('Ctrl Pts',(-31.4771426506952,0.581411653789716,7.98107764110777));
#2543=CARTESIAN_POINT('Ctrl Pts',(-31.0799115199735,0.868009205445423,8.08925476909092));
#2544=CARTESIAN_POINT('Ctrl Pts',(-30.5498363358938,1.12757338002394,8.23588585359148));
#2545=CARTESIAN_POINT('Ctrl Pts',(-29.8094190768954,1.40285154737913,8.44383014351093));
#2546=CARTESIAN_POINT('Ctrl Pts',(-28.4647132672583,1.75415532383392,8.82982110814712));
#2547=CARTESIAN_POINT('Ctrl Pts',(-26.501458069234,2.02477980715687,9.41595430067203));
#2548=CARTESIAN_POINT('Ctrl Pts',(-24.9234108833836,2.06761229448472,9.90453293502153));
#2549=CARTESIAN_POINT('Ctrl Pts',(-24.1371978290258,2.04522416575229,10.1501342406055));
#2550=CARTESIAN_POINT('Ctrl Pts',(-24.2128146327351,-2.26225280779259,10.3609069323379));
#2551=CARTESIAN_POINT('Ctrl Pts',(-24.996657669743,-2.28590548045291,10.0872145986327));
#2552=CARTESIAN_POINT('Ctrl Pts',(-26.5714781892119,-2.2359138754111,9.54494460784325));
#2553=CARTESIAN_POINT('Ctrl Pts',(-28.5327116689252,-1.9338927695264,8.90091374997481));
#2554=CARTESIAN_POINT('Ctrl Pts',(-29.8737685527254,-1.54558232987027,8.47998883998617));
#2555=CARTESIAN_POINT('Ctrl Pts',(-30.6135531175619,-1.24140811477998,8.25362818677564));
#2556=CARTESIAN_POINT('Ctrl Pts',(-31.142638984231,-0.95506877371781,8.09446761470844));
#2557=CARTESIAN_POINT('Ctrl Pts',(-31.5391558909807,-0.639347470578452,
7.97730105922689));
#2558=CARTESIAN_POINT('Ctrl Pts',(-31.7676625835519,-0.301908200419389,
7.91047614537731));
#2559=CARTESIAN_POINT('Ctrl Pts',(-31.8397849212342,0.000619994148100934,
7.88948721174049));
#2560=CARTESIAN_POINT('Ctrl Pts',(-31.7671605770337,0.303094103957177,7.91062255275726));
#2561=CARTESIAN_POINT('Ctrl Pts',(-31.5383007152485,0.640058706117625,7.97755275041526));
#2562=CARTESIAN_POINT('Ctrl Pts',(-31.1416257853364,0.955766494734184,8.09476896822251));
#2563=CARTESIAN_POINT('Ctrl Pts',(-30.6123218665972,1.2419562231522,8.25400316160596));
#2564=CARTESIAN_POINT('Ctrl Pts',(-29.8730004362482,1.54580884022825,8.48023325670747));
#2565=CARTESIAN_POINT('Ctrl Pts',(-28.5304529706392,1.93442658953564,8.9016230843485));
#2566=CARTESIAN_POINT('Ctrl Pts',(-26.5707175380477,2.23594370808557,9.54520340131307));
#2567=CARTESIAN_POINT('Ctrl Pts',(-24.996657669743,2.28590548046016,10.0872145986311));
#2568=CARTESIAN_POINT('Ctrl Pts',(-24.2128146327351,2.26225280780003,10.3609069323363));
#2569=CARTESIAN_POINT('Ctrl Pts',(-24.2246853371114,-2.49016714795238,10.393995084581));
#2570=CARTESIAN_POINT('Ctrl Pts',(-25.013594138824,-2.50036508102417,10.1090440459622));
#2571=CARTESIAN_POINT('Ctrl Pts',(-26.596761187861,-2.42155492144335,9.5504596497862));
#2572=CARTESIAN_POINT('Ctrl Pts',(-28.5652407510799,-2.07846757251804,8.89413630002978));
#2573=CARTESIAN_POINT('Ctrl Pts',(-29.9105941795824,-1.65491964665766,8.46915843466032));
#2574=CARTESIAN_POINT('Ctrl Pts',(-30.6525087627152,-1.32677090465688,8.24139966657332));
#2575=CARTESIAN_POINT('Ctrl Pts',(-31.183073048927,-1.0194089816514,8.08178577708045));
#2576=CARTESIAN_POINT('Ctrl Pts',(-31.5806382159312,-0.681843009800929,
7.96458941829835));
#2577=CARTESIAN_POINT('Ctrl Pts',(-31.8097374135879,-0.321832632593209,
7.89786558172608));
#2578=CARTESIAN_POINT('Ctrl Pts',(-31.8820437157964,0.000660726758686879,
7.87692183114977));
#2579=CARTESIAN_POINT('Ctrl Pts',(-31.8092341232507,0.323096948612256,7.89801170139194));
#2580=CARTESIAN_POINT('Ctrl Pts',(-31.5797805759728,0.68260307717042,7.96484038475564));
#2581=CARTESIAN_POINT('Ctrl Pts',(-31.1820567629027,1.02015609379283,8.0820861083648));
#2582=CARTESIAN_POINT('Ctrl Pts',(-30.6512749457803,1.3273615217056,8.24178030696891));
#2583=CARTESIAN_POINT('Ctrl Pts',(-29.909817443912,1.65516658256926,8.46938464636063));
#2584=CARTESIAN_POINT('Ctrl Pts',(-28.5629859623539,2.07905400796224,8.89489260036985));
#2585=CARTESIAN_POINT('Ctrl Pts',(-26.5960009559339,2.42159608955925,9.55074506751372));
#2586=CARTESIAN_POINT('Ctrl Pts',(-25.0135941388239,2.50036508103143,10.1090440459604));
#2587=CARTESIAN_POINT('Ctrl Pts',(-24.2246853371114,2.49016714795984,10.3939950845792));
#2588=CARTESIAN_POINT('Ctrl Pts',(-24.214630854237,-2.61553523279007,10.3659694300153));
#2589=CARTESIAN_POINT('Ctrl Pts',(-25.0085842034779,-2.61850391847426,10.0803816964828));
#2590=CARTESIAN_POINT('Ctrl Pts',(-26.5999838416265,-2.5248361696272,9.52176880729283));
#2591=CARTESIAN_POINT('Ctrl Pts',(-28.5771075918388,-2.16044886563421,8.86997350810456));
#2592=CARTESIAN_POINT('Ctrl Pts',(-29.9277706761834,-1.71801792361969,8.44984617183066));
#2593=CARTESIAN_POINT('Ctrl Pts',(-30.6725624319012,-1.37657719919991,8.22544577661442));
#2594=CARTESIAN_POINT('Ctrl Pts',(-31.2051283575227,-1.0573098058392,8.06846406191268));
#2595=CARTESIAN_POINT('Ctrl Pts',(-31.6041795370917,-0.707056829470585,
7.95347156451289));
#2596=CARTESIAN_POINT('Ctrl Pts',(-31.8341271986728,-0.333703880471805,
7.88808563536628));
#2597=CARTESIAN_POINT('Ctrl Pts',(-31.9067011923912,0.000685091966768019,
7.8675762723286));
#2598=CARTESIAN_POINT('Ctrl Pts',(-31.8336220513016,0.3350148364518,7.88822876433174));
#2599=CARTESIAN_POINT('Ctrl Pts',(-31.6033187980476,0.707845446740843,7.9537180537585));
#2600=CARTESIAN_POINT('Ctrl Pts',(-31.2041086515581,1.05808486713459,8.06875953621479));
#2601=CARTESIAN_POINT('Ctrl Pts',(-30.671323040224,1.37719178720638,8.22581900967304));
#2602=CARTESIAN_POINT('Ctrl Pts',(-29.9269954483413,1.71827423487772,8.45008021071003));
#2603=CARTESIAN_POINT('Ctrl Pts',(-28.5748348443954,2.16106696913525,8.87070281968695));
#2604=CARTESIAN_POINT('Ctrl Pts',(-26.5992141994666,2.5248881590022,9.52204630951275));
#2605=CARTESIAN_POINT('Ctrl Pts',(-25.0085842034779,2.6185039184815,10.080381696481));
#2606=CARTESIAN_POINT('Ctrl Pts',(-24.214630854237,2.61553523279752,10.3659694300135));
#2607=CARTESIAN_POINT('Ctrl Pts',(-24.0503572571381,-1.99999999999644,9.9080766529902));
#2608=CARTESIAN_POINT('Ctrl Pts',(-24.8425817248938,-1.99999999998269,9.68070191454084));
#2609=CARTESIAN_POINT('Ctrl Pts',(-26.4305665685706,-1.92337065095393,9.23528719019947));
#2610=CARTESIAN_POINT('Ctrl Pts',(-28.4035702899361,-1.63923563187365,8.71311290699322));
#2611=CARTESIAN_POINT('Ctrl Pts',(-29.7514780078658,-1.29965487056278,8.37463997999601));
#2612=CARTESIAN_POINT('Ctrl Pts',(-30.4947659231741,-1.03945586594458,8.19320161233252));
#2613=CARTESIAN_POINT('Ctrl Pts',(-31.0262636228248,-0.797178271342529,
8.06593837745625));
#2614=CARTESIAN_POINT('Ctrl Pts',(-31.4245195189526,-0.532492511330029,
7.97243934085478));
#2615=CARTESIAN_POINT('Ctrl Pts',(-31.6540105522891,-0.251155412579921,
7.91917670130074));
#2616=CARTESIAN_POINT('Ctrl Pts',(-31.7264406655757,0.000515412673381465,
7.90245534967905));
#2617=CARTESIAN_POINT('Ctrl Pts',(-31.6535064070163,0.252142224456873,7.91929334918312));
#2618=CARTESIAN_POINT('Ctrl Pts',(-31.4236604926318,0.533088176582005,7.97263993810585));
#2619=CARTESIAN_POINT('Ctrl Pts',(-31.0252459517698,0.797764870533663,8.06617841298925));
#2620=CARTESIAN_POINT('Ctrl Pts',(-30.4935290338967,1.03992370847735,8.19350339550364));
#2621=CARTESIAN_POINT('Ctrl Pts',(-29.7507043457096,1.29985208633918,8.37482907558722));
#2622=CARTESIAN_POINT('Ctrl Pts',(-28.4013022293004,1.63971161556627,8.71369861339641));
#2623=CARTESIAN_POINT('Ctrl Pts',(-26.4297985914666,1.92341228073685,9.23550789339551));
#2624=CARTESIAN_POINT('Ctrl Pts',(-24.8425817248938,1.99999999998964,9.6807019145394));
#2625=CARTESIAN_POINT('Ctrl Pts',(-24.0503572571381,2.00000000000356,9.90807665298876));
#2626=CARTESIAN_POINT('Origin',(-21.5,5.09370323698022E-12,13.1897626102831));
#2627=CARTESIAN_POINT('',(-21.5,1.50000000000356,9.90807665311067));
#2628=CARTESIAN_POINT('',(-21.5,1.50000000000568,15.8306055888681));
#2629=CARTESIAN_POINT('',(-21.5,-1.49999999999644,9.90807665311175));
#2630=CARTESIAN_POINT('Origin',(-21.5,3.55670787960394E-12,9.90807665311121));
#2631=CARTESIAN_POINT('',(-21.5,-1.49999999999585,11.5489196316977));
#2632=CARTESIAN_POINT('',(-21.5,3.14403255185427E-12,8.75807665311121));
#2633=CARTESIAN_POINT('Origin',(-21.5,3.55670787960394E-12,9.90807665311121));
#2634=CARTESIAN_POINT('Origin',(-22.,1.50000000000568,15.8306055888681));
#2635=CARTESIAN_POINT('',(-22.,2.00000000000356,9.90807665311049));
#2636=CARTESIAN_POINT('',(-22.,2.00000000000568,15.8306055888679));
#2637=CARTESIAN_POINT('Origin',(-22.,1.50000000000356,9.90807665311067));
#2638=CARTESIAN_POINT('Origin',(-21.5,2.00000000000663,18.4714485674535));
#2639=CARTESIAN_POINT('',(-21.5,2.00000000000356,9.90807665311049));
#2640=CARTESIAN_POINT('Origin',(-22.,-1.49999999999585,11.5489196316977));
#2641=CARTESIAN_POINT('',(-22.,-1.99999999999644,9.90807665311193));
#2642=CARTESIAN_POINT('Origin',(-22.,-1.49999999999644,9.90807665311175));
#2643=CARTESIAN_POINT('',(-22.,-1.99999999999585,11.5489196316979));
#2644=CARTESIAN_POINT('Origin',(-22.,3.55670787960394E-12,9.90807665311121));
#2645=CARTESIAN_POINT('Origin',(-22.,3.55670787960394E-12,9.90807665311121));
#2646=CARTESIAN_POINT('Origin',(-21.5,3.55670787960394E-12,9.90807665311121));
#2647=CARTESIAN_POINT('',(-21.5,3.14403255185427E-12,8.75807665311121));
#2648=CARTESIAN_POINT('Origin',(-21.5,-1.99999999999644,9.90807665311193));
#2649=CARTESIAN_POINT('',(-21.5,-1.99999999999644,9.90807665311193));
#2650=CARTESIAN_POINT('Origin',(-21.5,3.55670787960394E-12,9.90807665311121));
#2651=CARTESIAN_POINT('Ctrl Pts',(-36.5189244220973,4.95032045953582,6.93889390390723E-17));
#2652=CARTESIAN_POINT('Ctrl Pts',(-36.5189244220973,4.95032045953581,-0.740533114292179));
#2653=CARTESIAN_POINT('Ctrl Pts',(-36.5189244220973,4.61267590870458,-2.22136584186357));
#2654=CARTESIAN_POINT('Ctrl Pts',(-36.5189244220973,3.19228687343689,-4.0022012293818));
#2655=CARTESIAN_POINT('Ctrl Pts',(-36.5189244220973,1.13876076276518,-4.99206830990816));
#2656=CARTESIAN_POINT('Ctrl Pts',(-36.5189244220973,-0.885126545901172,
-4.98983551012583));
#2657=CARTESIAN_POINT('Ctrl Pts',(-36.5189244220973,-2.97826453290117,-4.17036853191164));
#2658=CARTESIAN_POINT('Ctrl Pts',(-36.5189244220973,-4.2095642266766,-2.85017820433261));
#2659=CARTESIAN_POINT('Ctrl Pts',(-36.5189244220973,-4.74647830845703,-1.46403099964668));
#2660=CARTESIAN_POINT('Ctrl Pts',(-36.5189244220973,-5.08295175348418,-0.0168986692899829));
#2661=CARTESIAN_POINT('Ctrl Pts',(-36.5189244220973,-4.77205103947134,2.02371896129314));
#2662=CARTESIAN_POINT('Ctrl Pts',(-36.5189244220973,-3.19134331949283,4.00244129817097));
#2663=CARTESIAN_POINT('Ctrl Pts',(-36.5189244220973,-1.13963991038489,4.99134135154331));
#2664=CARTESIAN_POINT('Ctrl Pts',(-36.5189244220973,1.13945522236967,4.99116780435509));
#2665=CARTESIAN_POINT('Ctrl Pts',(-36.5189244220973,3.19180800535963,4.00275252153816));
#2666=CARTESIAN_POINT('Ctrl Pts',(-36.5189244220973,4.61285199862263,2.2212134689881));
#2667=CARTESIAN_POINT('Ctrl Pts',(-36.5189244220973,4.95032045953582,0.740533114292178));
#2668=CARTESIAN_POINT('Ctrl Pts',(-36.5189244220973,4.95032045953582,-4.16333634234434E-16));
#2669=CARTESIAN_POINT('Ctrl Pts',(-36.9352323786074,4.7794355723921,1.38169330370846E-16));
#2670=CARTESIAN_POINT('Ctrl Pts',(-36.9352323786074,4.7794355723921,-0.715000911991293));
#2671=CARTESIAN_POINT('Ctrl Pts',(-36.9352323786073,4.45344666358355,-2.1446631708551));
#2672=CARTESIAN_POINT('Ctrl Pts',(-36.9352323786074,3.08208969795564,-3.86405587506135));
#2673=CARTESIAN_POINT('Ctrl Pts',(-36.9352323786073,1.09945049130513,-4.81973692430969));
#2674=CARTESIAN_POINT('Ctrl Pts',(-36.9352323786074,-0.854571109931702,
-4.81759065159487));
#2675=CARTESIAN_POINT('Ctrl Pts',(-36.9352323786073,-2.87545614935576,-4.02640396954194));
#2676=CARTESIAN_POINT('Ctrl Pts',(-36.9352323786074,-4.0642497056276,-2.75179397012633));
#2677=CARTESIAN_POINT('Ctrl Pts',(-36.9352323786073,-4.58263022390514,-1.4134922645961));
#2678=CARTESIAN_POINT('Ctrl Pts',(-36.9352323786074,-4.90748871675459,-0.0163149339197454));
#2679=CARTESIAN_POINT('Ctrl Pts',(-36.9352323786073,-4.60732042354552,1.95386051035673));
#2680=CARTESIAN_POINT('Ctrl Pts',(-36.9352323786074,-3.08117815682552,3.86427661063188));
#2681=CARTESIAN_POINT('Ctrl Pts',(-36.9352323786073,-1.10029950416707,4.81904317797614));
#2682=CARTESIAN_POINT('Ctrl Pts',(-36.9352323786074,1.10012066646262,4.81886808060004));
#2683=CARTESIAN_POINT('Ctrl Pts',(-36.9352323786073,3.081627920246,3.86458749440736));
#2684=CARTESIAN_POINT('Ctrl Pts',(-36.9352323786074,4.45361634205479,2.14451644231748));
#2685=CARTESIAN_POINT('Ctrl Pts',(-36.9352323786074,4.7794355723921,0.715000911991282));
#2686=CARTESIAN_POINT('Ctrl Pts',(-36.9352323786074,4.7794355723921,-4.11590158970173E-16));
#2687=CARTESIAN_POINT('Ctrl Pts',(-37.7089288450043,4.29581863166934,2.72967461555729E-16));
#2688=CARTESIAN_POINT('Ctrl Pts',(-37.7089288450043,4.29581863166934,-0.642621911969522));
#2689=CARTESIAN_POINT('Ctrl Pts',(-37.7089288450043,4.00281541594116,-1.9276717043865));
#2690=CARTESIAN_POINT('Ctrl Pts',(-37.7089288450043,2.77022172022171,-3.47305327750568));
#2691=CARTESIAN_POINT('Ctrl Pts',(-37.7089288450043,0.988200632648929,-4.33204723451297));
#2692=CARTESIAN_POINT('Ctrl Pts',(-37.7089288450043,-0.768100464116522,
-4.33010893022514));
#2693=CARTESIAN_POINT('Ctrl Pts',(-37.7089288450043,-2.58449607990299,-3.61898756350628));
#2694=CARTESIAN_POINT('Ctrl Pts',(-37.7089288450043,-3.65300080575374,-2.4733443643774));
#2695=CARTESIAN_POINT('Ctrl Pts',(-37.7089288450043,-4.1189272598196,-1.27046559104616));
#2696=CARTESIAN_POINT('Ctrl Pts',(-37.7089288450042,-4.41091418652768,-0.0146644577610725));
#2697=CARTESIAN_POINT('Ctrl Pts',(-37.7089288450043,-4.14111889899696,1.75615489840947));
#2698=CARTESIAN_POINT('Ctrl Pts',(-37.7089288450043,-2.76940295943286,3.473262437968));
#2699=CARTESIAN_POINT('Ctrl Pts',(-37.7089288450042,-0.98896352854193,4.33141577872994));
#2700=CARTESIAN_POINT('Ctrl Pts',(-37.7089288450043,0.988803298432373,4.33126574500604));
#2701=CARTESIAN_POINT('Ctrl Pts',(-37.7089288450042,2.76980612304776,3.47353172948412));
#2702=CARTESIAN_POINT('Ctrl Pts',(-37.7089288450043,4.00296824937427,1.92753944838279));
#2703=CARTESIAN_POINT('Ctrl Pts',(-37.7089288450043,4.29581863166934,0.642621911969492));
#2704=CARTESIAN_POINT('Ctrl Pts',(-37.7089288450043,4.29581863166934,-3.88787657410332E-16));
#2705=CARTESIAN_POINT('Ctrl Pts',(-38.709386925529,3.04888228474388,4.73373551074053E-16));
#2706=CARTESIAN_POINT('Ctrl Pts',(-38.709386925529,3.04888228474388,-0.45607162849774));
#2707=CARTESIAN_POINT('Ctrl Pts',(-38.7093869255289,2.84092827149075,-1.36814370051245));
#2708=CARTESIAN_POINT('Ctrl Pts',(-38.709386925529,1.9661162432011,-2.46493282191557));
#2709=CARTESIAN_POINT('Ctrl Pts',(-38.7093869255289,0.701358317870713,-3.0745980300585));
#2710=CARTESIAN_POINT('Ctrl Pts',(-38.709386925529,-0.545146420213979,-3.07321684330662));
#2711=CARTESIAN_POINT('Ctrl Pts',(-38.7093869255289,-1.83430027586075,-2.5685153406994));
#2712=CARTESIAN_POINT('Ctrl Pts',(-38.709386925529,-2.5926538529747,-1.75541076242229));
#2713=CARTESIAN_POINT('Ctrl Pts',(-38.7093869255289,-2.92333661724619,-0.901691030201793));
#2714=CARTESIAN_POINT('Ctrl Pts',(-38.709386925529,-3.13056918361688,-0.0104080725234702));
#2715=CARTESIAN_POINT('Ctrl Pts',(-38.7093869255289,-2.93908660680262,1.24640013394781));
#2716=CARTESIAN_POINT('Ctrl Pts',(-38.709386925529,-1.96553546766328,2.4650877088695));
#2717=CARTESIAN_POINT('Ctrl Pts',(-38.7093869255289,-0.701899645525857,
3.07414513351144));
#2718=CARTESIAN_POINT('Ctrl Pts',(-38.709386925529,0.701786231101574,3.07404304551393));
#2719=CARTESIAN_POINT('Ctrl Pts',(-38.7093869255289,1.96582095400884,2.46527276922094));
#2720=CARTESIAN_POINT('Ctrl Pts',(-38.709386925529,2.84103693636477,1.36804961002962));
#2721=CARTESIAN_POINT('Ctrl Pts',(-38.709386925529,3.04888228474388,0.456071628497677));
#2722=CARTESIAN_POINT('Ctrl Pts',(-38.709386925529,3.04888228474388,-3.06939133373333E-16));
#2723=CARTESIAN_POINT('Ctrl Pts',(-39.,1.92495609630975,5.63572161174145E-16));
#2724=CARTESIAN_POINT('Ctrl Pts',(-39.,1.92495609630975,-0.287998065155439));
#2725=CARTESIAN_POINT('Ctrl Pts',(-39.,1.79366157895718,-0.863762741243602));
#2726=CARTESIAN_POINT('Ctrl Pts',(-39.,1.24133677832947,-1.55628826915277));
#2727=CARTESIAN_POINT('Ctrl Pts',(-39.,0.442812282517695,-1.94118333901548));
#2728=CARTESIAN_POINT('Ctrl Pts',(-39.,-0.344184638150464,-1.94032675204393));
#2729=CARTESIAN_POINT('Ctrl Pts',(-39.,-1.15811407649612,-1.62166358782299));
#2730=CARTESIAN_POINT('Ctrl Pts',(-39.,-1.63690881391297,-1.10831030848592));
#2731=CARTESIAN_POINT('Ctrl Pts',(-39.,-1.84569130849613,-0.569295009566989));
#2732=CARTESIAN_POINT('Ctrl Pts',(-39.,-1.97653076021176,-0.006570643953004));
#2733=CARTESIAN_POINT('Ctrl Pts',(-39.,-1.85563568267606,0.786933239092019));
#2734=CARTESIAN_POINT('Ctrl Pts',(-39.,-1.24096918430034,1.55636800702638));
#2735=CARTESIAN_POINT('Ctrl Pts',(-39.,-0.443154406324483,1.94091066233261));
#2736=CARTESIAN_POINT('Ctrl Pts',(-39.,0.443081942303678,1.94083388349851));
#2737=CARTESIAN_POINT('Ctrl Pts',(-39.,1.24115125817182,1.55650185024994));
#2738=CARTESIAN_POINT('Ctrl Pts',(-39.,1.79372964216986,0.863703964116945));
#2739=CARTESIAN_POINT('Ctrl Pts',(-39.,1.92495609630975,0.287998065155364));
#2740=CARTESIAN_POINT('Ctrl Pts',(-39.,1.92495609630975,-2.18995288891414E-16));
#2741=CARTESIAN_POINT('Ctrl Pts',(-39.,1.2499328311979,5.91916554451453E-16));
#2742=CARTESIAN_POINT('Ctrl Pts',(-39.,1.2499328311979,-0.186981158029871));
#2743=CARTESIAN_POINT('Ctrl Pts',(-39.,1.16467915665122,-0.560884516172764));
#2744=CARTESIAN_POINT('Ctrl Pts',(-39.,0.80603754894789,-1.01053714694946));
#2745=CARTESIAN_POINT('Ctrl Pts',(-39.,0.287531782213878,-1.26047396873413));
#2746=CARTESIAN_POINT('Ctrl Pts',(-39.,-0.223490325228447,-1.2599101972013));
#2747=CARTESIAN_POINT('Ctrl Pts',(-39.,-0.75199790601325,-1.05299860662349));
#2748=CARTESIAN_POINT('Ctrl Pts',(-39.,-1.06289533677032,-0.719656705354806));
#2749=CARTESIAN_POINT('Ctrl Pts',(-39.,-1.19846363862784,-0.369661000193401));
#2750=CARTESIAN_POINT('Ctrl Pts',(-39.,-1.28342161442021,-0.00426683519213817));
#2751=CARTESIAN_POINT('Ctrl Pts',(-39.,-1.20492063395561,0.510979600515639));
#2752=CARTESIAN_POINT('Ctrl Pts',(-39.,-0.805799305977103,1.01059776319923));
#2753=CARTESIAN_POINT('Ctrl Pts',(-39.,-0.287753762888129,1.26029041513702));
#2754=CARTESIAN_POINT('Ctrl Pts',(-39.,0.287707130025534,1.26024659528131));
#2755=CARTESIAN_POINT('Ctrl Pts',(-39.,0.805916636991489,1.01067634564808));
#2756=CARTESIAN_POINT('Ctrl Pts',(-39.,1.16472361853437,0.560846042732324));
#2757=CARTESIAN_POINT('Ctrl Pts',(-39.,1.2499328311979,0.18698115802979));
#2758=CARTESIAN_POINT('Ctrl Pts',(-39.,1.2499328311979,-1.62129982327686E-16));
#2759=CARTESIAN_POINT('',(-39.,1.2499328311979,-3.46944695195361E-17));
#2760=CARTESIAN_POINT('Ctrl Pts',(-39.,1.2499328311979,5.91916554451453E-16));
#2761=CARTESIAN_POINT('Ctrl Pts',(-39.,1.92495609630975,5.63572161174145E-16));
#2762=CARTESIAN_POINT('Ctrl Pts',(-38.709386925529,3.04888228474388,4.73373551074053E-16));
#2763=CARTESIAN_POINT('Ctrl Pts',(-37.7089288450043,4.29581863166934,2.72967461555729E-16));
#2764=CARTESIAN_POINT('Ctrl Pts',(-36.9352323786074,4.7794355723921,1.38169330370846E-16));
#2765=CARTESIAN_POINT('Ctrl Pts',(-36.5189244220973,4.95032045953582,6.93889390390723E-17));
#2766=CARTESIAN_POINT('Ctrl Pts',(-39.,1.2499328311979,-1.62129982327686E-16));
#2767=CARTESIAN_POINT('Ctrl Pts',(-39.,1.2499328311979,0.18698115802979));
#2768=CARTESIAN_POINT('Ctrl Pts',(-39.,1.16472361853437,0.560846042732324));
#2769=CARTESIAN_POINT('Ctrl Pts',(-39.,0.805916636991489,1.01067634564808));
#2770=CARTESIAN_POINT('Ctrl Pts',(-39.,0.287707130025534,1.26024659528131));
#2771=CARTESIAN_POINT('Ctrl Pts',(-39.,-0.287753762888129,1.26029041513702));
#2772=CARTESIAN_POINT('Ctrl Pts',(-39.,-0.805799305977103,1.01059776319923));
#2773=CARTESIAN_POINT('Ctrl Pts',(-39.,-1.20492063395561,0.510979600515639));
#2774=CARTESIAN_POINT('Ctrl Pts',(-39.,-1.28342161442021,-0.00426683519213817));
#2775=CARTESIAN_POINT('Ctrl Pts',(-39.,-1.19846363862784,-0.369661000193401));
#2776=CARTESIAN_POINT('Ctrl Pts',(-39.,-1.06289533677032,-0.719656705354806));
#2777=CARTESIAN_POINT('Ctrl Pts',(-39.,-0.75199790601325,-1.05299860662349));
#2778=CARTESIAN_POINT('Ctrl Pts',(-39.,-0.223490325228447,-1.2599101972013));
#2779=CARTESIAN_POINT('Ctrl Pts',(-39.,0.287531782213878,-1.26047396873413));
#2780=CARTESIAN_POINT('Ctrl Pts',(-39.,0.80603754894789,-1.01053714694946));
#2781=CARTESIAN_POINT('Ctrl Pts',(-39.,1.16467915665122,-0.560884516172764));
#2782=CARTESIAN_POINT('Ctrl Pts',(-39.,1.2499328311979,-0.186981158029871));
#2783=CARTESIAN_POINT('Ctrl Pts',(-39.,1.2499328311979,5.91916554451453E-16));
#2784=CARTESIAN_POINT('Origin',(-39.,-4.87353893089847E-15,0.));
#2785=CARTESIAN_POINT('Ctrl Pts',(-36.8986555276217,5.87541736662029,-2.77555756156289E-16));
#2786=CARTESIAN_POINT('Ctrl Pts',(-36.8986555276217,5.87541736662029,-0.878921103357754));
#2787=CARTESIAN_POINT('Ctrl Pts',(-36.8986555276216,5.47481925535157,-2.63627871764914));
#2788=CARTESIAN_POINT('Ctrl Pts',(-36.8986555276217,3.78858661238442,-4.75049582416265));
#2789=CARTESIAN_POINT('Ctrl Pts',(-36.8986555276216,1.35206609380976,-5.92424928300553));
#2790=CARTESIAN_POINT('Ctrl Pts',(-36.8986555276217,-1.05136467854167,-5.923509319122));
#2791=CARTESIAN_POINT('Ctrl Pts',(-36.8986555276216,-2.98174326171085,-5.16440663338759));
#2792=CARTESIAN_POINT('Ctrl Pts',(-36.8986555276217,-4.37177772933418,-4.05673892810717));
#2793=CARTESIAN_POINT('Ctrl Pts',(-36.8986555276216,-5.20625419930378,-2.83227598839949));
#2794=CARTESIAN_POINT('Ctrl Pts',(-36.8986555276217,-5.63514417868479,-1.73840050508629));
#2795=CARTESIAN_POINT('Ctrl Pts',(-36.8986555276216,-5.89734782648197,-0.592474592050369));
#2796=CARTESIAN_POINT('Ctrl Pts',(-36.8986555276217,-5.89684876963516,0.888567650629522));
#2797=CARTESIAN_POINT('Ctrl Pts',(-36.8986555276215,-5.28671386667303,2.8711935793247));
#2798=CARTESIAN_POINT('Ctrl Pts',(-36.8986555276218,-3.7889044730524,4.7506701999889));
#2799=CARTESIAN_POINT('Ctrl Pts',(-36.8986555276216,-1.35201711636519,5.92396626005891));
#2800=CARTESIAN_POINT('Ctrl Pts',(-36.8986555276217,1.35212357163387,5.92396139134035));
#2801=CARTESIAN_POINT('Ctrl Pts',(-36.8986555276216,3.78845082707924,4.75073077697899));
#2802=CARTESIAN_POINT('Ctrl Pts',(-36.8986555276217,5.47478782182274,2.63632852204129));
#2803=CARTESIAN_POINT('Ctrl Pts',(-36.8986555276217,5.87541736662029,0.878921103357753));
#2804=CARTESIAN_POINT('Ctrl Pts',(-36.8986555276217,5.87541736662029,-4.16333634234434E-16));
#2805=CARTESIAN_POINT('Ctrl Pts',(-37.4190404732592,5.66181125769066,-1.97509611071897E-16));
#2806=CARTESIAN_POINT('Ctrl Pts',(-37.4190404732592,5.66181125769066,-0.847001866168742));
#2807=CARTESIAN_POINT('Ctrl Pts',(-37.4190404732592,5.27577761250969,-2.54041082033784));
#2808=CARTESIAN_POINT('Ctrl Pts',(-37.4190404732592,3.65084926095803,-4.57779865175076));
#2809=CARTESIAN_POINT('Ctrl Pts',(-37.4190404732592,1.30291084691324,-5.70886250270277));
#2810=CARTESIAN_POINT('Ctrl Pts',(-37.4190404732592,-1.01314148190328,-5.70815822358704));
#2811=CARTESIAN_POINT('Ctrl Pts',(-37.4190404732592,-2.87333884426906,-4.97664911341836));
#2812=CARTESIAN_POINT('Ctrl Pts',(-37.4190404732592,-4.21283878648186,-3.90925239384858));
#2813=CARTESIAN_POINT('Ctrl Pts',(-37.4190404732592,-5.01697574264408,-2.72930748178942));
#2814=CARTESIAN_POINT('Ctrl Pts',(-37.4190404732592,-5.43027357254817,-1.6751990431067));
#2815=CARTESIAN_POINT('Ctrl Pts',(-37.4190404732592,-5.68294519740701,-0.570934546069874));
#2816=CARTESIAN_POINT('Ctrl Pts',(-37.4190404732592,-5.68246318434088,0.856262502733613));
#2817=CARTESIAN_POINT('Ctrl Pts',(-37.4190404732592,-5.09451129273759,2.76681060665811));
#2818=CARTESIAN_POINT('Ctrl Pts',(-37.4190404732592,-3.65115509409142,4.57795351466357));
#2819=CARTESIAN_POINT('Ctrl Pts',(-37.4190404732592,-1.30286334329389,5.70859876212771));
#2820=CARTESIAN_POINT('Ctrl Pts',(-37.4190404732592,1.30296531163158,5.70858475891408));
#2821=CARTESIAN_POINT('Ctrl Pts',(-37.4190404732592,3.65071931271358,4.57802489943368));
#2822=CARTESIAN_POINT('Ctrl Pts',(-37.4190404732592,5.27574680113306,2.54045893492906));
#2823=CARTESIAN_POINT('Ctrl Pts',(-37.4190404732592,5.66181125769066,0.847001866168729));
#2824=CARTESIAN_POINT('Ctrl Pts',(-37.4190404732592,5.66181125769066,-3.98545601993458E-16));
#2825=CARTESIAN_POINT('Ctrl Pts',(-38.3861566476814,5.05730353262481,-2.95399522237116E-17));
#2826=CARTESIAN_POINT('Ctrl Pts',(-38.3861566476814,5.05730353262481,-0.756537702054902));
#2827=CARTESIAN_POINT('Ctrl Pts',(-38.3861566476814,4.71248612205805,-2.26919351499112));
#2828=CARTESIAN_POINT('Ctrl Pts',(-38.3861566476815,3.26105045458758,-4.08902025353594));
#2829=CARTESIAN_POINT('Ctrl Pts',(-38.3861566476814,1.16379964934512,-5.09933581729149));
#2830=CARTESIAN_POINT('Ctrl Pts',(-38.3861566476815,-0.904968955283719,
-5.09869905867904));
#2831=CARTESIAN_POINT('Ctrl Pts',(-38.3861566476814,-2.56655480608813,-4.44529642485168));
#2832=CARTESIAN_POINT('Ctrl Pts',(-38.3861566476815,-3.76303600020654,-3.49186429112664));
#2833=CARTESIAN_POINT('Ctrl Pts',(-38.3861566476814,-4.48131699720329,-2.4378999196753));
#2834=CARTESIAN_POINT('Ctrl Pts',(-38.3861566476814,-4.8504868336893,-1.49633948163591));
#2835=CARTESIAN_POINT('Ctrl Pts',(-38.3861566476814,-5.0761803330526,-0.509976338598477));
#2836=CARTESIAN_POINT('Ctrl Pts',(-38.3861566476814,-5.07575074534021,0.764840348330669));
#2837=CARTESIAN_POINT('Ctrl Pts',(-38.3861566476814,-4.55057319740156,2.47139849609368));
#2838=CARTESIAN_POINT('Ctrl Pts',(-38.3861566476814,-3.26132404608539,4.08917009353603));
#2839=CARTESIAN_POINT('Ctrl Pts',(-38.3861566476814,-1.16375748575113,5.09909237761744));
#2840=CARTESIAN_POINT('Ctrl Pts',(-38.3861566476814,1.16384910587036,5.09908800650524));
#2841=CARTESIAN_POINT('Ctrl Pts',(-38.3861566476814,3.26093359394594,4.08922248753269));
#2842=CARTESIAN_POINT('Ctrl Pts',(-38.3861566476814,4.71245905536162,2.26923638678519));
#2843=CARTESIAN_POINT('Ctrl Pts',(-38.3861566476814,5.05730353262481,0.756537702054861));
#2844=CARTESIAN_POINT('Ctrl Pts',(-38.3861566476814,5.05730353262481,-3.48341488368385E-16));
#2845=CARTESIAN_POINT('Ctrl Pts',(-39.6365067599086,3.49856387418334,2.59551570164677E-16));
#2846=CARTESIAN_POINT('Ctrl Pts',(-39.6365067599086,3.49856387418334,-0.523337634942583));
#2847=CARTESIAN_POINT('Ctrl Pts',(-39.6365067599086,3.26002431411781,-1.56980863880624));
#2848=CARTESIAN_POINT('Ctrl Pts',(-39.6365067599086,2.25594385721676,-2.82871290242067));
#2849=CARTESIAN_POINT('Ctrl Pts',(-39.6365067599085,0.80509825708087,-3.52764474985909));
#2850=CARTESIAN_POINT('Ctrl Pts',(-39.6365067599087,-0.626043360299332,
-3.527198340163));
#2851=CARTESIAN_POINT('Ctrl Pts',(-39.6365067599085,-1.77550297027355,-3.0751874532768));
#2852=CARTESIAN_POINT('Ctrl Pts',(-39.6365067599086,-2.60320907385188,-2.41561745403814));
#2853=CARTESIAN_POINT('Ctrl Pts',(-39.6365067599086,-3.10010560876063,-1.68650024834996));
#2854=CARTESIAN_POINT('Ctrl Pts',(-39.6365067599086,-3.35549119712318,-1.03514459403592));
#2855=CARTESIAN_POINT('Ctrl Pts',(-39.6365067599086,-3.51162202501733,-0.352793759042419));
#2856=CARTESIAN_POINT('Ctrl Pts',(-39.6365067599086,-3.51132558304842,0.529104964129027));
#2857=CARTESIAN_POINT('Ctrl Pts',(-39.6365067599086,-3.14801525241795,1.70967376078867));
#2858=CARTESIAN_POINT('Ctrl Pts',(-39.6365067599086,-2.25613344078321,2.82882542389649));
#2859=CARTESIAN_POINT('Ctrl Pts',(-39.6365067599085,-0.805069295408361,
3.52747029070113));
#2860=CARTESIAN_POINT('Ctrl Pts',(-39.6365067599086,0.805133091734842,3.52747353266131));
#2861=CARTESIAN_POINT('Ctrl Pts',(-39.6365067599085,2.25586240891054,2.82885291457913));
#2862=CARTESIAN_POINT('Ctrl Pts',(-39.6365067599086,3.26000594014516,1.56983821550265));
#2863=CARTESIAN_POINT('Ctrl Pts',(-39.6365067599086,3.49856387418334,0.523337634942503));
#2864=CARTESIAN_POINT('Ctrl Pts',(-39.6365067599086,3.49856387418334,-2.19223823034567E-16));
#2865=CARTESIAN_POINT('Ctrl Pts',(-40.,2.09371191258771,4.31675023453593E-16));
#2866=CARTESIAN_POINT('Ctrl Pts',(-40.,2.09371191258771,-0.313254979678443));
#2867=CARTESIAN_POINT('Ctrl Pts',(-39.9999999999999,1.95095882482581,-0.939406780611392));
#2868=CARTESIAN_POINT('Ctrl Pts',(-40.0000000000001,1.35006751255045,-1.69286133319104));
#2869=CARTESIAN_POINT('Ctrl Pts',(-39.9999999999999,0.481810838751958,-2.11110546977987));
#2870=CARTESIAN_POINT('Ctrl Pts',(-40.0000000000001,-0.374655213112716,
-2.11085452858126));
#2871=CARTESIAN_POINT('Ctrl Pts',(-40.,-1.06254708290989,-1.84034116672806));
#2872=CARTESIAN_POINT('Ctrl Pts',(-40.,-1.55788958708577,-1.44562352501699));
#2873=CARTESIAN_POINT('Ctrl Pts',(-40.,-1.85525427743022,-1.00928699088036));
#2874=CARTESIAN_POINT('Ctrl Pts',(-40.,-2.00809050180828,-0.619480577677167));
#2875=CARTESIAN_POINT('Ctrl Pts',(-40.,-2.10152799204892,-0.211128879805005));
#2876=CARTESIAN_POINT('Ctrl Pts',(-40.,-2.10134855636203,0.316641452052347));
#2877=CARTESIAN_POINT('Ctrl Pts',(-40.,-1.88392772282485,1.02315592715322));
#2878=CARTESIAN_POINT('Ctrl Pts',(-40.,-1.35018009842813,1.6929043545973));
#2879=CARTESIAN_POINT('Ctrl Pts',(-40.0000000000001,-0.481792940350641,
2.11101766493507));
#2880=CARTESIAN_POINT('Ctrl Pts',(-39.9999999999999,0.481829980900363,2.11100241675717));
#2881=CARTESIAN_POINT('Ctrl Pts',(-40.0000000000001,1.35002043208308,1.69294482204583));
#2882=CARTESIAN_POINT('Ctrl Pts',(-40.,1.95094686787508,0.939424703895004));
#2883=CARTESIAN_POINT('Ctrl Pts',(-40.,2.09371191258771,0.313254979678343));
#2884=CARTESIAN_POINT('Ctrl Pts',(-40.,2.09371191258771,-1.03059082813592E-16));
#2885=CARTESIAN_POINT('Ctrl Pts',(-40.,1.2499328311979,5.09767103545103E-16));
#2886=CARTESIAN_POINT('Ctrl Pts',(-40.,1.2499328311979,-0.186981158029864));
#2887=CARTESIAN_POINT('Ctrl Pts',(-39.9999999999999,1.16470982487407,-0.56084038218267));
#2888=CARTESIAN_POINT('Ctrl Pts',(-40.0000000000001,0.805981685243252,-1.01061768459608));
#2889=CARTESIAN_POINT('Ctrl Pts',(-39.9999999999999,0.287637744716414,-1.26032130433804));
#2890=CARTESIAN_POINT('Ctrl Pts',(-40.0000000000001,-0.223666702681757,
-1.26016388485714));
#2891=CARTESIAN_POINT('Ctrl Pts',(-40.,-0.634334305880877,-1.09867282644477));
#2892=CARTESIAN_POINT('Ctrl Pts',(-40.,-0.930049420087057,-0.863028251005172));
#2893=CARTESIAN_POINT('Ctrl Pts',(-40.,-1.10757545297842,-0.602536726161196));
#2894=CARTESIAN_POINT('Ctrl Pts',(-40.,-1.19881725466654,-0.369826299902208));
#2895=CARTESIAN_POINT('Ctrl Pts',(-40.,-1.25459830431648,-0.126042695870701));
#2896=CARTESIAN_POINT('Ctrl Pts',(-40.,-1.25449213525673,0.189033358816706));
#2897=CARTESIAN_POINT('Ctrl Pts',(-40.,-1.12469239524084,0.610816031540396));
#2898=CARTESIAN_POINT('Ctrl Pts',(-40.,-0.806049306734619,1.0106547812067));
#2899=CARTESIAN_POINT('Ctrl Pts',(-40.0000000000001,-0.287627325283699,
1.260261094203));
#2900=CARTESIAN_POINT('Ctrl Pts',(-39.9999999999999,0.287649972514869,1.26026005843472));
#2901=CARTESIAN_POINT('Ctrl Pts',(-40.0000000000001,0.805952798357378,1.01066766831985));
#2902=CARTESIAN_POINT('Ctrl Pts',(-40.,1.16470313772365,0.560850977539811));
#2903=CARTESIAN_POINT('Ctrl Pts',(-40.,1.2499328311979,0.186981158029756));
#2904=CARTESIAN_POINT('Ctrl Pts',(-40.,1.2499328311979,-3.33472962966448E-17));
#2905=CARTESIAN_POINT('',(-40.,1.2499328311979,-3.46944695195361E-17));
#2906=CARTESIAN_POINT('Origin',(-35.,1.2499328311979,-6.93889390390723E-17));
#2907=CARTESIAN_POINT('Ctrl Pts',(-40.,1.2499328311979,-3.33472962966448E-17));
#2908=CARTESIAN_POINT('Ctrl Pts',(-40.,1.2499328311979,0.186981158029756));
#2909=CARTESIAN_POINT('Ctrl Pts',(-40.,1.16470313772365,0.560850977539811));
#2910=CARTESIAN_POINT('Ctrl Pts',(-40.0000000000001,0.805952798357378,1.01066766831985));
#2911=CARTESIAN_POINT('Ctrl Pts',(-39.9999999999999,0.287649972514869,1.26026005843472));
#2912=CARTESIAN_POINT('Ctrl Pts',(-40.0000000000001,-0.287627325283699,
1.260261094203));
#2913=CARTESIAN_POINT('Ctrl Pts',(-40.,-0.806049306734619,1.0106547812067));
#2914=CARTESIAN_POINT('Ctrl Pts',(-40.,-1.12469239524084,0.610816031540396));
#2915=CARTESIAN_POINT('Ctrl Pts',(-40.,-1.25449213525673,0.189033358816706));
#2916=CARTESIAN_POINT('Ctrl Pts',(-40.,-1.25459830431648,-0.126042695870701));
#2917=CARTESIAN_POINT('Ctrl Pts',(-40.,-1.19881725466654,-0.369826299902208));
#2918=CARTESIAN_POINT('Ctrl Pts',(-40.,-1.10757545297842,-0.602536726161196));
#2919=CARTESIAN_POINT('Ctrl Pts',(-40.,-0.930049420087057,-0.863028251005172));
#2920=CARTESIAN_POINT('Ctrl Pts',(-40.,-0.634334305880877,-1.09867282644477));
#2921=CARTESIAN_POINT('Ctrl Pts',(-40.0000000000001,-0.223666702681757,
-1.26016388485714));
#2922=CARTESIAN_POINT('Ctrl Pts',(-39.9999999999999,0.287637744716414,-1.26032130433804));
#2923=CARTESIAN_POINT('Ctrl Pts',(-40.0000000000001,0.805981685243252,-1.01061768459608));
#2924=CARTESIAN_POINT('Ctrl Pts',(-39.9999999999999,1.16470982487407,-0.56084038218267));
#2925=CARTESIAN_POINT('Ctrl Pts',(-40.,1.2499328311979,-0.186981158029864));
#2926=CARTESIAN_POINT('Ctrl Pts',(-40.,1.2499328311979,5.09767103545103E-16));
#2927=CARTESIAN_POINT('Origin',(-40.,-4.9960036108132E-15,0.));
#2928=UNCERTAINTY_MEASURE_WITH_UNIT(LENGTH_MEASURE(0.01),#2932,
'DISTANCE_ACCURACY_VALUE',
'Maximum model space distance between geometric entities at asserted c
onnectivities');
#2929=UNCERTAINTY_MEASURE_WITH_UNIT(LENGTH_MEASURE(0.01),#2932,
'DISTANCE_ACCURACY_VALUE',
'Maximum model space distance between geometric entities at asserted c
onnectivities');
#2930=(
GEOMETRIC_REPRESENTATION_CONTEXT(3)
GLOBAL_UNCERTAINTY_ASSIGNED_CONTEXT((#2928))
GLOBAL_UNIT_ASSIGNED_CONTEXT((#2932,#2934,#2935))
REPRESENTATION_CONTEXT('','3D')
);
#2931=(
GEOMETRIC_REPRESENTATION_CONTEXT(3)
GLOBAL_UNCERTAINTY_ASSIGNED_CONTEXT((#2929))
GLOBAL_UNIT_ASSIGNED_CONTEXT((#2932,#2934,#2935))
REPRESENTATION_CONTEXT('','3D')
);
#2932=(
LENGTH_UNIT()
NAMED_UNIT(*)
SI_UNIT(.MILLI.,.METRE.)
);
#2933=(
LENGTH_UNIT()
NAMED_UNIT(*)
SI_UNIT(.CENTI.,.METRE.)
);
#2934=(
NAMED_UNIT(*)
PLANE_ANGLE_UNIT()
SI_UNIT($,.RADIAN.)
);
#2935=(
NAMED_UNIT(*)
SI_UNIT($,.STERADIAN.)
SOLID_ANGLE_UNIT()
);
#2936=SHAPE_DEFINITION_REPRESENTATION(#2937,#2938);
#2937=PRODUCT_DEFINITION_SHAPE('',$,#2940);
#2938=SHAPE_REPRESENTATION('',(#786),#2930);
#2939=PRODUCT_DEFINITION_CONTEXT('part definition',#2944,'design');
#2940=PRODUCT_DEFINITION('P_MotorNose_captop','P_MotorNose_captop',#2941,
#2939);
#2941=PRODUCT_DEFINITION_FORMATION('',$,#2946);
#2942=PRODUCT_RELATED_PRODUCT_CATEGORY('P_MotorNose_captop',
'P_MotorNose_captop',(#2946));
#2943=APPLICATION_PROTOCOL_DEFINITION('international standard',
'automotive_design',2009,#2944);
#2944=APPLICATION_CONTEXT(
'Core Data for Automotive Mechanical Design Process');
#2945=PRODUCT_CONTEXT('part definition',#2944,'mechanical');
#2946=PRODUCT('P_MotorNose_captop','P_MotorNose_captop',$,(#2945));
#2947=PRESENTATION_STYLE_ASSIGNMENT((#2949));
#2948=PRESENTATION_STYLE_ASSIGNMENT((#2950));
#2949=SURFACE_STYLE_USAGE(.BOTH.,#2955);
#2950=SURFACE_STYLE_USAGE(.BOTH.,#2956);
#2951=SURFACE_STYLE_RENDERING_WITH_PROPERTIES($,#2963,(#2953));
#2952=SURFACE_STYLE_RENDERING_WITH_PROPERTIES($,#2964,(#2954));
#2953=SURFACE_STYLE_TRANSPARENT(0.);
#2954=SURFACE_STYLE_TRANSPARENT(0.);
#2955=SURFACE_SIDE_STYLE('',(#2957,#2951));
#2956=SURFACE_SIDE_STYLE('',(#2958,#2952));
#2957=SURFACE_STYLE_FILL_AREA(#2959);
#2958=SURFACE_STYLE_FILL_AREA(#2960);
#2959=FILL_AREA_STYLE('',(#2961));
#2960=FILL_AREA_STYLE('',(#2962));
#2961=FILL_AREA_STYLE_COLOUR('',#2963);
#2962=FILL_AREA_STYLE_COLOUR('',#2964);
#2963=COLOUR_RGB('',0.749019607843137,0.749019607843137,0.749019607843137);
#2964=COLOUR_RGB('',0.0196078431372549,0.0196078431372549,0.0196078431372549);
ENDSEC;
END-ISO-10303-21;
