ISO-10303-21;
HEADER;
/* Generated by software containing ST-Developer
 * from STEP Tools, Inc. (www.steptools.com) 
 */

FILE_DESCRIPTION(
/* description */ (''),
/* implementation_level */ '2;1');

FILE_NAME(
/* name */ 'P_MotorNose_capbase.stp',
/* time_stamp */ '2025-09-25T10:06:26+02:00',
/* author */ ('FAL'),
/* organization */ (''),
/* preprocessor_version */ 'ST-DEVELOPER v20.1',
/* originating_system */ 'Autodesk Inventor 2026',
/* authorisation */ '');

FILE_SCHEMA (('AUTOMOTIVE_DESIGN { 1 0 10303 214 3 1 1 }'));
ENDSEC;

DATA;
#10=MECHANICAL_DESIGN_GEOMETRIC_PRESENTATION_REPRESENTATION('',(#832,#833,
#834,#835,#836,#837,#838,#839,#840,#841,#842,#843,#844,#845,#846,#847,#848,
#849,#850,#851,#852,#853,#854,#855,#856,#857,#858,#859,#860,#861,#862,#863,
#864,#865,#866,#867,#868,#869,#870,#871,#872,#873,#874,#875,#876,#877,#878,
#879,#880,#881,#882,#883,#884,#885,#886),#2458);
#11=SHAPE_REPRESENTATION_RELATIONSHIP('SRR','None',#2465,#12);
#12=ADVANCED_BREP_SHAPE_REPRESENTATION('',(#13),#2457);
#13=MANIFOLD_SOLID_BREP('Volumenk\X\F6rper2',#941);
#14=FACE_BOUND('',#257,.T.);
#15=FACE_BOUND('',#287,.T.);
#16=FACE_BOUND('',#288,.T.);
#17=FACE_BOUND('',#289,.T.);
#18=TOROIDAL_SURFACE('',#996,2.44948974278318,0.5);
#19=TOROIDAL_SURFACE('',#1000,5.55051025721682,0.5);
#20=TOROIDAL_SURFACE('',#1004,2.44948974278318,0.5);
#21=TOROIDAL_SURFACE('',#1016,2.44948974278318,0.5);
#22=TOROIDAL_SURFACE('',#1019,5.55051025721682,0.5);
#23=TOROIDAL_SURFACE('',#1022,2.44948974278318,0.5);
#24=TOROIDAL_SURFACE('',#1028,8.,2.);
#25=TOROIDAL_SURFACE('',#1037,8.,2.);
#26=PLANE('',#986);
#27=PLANE('',#1007);
#28=PLANE('',#1036);
#29=PLANE('',#1043);
#30=PLANE('',#1045);
#31=PLANE('',#1046);
#32=PLANE('',#1049);
#33=PLANE('',#1051);
#34=PLANE('',#1053);
#35=PLANE('',#1054);
#36=PLANE('',#1061);
#37=PLANE('',#1062);
#38=LINE('',#2133,#65);
#39=LINE('',#2136,#66);
#40=LINE('',#2139,#67);
#41=LINE('',#2143,#68);
#42=LINE('',#2147,#69);
#43=LINE('',#2151,#70);
#44=LINE('',#2154,#71);
#45=LINE('',#2157,#72);
#46=LINE('',#2160,#73);
#47=LINE('',#2178,#74);
#48=LINE('',#2207,#75);
#49=LINE('',#2215,#76);
#50=LINE('',#2226,#77);
#51=LINE('',#2250,#78);
#52=LINE('',#2253,#79);
#53=LINE('',#2262,#80);
#54=LINE('',#2274,#81);
#55=LINE('',#2295,#82);
#56=LINE('',#2430,#83);
#57=LINE('',#2432,#84);
#58=LINE('',#2433,#85);
#59=LINE('',#2435,#86);
#60=LINE('',#2437,#87);
#61=LINE('',#2438,#88);
#62=LINE('',#2444,#89);
#63=LINE('',#2448,#90);
#64=LINE('',#2451,#91);
#65=VECTOR('',#1107,10.);
#66=VECTOR('',#1110,10.);
#67=VECTOR('',#1113,10.);
#68=VECTOR('',#1118,10.);
#69=VECTOR('',#1123,10.);
#70=VECTOR('',#1128,10.);
#71=VECTOR('',#1131,10.);
#72=VECTOR('',#1134,10.);
#73=VECTOR('',#1137,10.);
#74=VECTOR('',#1162,10.);
#75=VECTOR('',#1203,10.);
#76=VECTOR('',#1216,10.);
#77=VECTOR('',#1235,10.);
#78=VECTOR('',#1236,10.);
#79=VECTOR('',#1239,10.);
#80=VECTOR('',#1242,10.);
#81=VECTOR('',#1243,10.);
#82=VECTOR('',#1248,10.);
#83=VECTOR('',#1255,10.);
#84=VECTOR('',#1258,10.);
#85=VECTOR('',#1259,10.);
#86=VECTOR('',#1262,10.);
#87=VECTOR('',#1265,10.);
#88=VECTOR('',#1266,10.);
#89=VECTOR('',#1275,1.5);
#90=VECTOR('',#1280,1.5);
#91=VECTOR('',#1283,2.65);
#92=CYLINDRICAL_SURFACE('',#984,2.);
#93=CYLINDRICAL_SURFACE('',#988,2.);
#94=CYLINDRICAL_SURFACE('',#990,0.5);
#95=CYLINDRICAL_SURFACE('',#992,0.5);
#96=CYLINDRICAL_SURFACE('',#994,0.5);
#97=CYLINDRICAL_SURFACE('',#1025,0.5);
#98=CYLINDRICAL_SURFACE('',#1026,2.);
#99=CYLINDRICAL_SURFACE('',#1033,2.);
#100=CYLINDRICAL_SURFACE('',#1042,2.);
#101=CYLINDRICAL_SURFACE('',#1044,2.);
#102=CYLINDRICAL_SURFACE('',#1050,2.);
#103=CYLINDRICAL_SURFACE('',#1052,2.);
#104=CYLINDRICAL_SURFACE('',#1055,1.5);
#105=CYLINDRICAL_SURFACE('',#1057,1.5);
#106=CYLINDRICAL_SURFACE('',#1059,2.65);
#107=SPHERICAL_SURFACE('',#970,2.);
#108=SPHERICAL_SURFACE('',#974,2.);
#109=SPHERICAL_SURFACE('',#980,2.);
#110=SPHERICAL_SURFACE('',#982,2.);
#111=SPHERICAL_SURFACE('',#1032,2.);
#112=SPHERICAL_SURFACE('',#1035,2.);
#113=SPHERICAL_SURFACE('',#1040,2.);
#114=SPHERICAL_SURFACE('',#1041,2.);
#115=CIRCLE('',#964,2.);
#116=CIRCLE('',#965,2.);
#117=CIRCLE('',#966,2.);
#118=CIRCLE('',#967,2.);
#119=CIRCLE('',#968,2.);
#120=CIRCLE('',#969,2.);
#121=CIRCLE('',#971,2.);
#122=CIRCLE('',#972,2.);
#123=CIRCLE('',#973,2.);
#124=CIRCLE('',#975,2.);
#125=CIRCLE('',#976,2.);
#126=CIRCLE('',#977,2.);
#127=CIRCLE('',#978,2.);
#128=CIRCLE('',#979,2.);
#129=CIRCLE('',#981,2.);
#130=CIRCLE('',#983,2.);
#131=CIRCLE('',#985,2.);
#132=CIRCLE('',#987,8.);
#133=CIRCLE('',#989,2.);
#134=CIRCLE('',#991,0.5);
#135=CIRCLE('',#993,0.5);
#136=CIRCLE('',#995,0.5);
#137=CIRCLE('',#997,0.5);
#138=CIRCLE('',#998,1.95959179422654);
#139=CIRCLE('',#999,2.44948974278318);
#140=CIRCLE('',#1001,0.5);
#141=CIRCLE('',#1002,6.04040820577346);
#142=CIRCLE('',#1003,5.55051025721682);
#143=CIRCLE('',#1005,1.95959179422654);
#144=CIRCLE('',#1006,2.44948974278318);
#145=CIRCLE('',#1008,2.44948974278318);
#146=CIRCLE('',#1009,5.55051025721682);
#147=CIRCLE('',#1010,2.44948974278318);
#148=CIRCLE('',#1011,1.5);
#149=CIRCLE('',#1012,1.5);
#150=CIRCLE('',#1013,1.5);
#151=CIRCLE('',#1014,1.5);
#152=CIRCLE('',#1015,2.65);
#153=CIRCLE('',#1017,0.5);
#154=CIRCLE('',#1018,1.95959179422654);
#155=CIRCLE('',#1020,0.5);
#156=CIRCLE('',#1021,6.04040820577346);
#157=CIRCLE('',#1023,0.5);
#158=CIRCLE('',#1024,1.95959179422654);
#159=CIRCLE('',#1027,2.);
#160=CIRCLE('',#1029,2.);
#161=CIRCLE('',#1030,8.);
#162=CIRCLE('',#1031,2.);
#163=CIRCLE('',#1034,2.);
#164=CIRCLE('',#1038,2.);
#165=CIRCLE('',#1039,2.);
#166=CIRCLE('',#1047,17.5);
#167=CIRCLE('',#1048,17.5);
#168=CIRCLE('',#1056,1.5);
#169=CIRCLE('',#1058,1.5);
#170=CIRCLE('',#1060,2.65);
#171=B_SPLINE_SURFACE_WITH_KNOTS('',3,3,((#1401,#1402,#1403,#1404,#1405,
#1406,#1407,#1408,#1409,#1410),(#1411,#1412,#1413,#1414,#1415,#1416,#1417,
#1418,#1419,#1420),(#1421,#1422,#1423,#1424,#1425,#1426,#1427,#1428,#1429,
#1430),(#1431,#1432,#1433,#1434,#1435,#1436,#1437,#1438,#1439,#1440),(#1441,
#1442,#1443,#1444,#1445,#1446,#1447,#1448,#1449,#1450),(#1451,#1452,#1453,
#1454,#1455,#1456,#1457,#1458,#1459,#1460)),.UNSPECIFIED.,.F.,.F.,.F.,(4,
1,1,4),(4,1,1,1,1,1,1,4),(0.,0.285714285714286,0.571428571428571,1.),(0.,
0.354855879140153,0.709711758280306,1.06456763742046,1.41942351656061,1.77427939570076,
2.12913527484092,2.48399115398107),.UNSPECIFIED.);
#172=B_SPLINE_SURFACE_WITH_KNOTS('',3,3,((#1489,#1490,#1491,#1492,#1493,
#1494,#1495),(#1496,#1497,#1498,#1499,#1500,#1501,#1502),(#1503,#1504,#1505,
#1506,#1507,#1508,#1509),(#1510,#1511,#1512,#1513,#1514,#1515,#1516),(#1517,
#1518,#1519,#1520,#1521,#1522,#1523),(#1524,#1525,#1526,#1527,#1528,#1529,
#1530),(#1531,#1532,#1533,#1534,#1535,#1536,#1537)),.UNSPECIFIED.,.F.,.F.,
 .F.,(4,1,1,1,4),(4,1,1,1,4),(0.,0.285714285714286,0.571428571428571,0.857142857142857,
1.),(0.,0.0526181505033821,0.157854451510146,0.263090752516911,0.368327053523675),
 .UNSPECIFIED.);
#173=B_SPLINE_SURFACE_WITH_KNOTS('',3,3,((#1557,#1558,#1559,#1560),(#1561,
#1562,#1563,#1564),(#1565,#1566,#1567,#1568),(#1569,#1570,#1571,#1572),
(#1573,#1574,#1575,#1576),(#1577,#1578,#1579,#1580)),.UNSPECIFIED.,.F.,
 .F.,.F.,(4,1,1,4),(4,4),(0.,0.285714285714286,0.571428571428571,1.),(0.,
0.361641200495506),.UNSPECIFIED.);
#174=B_SPLINE_SURFACE_WITH_KNOTS('',3,3,((#1606,#1607,#1608,#1609,#1610,
#1611,#1612),(#1613,#1614,#1615,#1616,#1617,#1618,#1619),(#1620,#1621,#1622,
#1623,#1624,#1625,#1626),(#1627,#1628,#1629,#1630,#1631,#1632,#1633),(#1634,
#1635,#1636,#1637,#1638,#1639,#1640),(#1641,#1642,#1643,#1644,#1645,#1646,
#1647),(#1648,#1649,#1650,#1651,#1652,#1653,#1654)),.UNSPECIFIED.,.F.,.F.,
 .F.,(4,1,1,1,4),(4,1,1,1,4),(0.,0.285714285714286,0.571428571428571,0.857142857142857,
1.),(0.,0.0526181505028378,0.157854451508513,0.263090752514189,0.368327053519865),
 .UNSPECIFIED.);
#175=B_SPLINE_SURFACE_WITH_KNOTS('',3,3,((#1674,#1675,#1676,#1677,#1678,
#1679,#1680,#1681,#1682,#1683),(#1684,#1685,#1686,#1687,#1688,#1689,#1690,
#1691,#1692,#1693),(#1694,#1695,#1696,#1697,#1698,#1699,#1700,#1701,#1702,
#1703),(#1704,#1705,#1706,#1707,#1708,#1709,#1710,#1711,#1712,#1713),(#1714,
#1715,#1716,#1717,#1718,#1719,#1720,#1721,#1722,#1723),(#1724,#1725,#1726,
#1727,#1728,#1729,#1730,#1731,#1732,#1733)),.UNSPECIFIED.,.F.,.F.,.F.,(4,
1,1,4),(4,1,1,1,1,1,1,4),(0.,0.285714285714286,0.571428571428571,1.),(0.,
0.354856310019287,0.709712620038574,1.06456893005786,1.41942524007715,1.77428155009643,
2.12913786011572,2.48399417013501),.UNSPECIFIED.);
#176=B_SPLINE_SURFACE_WITH_KNOTS('',3,3,((#1761,#1762,#1763,#1764,#1765,
#1766,#1767),(#1768,#1769,#1770,#1771,#1772,#1773,#1774),(#1775,#1776,#1777,
#1778,#1779,#1780,#1781),(#1782,#1783,#1784,#1785,#1786,#1787,#1788),(#1789,
#1790,#1791,#1792,#1793,#1794,#1795),(#1796,#1797,#1798,#1799,#1800,#1801,
#1802),(#1803,#1804,#1805,#1806,#1807,#1808,#1809)),.UNSPECIFIED.,.F.,.F.,
 .F.,(4,1,1,1,4),(4,1,1,1,4),(0.,0.285714285714286,0.571428571428571,0.857142857142857,
1.),(0.,0.105236301006745,0.21047260201349,0.315708903020235,0.368327053523607),
 .UNSPECIFIED.);
#177=B_SPLINE_SURFACE_WITH_KNOTS('',3,3,((#1829,#1830,#1831,#1832),(#1833,
#1834,#1835,#1836),(#1837,#1838,#1839,#1840),(#1841,#1842,#1843,#1844),
(#1845,#1846,#1847,#1848),(#1849,#1850,#1851,#1852)),.UNSPECIFIED.,.F.,
 .F.,.F.,(4,1,1,4),(4,4),(0.,0.285714285714286,0.571428571428571,1.),(0.,
0.361641200495507),.UNSPECIFIED.);
#178=B_SPLINE_SURFACE_WITH_KNOTS('',3,3,((#1878,#1879,#1880,#1881,#1882,
#1883,#1884),(#1885,#1886,#1887,#1888,#1889,#1890,#1891),(#1892,#1893,#1894,
#1895,#1896,#1897,#1898),(#1899,#1900,#1901,#1902,#1903,#1904,#1905),(#1906,
#1907,#1908,#1909,#1910,#1911,#1912),(#1913,#1914,#1915,#1916,#1917,#1918,
#1919),(#1920,#1921,#1922,#1923,#1924,#1925,#1926)),.UNSPECIFIED.,.F.,.F.,
 .F.,(4,1,1,1,4),(4,1,1,1,4),(0.,0.285714285714286,0.571428571428571,0.857142857142857,
1.),(0.,0.0526181505028473,0.157854451508542,0.263090752514237,0.368327053519931),
 .UNSPECIFIED.);
#179=FACE_OUTER_BOUND('',#233,.T.);
#180=FACE_OUTER_BOUND('',#234,.T.);
#181=FACE_OUTER_BOUND('',#235,.T.);
#182=FACE_OUTER_BOUND('',#236,.T.);
#183=FACE_OUTER_BOUND('',#237,.T.);
#184=FACE_OUTER_BOUND('',#238,.T.);
#185=FACE_OUTER_BOUND('',#239,.T.);
#186=FACE_OUTER_BOUND('',#240,.T.);
#187=FACE_OUTER_BOUND('',#241,.T.);
#188=FACE_OUTER_BOUND('',#242,.T.);
#189=FACE_OUTER_BOUND('',#243,.T.);
#190=FACE_OUTER_BOUND('',#244,.T.);
#191=FACE_OUTER_BOUND('',#245,.T.);
#192=FACE_OUTER_BOUND('',#246,.T.);
#193=FACE_OUTER_BOUND('',#247,.T.);
#194=FACE_OUTER_BOUND('',#248,.T.);
#195=FACE_OUTER_BOUND('',#249,.T.);
#196=FACE_OUTER_BOUND('',#250,.T.);
#197=FACE_OUTER_BOUND('',#251,.T.);
#198=FACE_OUTER_BOUND('',#252,.T.);
#199=FACE_OUTER_BOUND('',#253,.T.);
#200=FACE_OUTER_BOUND('',#254,.T.);
#201=FACE_OUTER_BOUND('',#255,.T.);
#202=FACE_OUTER_BOUND('',#256,.T.);
#203=FACE_OUTER_BOUND('',#258,.T.);
#204=FACE_OUTER_BOUND('',#259,.T.);
#205=FACE_OUTER_BOUND('',#260,.T.);
#206=FACE_OUTER_BOUND('',#261,.T.);
#207=FACE_OUTER_BOUND('',#262,.T.);
#208=FACE_OUTER_BOUND('',#263,.T.);
#209=FACE_OUTER_BOUND('',#264,.T.);
#210=FACE_OUTER_BOUND('',#265,.T.);
#211=FACE_OUTER_BOUND('',#266,.T.);
#212=FACE_OUTER_BOUND('',#267,.T.);
#213=FACE_OUTER_BOUND('',#268,.T.);
#214=FACE_OUTER_BOUND('',#269,.T.);
#215=FACE_OUTER_BOUND('',#270,.T.);
#216=FACE_OUTER_BOUND('',#271,.T.);
#217=FACE_OUTER_BOUND('',#272,.T.);
#218=FACE_OUTER_BOUND('',#273,.T.);
#219=FACE_OUTER_BOUND('',#274,.T.);
#220=FACE_OUTER_BOUND('',#275,.T.);
#221=FACE_OUTER_BOUND('',#276,.T.);
#222=FACE_OUTER_BOUND('',#277,.T.);
#223=FACE_OUTER_BOUND('',#278,.T.);
#224=FACE_OUTER_BOUND('',#279,.T.);
#225=FACE_OUTER_BOUND('',#280,.T.);
#226=FACE_OUTER_BOUND('',#281,.T.);
#227=FACE_OUTER_BOUND('',#282,.T.);
#228=FACE_OUTER_BOUND('',#283,.T.);
#229=FACE_OUTER_BOUND('',#284,.T.);
#230=FACE_OUTER_BOUND('',#285,.T.);
#231=FACE_OUTER_BOUND('',#286,.T.);
#232=FACE_OUTER_BOUND('',#290,.T.);
#233=EDGE_LOOP('',(#559,#560,#561,#562,#563));
#234=EDGE_LOOP('',(#564,#565,#566,#567,#568,#569));
#235=EDGE_LOOP('',(#570,#571,#572,#573));
#236=EDGE_LOOP('',(#574,#575,#576,#577,#578,#579));
#237=EDGE_LOOP('',(#580,#581,#582,#583));
#238=EDGE_LOOP('',(#584,#585,#586));
#239=EDGE_LOOP('',(#587,#588,#589,#590));
#240=EDGE_LOOP('',(#591,#592,#593));
#241=EDGE_LOOP('',(#594,#595,#596,#597));
#242=EDGE_LOOP('',(#598,#599,#600,#601,#602,#603));
#243=EDGE_LOOP('',(#604,#605,#606,#607));
#244=EDGE_LOOP('',(#608,#609,#610));
#245=EDGE_LOOP('',(#611,#612,#613));
#246=EDGE_LOOP('',(#614,#615,#616,#617,#618,#619,#620,#621,#622,#623,#624,
#625,#626,#627,#628,#629,#630,#631,#632,#633,#634,#635,#636));
#247=EDGE_LOOP('',(#637,#638,#639,#640));
#248=EDGE_LOOP('',(#641,#642,#643,#644));
#249=EDGE_LOOP('',(#645,#646,#647,#648));
#250=EDGE_LOOP('',(#649,#650,#651,#652));
#251=EDGE_LOOP('',(#653,#654,#655,#656));
#252=EDGE_LOOP('',(#657,#658,#659,#660));
#253=EDGE_LOOP('',(#661,#662,#663,#664));
#254=EDGE_LOOP('',(#665,#666,#667,#668));
#255=EDGE_LOOP('',(#669,#670,#671,#672));
#256=EDGE_LOOP('',(#673,#674,#675,#676,#677,#678,#679,#680,#681,#682,#683,
#684,#685,#686,#687,#688,#689,#690));
#257=EDGE_LOOP('',(#691));
#258=EDGE_LOOP('',(#692,#693,#694,#695));
#259=EDGE_LOOP('',(#696,#697,#698,#699));
#260=EDGE_LOOP('',(#700,#701,#702,#703));
#261=EDGE_LOOP('',(#704,#705,#706,#707));
#262=EDGE_LOOP('',(#708,#709,#710,#711));
#263=EDGE_LOOP('',(#712,#713,#714,#715));
#264=EDGE_LOOP('',(#716,#717,#718));
#265=EDGE_LOOP('',(#719,#720,#721,#722));
#266=EDGE_LOOP('',(#723,#724,#725));
#267=EDGE_LOOP('',(#726,#727,#728,#729));
#268=EDGE_LOOP('',(#730,#731,#732,#733));
#269=EDGE_LOOP('',(#734,#735,#736));
#270=EDGE_LOOP('',(#737,#738,#739));
#271=EDGE_LOOP('',(#740,#741,#742,#743));
#272=EDGE_LOOP('',(#744,#745,#746,#747));
#273=EDGE_LOOP('',(#748,#749,#750,#751));
#274=EDGE_LOOP('',(#752,#753,#754,#755,#756,#757));
#275=EDGE_LOOP('',(#758,#759,#760,#761));
#276=EDGE_LOOP('',(#762,#763,#764,#765,#766,#767,#768,#769,#770,#771,#772,
#773,#774,#775,#776,#777,#778));
#277=EDGE_LOOP('',(#779,#780,#781,#782));
#278=EDGE_LOOP('',(#783,#784,#785,#786));
#279=EDGE_LOOP('',(#787,#788,#789,#790));
#280=EDGE_LOOP('',(#791,#792,#793,#794));
#281=EDGE_LOOP('',(#795,#796,#797,#798,#799,#800));
#282=EDGE_LOOP('',(#801,#802,#803,#804));
#283=EDGE_LOOP('',(#805,#806,#807,#808,#809,#810));
#284=EDGE_LOOP('',(#811,#812,#813,#814,#815,#816));
#285=EDGE_LOOP('',(#817,#818,#819,#820));
#286=EDGE_LOOP('',(#821));
#287=EDGE_LOOP('',(#822));
#288=EDGE_LOOP('',(#823));
#289=EDGE_LOOP('',(#824));
#290=EDGE_LOOP('',(#825,#826,#827,#828));
#291=B_SPLINE_CURVE_WITH_KNOTS('',3,(#1356,#1357,#1358,#1359),
 .UNSPECIFIED.,.F.,.F.,(4,4),(-1.41566239483168,-1.34397622976459),
 .UNSPECIFIED.);
#292=B_SPLINE_CURVE_WITH_KNOTS('',3,(#1361,#1362,#1363,#1364,#1365,#1366),
 .UNSPECIFIED.,.F.,.F.,(4,1,1,4),(-1.92318073665712,-1.77427939570076,-1.41942351656061,
-1.24199729888517),.UNSPECIFIED.);
#293=B_SPLINE_CURVE_WITH_KNOTS('',3,(#1368,#1369,#1370,#1371),
 .UNSPECIFIED.,.F.,.F.,(4,4),(-0.366225353008256,-0.151839379343673),
 .UNSPECIFIED.);
#294=B_SPLINE_CURVE_WITH_KNOTS('',3,(#1373,#1374,#1375,#1376,#1377,#1378,
#1379,#1380,#1381,#1382,#1383,#1384,#1385,#1386,#1387,#1388,#1389,#1390,
#1391,#1392,#1393,#1394),.UNSPECIFIED.,.F.,.F.,(4,2,2,2,2,2,2,2,2,2,4),
(-1.03042051352547,-1.01551078312236,-0.960956940197685,-0.927740054303743,
-0.899466259399026,-0.867199668571805,-0.816719029895063,-0.740433099441867,
-0.674138308952493,-0.608060610714697,-0.585083303815939),.UNSPECIFIED.);
#295=B_SPLINE_CURVE_WITH_KNOTS('',3,(#1395,#1396,#1397,#1398,#1399,#1400),
 .UNSPECIFIED.,.F.,.F.,(4,2,4),(-1.47783640173798,-1.22902945562852,-0.932629263079748),
 .UNSPECIFIED.);
#296=B_SPLINE_CURVE_WITH_KNOTS('',3,(#1464,#1465,#1466,#1467,#1468),
 .UNSPECIFIED.,.F.,.F.,(4,1,4),(-2.48399115398107,-2.12913527484092,-1.92318073665712),
 .UNSPECIFIED.);
#297=B_SPLINE_CURVE_WITH_KNOTS('',3,(#1470,#1471,#1472,#1473,#1474,#1475,
#1476),.UNSPECIFIED.,.F.,.F.,(4,1,1,1,4),(-1.24199729888517,-1.06456763742046,
-0.709711758280306,-0.354855879140153,0.),.UNSPECIFIED.);
#298=B_SPLINE_CURVE_WITH_KNOTS('',3,(#1479,#1480,#1481,#1482,#1483,#1484,
#1485,#1486,#1487,#1488),.UNSPECIFIED.,.F.,.F.,(4,1,1,1,1,1,1,4),(0.,0.354855879140153,
0.709711758280306,1.06456763742046,1.41942351656061,1.77427939570076,2.12913527484092,
2.48399115398107),.UNSPECIFIED.);
#299=B_SPLINE_CURVE_WITH_KNOTS('',3,(#1541,#1542,#1543,#1544,#1545,#1546,
#1547),.UNSPECIFIED.,.F.,.F.,(4,1,1,1,4),(-0.368327053523675,-0.263090752516911,
-0.157854451510146,-0.0526181505033821,0.),.UNSPECIFIED.);
#300=B_SPLINE_CURVE_WITH_KNOTS('',3,(#1550,#1551,#1552,#1553,#1554,#1555,
#1556),.UNSPECIFIED.,.F.,.F.,(4,1,1,1,4),(0.,0.0526181505033821,0.157854451510146,
0.263090752516911,0.368327053523675),.UNSPECIFIED.);
#301=B_SPLINE_CURVE_WITH_KNOTS('',3,(#1583,#1584,#1585,#1586,#1587,#1588,
#1589,#1590),.UNSPECIFIED.,.F.,.F.,(4,2,2,4),(0.,0.0522292332622585,0.0940343972858277,
0.134144412541616),.UNSPECIFIED.);
#302=B_SPLINE_CURVE_WITH_KNOTS('',3,(#1592,#1593,#1594,#1595),
 .UNSPECIFIED.,.F.,.F.,(4,4),(0.24566327668222,0.361641200495506),
 .UNSPECIFIED.);
#303=B_SPLINE_CURVE_WITH_KNOTS('',3,(#1598,#1599,#1600,#1601),
 .UNSPECIFIED.,.F.,.F.,(4,4),(-0.361641200495506,0.),.UNSPECIFIED.);
#304=B_SPLINE_CURVE_WITH_KNOTS('',3,(#1602,#1603,#1604,#1605),
 .UNSPECIFIED.,.F.,.F.,(4,4),(0.,0.115977923816931),.UNSPECIFIED.);
#305=B_SPLINE_CURVE_WITH_KNOTS('',3,(#1656,#1657,#1658,#1659,#1660,#1661,
#1662),.UNSPECIFIED.,.F.,.F.,(4,1,1,1,4),(-0.368327053519865,-0.263090752514189,
-0.157854451508513,-0.0526181505028378,0.),.UNSPECIFIED.);
#306=B_SPLINE_CURVE_WITH_KNOTS('',3,(#1665,#1666,#1667,#1668,#1669,#1670,
#1671),.UNSPECIFIED.,.F.,.F.,(4,1,1,1,4),(0.,0.0526181505028378,0.157854451508513,
0.263090752514189,0.368327053519865),.UNSPECIFIED.);
#307=B_SPLINE_CURVE_WITH_KNOTS('',3,(#1737,#1738,#1739,#1740,#1741,#1742,
#1743,#1744,#1745,#1746),.UNSPECIFIED.,.F.,.F.,(4,1,1,1,1,1,1,4),(-2.48399417013501,
-2.12913786011572,-1.77428155009643,-1.41942524007715,-1.06456893005786,
-0.709712620038574,-0.354856310019287,0.),.UNSPECIFIED.);
#308=B_SPLINE_CURVE_WITH_KNOTS('',3,(#1749,#1750,#1751,#1752,#1753,#1754,
#1755,#1756,#1757,#1758),.UNSPECIFIED.,.F.,.F.,(4,1,1,1,1,1,1,4),(0.,0.354856310019287,
0.709712620038574,1.06456893005786,1.41942524007715,1.77428155009643,2.12913786011572,
2.48399417013501),.UNSPECIFIED.);
#309=B_SPLINE_CURVE_WITH_KNOTS('',3,(#1813,#1814,#1815,#1816,#1817,#1818,
#1819),.UNSPECIFIED.,.F.,.F.,(4,1,1,1,4),(-0.368327053523607,-0.315708903020235,
-0.21047260201349,-0.105236301006745,0.),.UNSPECIFIED.);
#310=B_SPLINE_CURVE_WITH_KNOTS('',3,(#1822,#1823,#1824,#1825,#1826,#1827,
#1828),.UNSPECIFIED.,.F.,.F.,(4,1,1,1,4),(0.,0.105236301006745,0.21047260201349,
0.315708903020235,0.368327053523607),.UNSPECIFIED.);
#311=B_SPLINE_CURVE_WITH_KNOTS('',3,(#1855,#1856,#1857,#1858,#1859,#1860,
#1861,#1862),.UNSPECIFIED.,.F.,.F.,(4,2,2,4),(0.,0.0522292332622593,0.0940343972858312,
0.134144412541624),.UNSPECIFIED.);
#312=B_SPLINE_CURVE_WITH_KNOTS('',3,(#1864,#1865,#1866,#1867),
 .UNSPECIFIED.,.F.,.F.,(4,4),(0.245663276682311,0.361641200495507),
 .UNSPECIFIED.);
#313=B_SPLINE_CURVE_WITH_KNOTS('',3,(#1870,#1871,#1872,#1873),
 .UNSPECIFIED.,.F.,.F.,(4,4),(-0.361641200495507,0.),.UNSPECIFIED.);
#314=B_SPLINE_CURVE_WITH_KNOTS('',3,(#1874,#1875,#1876,#1877),
 .UNSPECIFIED.,.F.,.F.,(4,4),(0.,0.115977923817022),.UNSPECIFIED.);
#315=B_SPLINE_CURVE_WITH_KNOTS('',3,(#1928,#1929,#1930,#1931,#1932,#1933,
#1934),.UNSPECIFIED.,.F.,.F.,(4,1,1,1,4),(-0.368327053519931,-0.263090752514237,
-0.157854451508542,-0.0526181505028473,0.),.UNSPECIFIED.);
#316=B_SPLINE_CURVE_WITH_KNOTS('',3,(#1936,#1937,#1938,#1939,#1940,#1941,
#1942),.UNSPECIFIED.,.F.,.F.,(4,1,1,1,4),(0.,0.0526181505028473,0.157854451508542,
0.263090752514237,0.368327053519931),.UNSPECIFIED.);
#317=B_SPLINE_CURVE_WITH_KNOTS('',3,(#2011,#2012,#2013,#2014,#2015,#2016),
 .UNSPECIFIED.,.F.,.F.,(4,2,4),(-0.932629263079748,-0.631037222150185,-0.17511048706892),
 .UNSPECIFIED.);
#318=B_SPLINE_CURVE_WITH_KNOTS('',3,(#2018,#2019,#2020,#2021,#2022,#2023,
#2024,#2025,#2026,#2027),.UNSPECIFIED.,.F.,.F.,(4,2,2,2,4),(-0.21334466355332,
-0.170849319072349,-0.127265333962904,-0.0642542880832351,0.),
 .UNSPECIFIED.);
#319=B_SPLINE_CURVE_WITH_KNOTS('',3,(#2029,#2030,#2031,#2032),
 .UNSPECIFIED.,.F.,.F.,(4,4),(-0.689912621644954,-1.06217212803017E-9),
 .UNSPECIFIED.);
#320=B_SPLINE_CURVE_WITH_KNOTS('',3,(#2034,#2035,#2036,#2037,#2038,#2039,
#2040,#2041,#2042,#2043,#2044,#2045,#2046,#2047,#2048,#2049),
 .UNSPECIFIED.,.F.,.F.,(4,2,2,2,2,2,2,4),(6.6972993900385,7.08075570953944,
7.72446077404303,8.36816583854661,9.0118709030502,9.65557596755379,10.0200363026748,
10.3268034694425),.UNSPECIFIED.);
#321=B_SPLINE_CURVE_WITH_KNOTS('',3,(#2051,#2052,#2053,#2054,#2055,#2056),
 .UNSPECIFIED.,.F.,.F.,(4,2,4),(-1.71160117756231,-0.871541734840585,-0.366225353008255),
 .UNSPECIFIED.);
#322=B_SPLINE_CURVE_WITH_KNOTS('',3,(#2058,#2059,#2060,#2061,#2062,#2063,
#2064,#2065,#2066,#2067,#2068,#2069,#2070,#2071,#2072,#2073,#2074,#2075,
#2076,#2077,#2078,#2079),.UNSPECIFIED.,.F.,.F.,(4,2,2,2,2,2,2,2,2,2,4),
(-1.03042051352548,-1.01551078312237,-0.960956940197709,-0.92774005430382,
-0.8994662593991,-0.867199668571869,-0.816719029895122,-0.740433099441921,
-0.67413830895254,-0.608060610714734,-0.585083303815971),.UNSPECIFIED.);
#323=B_SPLINE_CURVE_WITH_KNOTS('',3,(#2081,#2082,#2083,#2084,#2085,#2086),
 .UNSPECIFIED.,.F.,.F.,(4,2,4),(-1.4778476307476,-1.22903371797406,-0.932640503959442),
 .UNSPECIFIED.);
#324=B_SPLINE_CURVE_WITH_KNOTS('',3,(#2088,#2089,#2090,#2091,#2092,#2093),
 .UNSPECIFIED.,.F.,.F.,(4,2,4),(-0.932640503959442,-0.63103512645377,-0.175121748443616),
 .UNSPECIFIED.);
#325=B_SPLINE_CURVE_WITH_KNOTS('',3,(#2095,#2096,#2097,#2098,#2099,#2100,
#2101,#2102,#2103,#2104),.UNSPECIFIED.,.F.,.F.,(4,2,2,2,4),(-0.213481511827948,
-0.176724091143419,-0.139502808522113,-0.0758041990584646,0.),
 .UNSPECIFIED.);
#326=B_SPLINE_CURVE_WITH_KNOTS('',3,(#2106,#2107,#2108,#2109),
 .UNSPECIFIED.,.F.,.F.,(4,4),(-0.68991260911016,-1.06217268314168E-9),
 .UNSPECIFIED.);
#327=B_SPLINE_CURVE_WITH_KNOTS('',3,(#2111,#2112,#2113,#2114,#2115,#2116,
#2117,#2118,#2119,#2120,#2121,#2122,#2123,#2124),.UNSPECIFIED.,.F.,.F.,
(4,2,2,2,2,2,4),(1.50422077067511,1.93111519351076,2.57482025801434,3.21852532251793,
3.86223038702151,4.5059354515251,5.13521734102135),.UNSPECIFIED.);
#328=B_SPLINE_CURVE_WITH_KNOTS('',3,(#2125,#2126,#2127,#2128,#2129,#2130),
 .UNSPECIFIED.,.F.,.F.,(4,2,4),(-1.71160117756233,-0.871541734840587,-0.366225353008256),
 .UNSPECIFIED.);
#329=B_SPLINE_CURVE_WITH_KNOTS('',3,(#2228,#2229,#2230,#2231,#2232,#2233,
#2234,#2235,#2236,#2237,#2238,#2239,#2240,#2241,#2242,#2243,#2244,#2245,
#2246,#2247,#2248,#2249),.UNSPECIFIED.,.F.,.F.,(4,2,2,2,2,2,2,2,2,2,4),
(-0.441853824217158,-0.406483009267971,-0.344202686057769,-0.282139503280567,
-0.217806245745804,-0.163888245391663,-0.135703474031077,-0.115026201219095,
-0.0939928085602487,-0.0641184487839728,0.),.UNSPECIFIED.);
#330=B_SPLINE_CURVE_WITH_KNOTS('',3,(#2254,#2255,#2256,#2257,#2258,#2259),
 .UNSPECIFIED.,.F.,.F.,(4,2,4),(-1.35237253996403,-0.893263634770604,0.),
 .UNSPECIFIED.);
#331=B_SPLINE_CURVE_WITH_KNOTS('',3,(#2264,#2265,#2266,#2267,#2268,#2269,
#2270,#2271,#2272,#2273),.UNSPECIFIED.,.F.,.F.,(4,2,2,2,4),(-0.213047417450846,
-0.168433217639518,-0.1326983552595,-0.0723335188102201,-3.95599496795518E-6),
 .UNSPECIFIED.);
#332=B_SPLINE_CURVE_WITH_KNOTS('',3,(#2277,#2278,#2279,#2280,#2281,#2282),
 .UNSPECIFIED.,.F.,.F.,(4,2,4),(-1.01305063179671,-0.57624105421786,-0.470774757066831),
 .UNSPECIFIED.);
#333=B_SPLINE_CURVE_WITH_KNOTS('',3,(#2283,#2284,#2285,#2286,#2287,#2288),
 .UNSPECIFIED.,.F.,.F.,(4,2,4),(-1.76804295920436,-1.2607238686074,-1.01305063179671),
 .UNSPECIFIED.);
#334=B_SPLINE_CURVE_WITH_KNOTS('',3,(#2291,#2292,#2293,#2294),
 .UNSPECIFIED.,.F.,.F.,(4,4),(-0.86062776337703,-0.172135857158593),
 .UNSPECIFIED.);
#335=B_SPLINE_CURVE_WITH_KNOTS('',3,(#2326,#2327,#2328,#2329),
 .UNSPECIFIED.,.F.,.F.,(4,4),(-0.86062523037607,-0.172133306660056),
 .UNSPECIFIED.);
#336=B_SPLINE_CURVE_WITH_KNOTS('',3,(#2331,#2332,#2333,#2334,#2335,#2336,
#2337,#2338,#2339,#2340),.UNSPECIFIED.,.F.,.F.,(4,2,2,2,4),(-0.213047282137314,
-0.168432080811302,-0.132697628393556,-0.0723334196962356,-2.93516249844084E-6),
 .UNSPECIFIED.);
#337=B_SPLINE_CURVE_WITH_KNOTS('',3,(#2342,#2343,#2344,#2345,#2346,#2347),
 .UNSPECIFIED.,.F.,.F.,(4,2,4),(-1.76802930804651,-1.26071267722917,-1.01303694299303),
 .UNSPECIFIED.);
#338=B_SPLINE_CURVE_WITH_KNOTS('',2,(#2349,#2350,#2351),.UNSPECIFIED.,.F.,
 .F.,(3,3),(1.33723708423955,1.46776663787503),.UNSPECIFIED.);
#339=B_SPLINE_CURVE_WITH_KNOTS('',3,(#2352,#2353,#2354,#2355,#2356,#2357,
#2358,#2359,#2360,#2361,#2362,#2363,#2364,#2365,#2366,#2367,#2368,#2369,
#2370,#2371,#2372,#2373,#2374,#2375,#2376,#2377,#2378,#2379,#2380,#2381,
#2382,#2383,#2384,#2385,#2386,#2387,#2388,#2389,#2390),.UNSPECIFIED.,.T.,
 .F.,(4,2,2,2,2,2,2,2,2,2,2,2,2,2,2,3,2,2,4),(-7.43945337239379,-7.05945632922981,
-6.55520944857054,-6.05096256791127,-5.54671568725199,-5.04246880659272,
-4.53822192593345,-4.03397504527418,-3.52972816461491,-3.02548128395563,
-2.52123440329636,-2.01698752263709,-1.51274064197782,-1.00849376131855,
-0.504246880659273,0.,0.285500297019587,0.571000594039175,0.695250431534466),
 .UNSPECIFIED.);
#340=B_SPLINE_CURVE_WITH_KNOTS('',3,(#2392,#2393,#2394,#2395,#2396,#2397),
 .UNSPECIFIED.,.F.,.F.,(4,2,4),(-1.01303694299303,-0.576243866307605,-0.470761057072508),
 .UNSPECIFIED.);
#341=B_SPLINE_CURVE_WITH_KNOTS('',3,(#2399,#2400,#2401,#2402,#2403,#2404,
#2405,#2406,#2407,#2408,#2409,#2410,#2411,#2412,#2413,#2414,#2415,#2416,
#2417,#2418,#2419,#2420),.UNSPECIFIED.,.F.,.F.,(4,2,2,2,2,2,2,2,2,2,4),
(-0.441853824217012,-0.406483009267825,-0.344202686057648,-0.282139503280483,
-0.217806245745762,-0.163888245391647,-0.135703474031077,-0.115026201219118,
-0.0939928085602748,-0.0641184487839578,0.),.UNSPECIFIED.);
#342=B_SPLINE_CURVE_WITH_KNOTS('',3,(#2422,#2423,#2424,#2425,#2426,#2427),
 .UNSPECIFIED.,.F.,.F.,(4,2,4),(-1.35237259551809,-0.893263634770567,0.),
 .UNSPECIFIED.);
#343=VERTEX_POINT('',#1354);
#344=VERTEX_POINT('',#1355);
#345=VERTEX_POINT('',#1360);
#346=VERTEX_POINT('',#1367);
#347=VERTEX_POINT('',#1372);
#348=VERTEX_POINT('',#1461);
#349=VERTEX_POINT('',#1462);
#350=VERTEX_POINT('',#1469);
#351=VERTEX_POINT('',#1477);
#352=VERTEX_POINT('',#1538);
#353=VERTEX_POINT('',#1540);
#354=VERTEX_POINT('',#1548);
#355=VERTEX_POINT('',#1581);
#356=VERTEX_POINT('',#1582);
#357=VERTEX_POINT('',#1591);
#358=VERTEX_POINT('',#1596);
#359=VERTEX_POINT('',#1655);
#360=VERTEX_POINT('',#1663);
#361=VERTEX_POINT('',#1734);
#362=VERTEX_POINT('',#1735);
#363=VERTEX_POINT('',#1747);
#364=VERTEX_POINT('',#1810);
#365=VERTEX_POINT('',#1812);
#366=VERTEX_POINT('',#1820);
#367=VERTEX_POINT('',#1853);
#368=VERTEX_POINT('',#1854);
#369=VERTEX_POINT('',#1863);
#370=VERTEX_POINT('',#1868);
#371=VERTEX_POINT('',#1927);
#372=VERTEX_POINT('',#2010);
#373=VERTEX_POINT('',#2017);
#374=VERTEX_POINT('',#2028);
#375=VERTEX_POINT('',#2033);
#376=VERTEX_POINT('',#2050);
#377=VERTEX_POINT('',#2057);
#378=VERTEX_POINT('',#2080);
#379=VERTEX_POINT('',#2087);
#380=VERTEX_POINT('',#2094);
#381=VERTEX_POINT('',#2105);
#382=VERTEX_POINT('',#2110);
#383=VERTEX_POINT('',#2132);
#384=VERTEX_POINT('',#2134);
#385=VERTEX_POINT('',#2138);
#386=VERTEX_POINT('',#2142);
#387=VERTEX_POINT('',#2146);
#388=VERTEX_POINT('',#2150);
#389=VERTEX_POINT('',#2152);
#390=VERTEX_POINT('',#2156);
#391=VERTEX_POINT('',#2158);
#392=VERTEX_POINT('',#2162);
#393=VERTEX_POINT('',#2163);
#394=VERTEX_POINT('',#2168);
#395=VERTEX_POINT('',#2169);
#396=VERTEX_POINT('',#2177);
#397=VERTEX_POINT('',#2179);
#398=VERTEX_POINT('',#2181);
#399=VERTEX_POINT('',#2184);
#400=VERTEX_POINT('',#2187);
#401=VERTEX_POINT('',#2190);
#402=VERTEX_POINT('',#2193);
#403=VERTEX_POINT('',#2197);
#404=VERTEX_POINT('',#2205);
#405=VERTEX_POINT('',#2209);
#406=VERTEX_POINT('',#2225);
#407=VERTEX_POINT('',#2227);
#408=VERTEX_POINT('',#2252);
#409=VERTEX_POINT('',#2261);
#410=VERTEX_POINT('',#2263);
#411=VERTEX_POINT('',#2276);
#412=VERTEX_POINT('',#2290);
#413=VERTEX_POINT('',#2323);
#414=VERTEX_POINT('',#2325);
#415=VERTEX_POINT('',#2330);
#416=VERTEX_POINT('',#2341);
#417=VERTEX_POINT('',#2348);
#418=VERTEX_POINT('',#2391);
#419=VERTEX_POINT('',#2398);
#420=VERTEX_POINT('',#2421);
#421=VERTEX_POINT('',#2442);
#422=VERTEX_POINT('',#2446);
#423=VERTEX_POINT('',#2450);
#424=EDGE_CURVE('',#343,#344,#291,.T.);
#425=EDGE_CURVE('',#345,#343,#292,.T.);
#426=EDGE_CURVE('',#346,#345,#293,.T.);
#427=EDGE_CURVE('',#346,#347,#294,.F.);
#428=EDGE_CURVE('',#347,#344,#295,.T.);
#429=EDGE_CURVE('',#348,#349,#115,.T.);
#430=EDGE_CURVE('',#349,#345,#296,.T.);
#431=EDGE_CURVE('',#343,#350,#297,.T.);
#432=EDGE_CURVE('',#350,#351,#116,.T.);
#433=EDGE_CURVE('',#351,#348,#298,.T.);
#434=EDGE_CURVE('',#349,#352,#117,.T.);
#435=EDGE_CURVE('',#352,#353,#299,.T.);
#436=EDGE_CURVE('',#353,#354,#118,.T.);
#437=EDGE_CURVE('',#354,#349,#300,.T.);
#438=EDGE_CURVE('',#355,#356,#301,.F.);
#439=EDGE_CURVE('',#355,#357,#302,.T.);
#440=EDGE_CURVE('',#357,#358,#119,.T.);
#441=EDGE_CURVE('',#358,#354,#303,.T.);
#442=EDGE_CURVE('',#353,#356,#304,.T.);
#443=EDGE_CURVE('',#357,#359,#305,.T.);
#444=EDGE_CURVE('',#359,#360,#120,.T.);
#445=EDGE_CURVE('',#360,#358,#306,.T.);
#446=EDGE_CURVE('',#348,#352,#121,.T.);
#447=EDGE_CURVE('',#361,#362,#122,.T.);
#448=EDGE_CURVE('',#362,#360,#307,.T.);
#449=EDGE_CURVE('',#360,#363,#123,.T.);
#450=EDGE_CURVE('',#363,#361,#308,.T.);
#451=EDGE_CURVE('',#359,#363,#124,.T.);
#452=EDGE_CURVE('',#362,#364,#125,.T.);
#453=EDGE_CURVE('',#364,#365,#309,.T.);
#454=EDGE_CURVE('',#365,#366,#126,.T.);
#455=EDGE_CURVE('',#366,#362,#310,.T.);
#456=EDGE_CURVE('',#367,#368,#311,.F.);
#457=EDGE_CURVE('',#367,#369,#312,.T.);
#458=EDGE_CURVE('',#369,#370,#127,.T.);
#459=EDGE_CURVE('',#370,#366,#313,.T.);
#460=EDGE_CURVE('',#365,#368,#314,.T.);
#461=EDGE_CURVE('',#369,#371,#315,.T.);
#462=EDGE_CURVE('',#371,#350,#128,.T.);
#463=EDGE_CURVE('',#350,#370,#316,.T.);
#464=EDGE_CURVE('',#361,#364,#129,.T.);
#465=EDGE_CURVE('',#371,#351,#130,.T.);
#466=EDGE_CURVE('',#344,#372,#317,.T.);
#467=EDGE_CURVE('',#373,#372,#318,.T.);
#468=EDGE_CURVE('',#373,#374,#319,.T.);
#469=EDGE_CURVE('',#375,#374,#320,.T.);
#470=EDGE_CURVE('',#375,#376,#321,.T.);
#471=EDGE_CURVE('',#376,#377,#322,.F.);
#472=EDGE_CURVE('',#377,#378,#323,.T.);
#473=EDGE_CURVE('',#378,#379,#324,.T.);
#474=EDGE_CURVE('',#380,#379,#325,.T.);
#475=EDGE_CURVE('',#380,#381,#326,.T.);
#476=EDGE_CURVE('',#382,#381,#327,.T.);
#477=EDGE_CURVE('',#382,#346,#328,.T.);
#478=EDGE_CURVE('',#348,#383,#38,.T.);
#479=EDGE_CURVE('',#383,#384,#131,.T.);
#480=EDGE_CURVE('',#352,#384,#39,.T.);
#481=EDGE_CURVE('',#385,#351,#40,.T.);
#482=EDGE_CURVE('',#383,#385,#132,.T.);
#483=EDGE_CURVE('',#386,#371,#41,.T.);
#484=EDGE_CURVE('',#386,#385,#133,.T.);
#485=EDGE_CURVE('',#369,#387,#42,.T.);
#486=EDGE_CURVE('',#387,#386,#134,.T.);
#487=EDGE_CURVE('',#364,#388,#43,.T.);
#488=EDGE_CURVE('',#389,#388,#135,.T.);
#489=EDGE_CURVE('',#389,#365,#44,.T.);
#490=EDGE_CURVE('',#357,#390,#45,.T.);
#491=EDGE_CURVE('',#390,#391,#136,.T.);
#492=EDGE_CURVE('',#391,#359,#46,.T.);
#493=EDGE_CURVE('',#392,#393,#137,.T.);
#494=EDGE_CURVE('',#393,#391,#138,.T.);
#495=EDGE_CURVE('',#390,#392,#139,.T.);
#496=EDGE_CURVE('',#394,#395,#140,.T.);
#497=EDGE_CURVE('',#395,#393,#141,.T.);
#498=EDGE_CURVE('',#392,#394,#142,.T.);
#499=EDGE_CURVE('',#388,#395,#143,.T.);
#500=EDGE_CURVE('',#394,#389,#144,.T.);
#501=EDGE_CURVE('',#396,#353,#47,.T.);
#502=EDGE_CURVE('',#397,#396,#145,.T.);
#503=EDGE_CURVE('',#398,#397,#146,.T.);
#504=EDGE_CURVE('',#387,#398,#147,.T.);
#505=EDGE_CURVE('',#367,#399,#148,.T.);
#506=EDGE_CURVE('',#399,#368,#149,.T.);
#507=EDGE_CURVE('',#355,#400,#150,.T.);
#508=EDGE_CURVE('',#400,#356,#151,.T.);
#509=EDGE_CURVE('',#401,#401,#152,.T.);
#510=EDGE_CURVE('',#398,#402,#153,.T.);
#511=EDGE_CURVE('',#402,#386,#154,.T.);
#512=EDGE_CURVE('',#397,#403,#155,.T.);
#513=EDGE_CURVE('',#403,#402,#156,.T.);
#514=EDGE_CURVE('',#396,#384,#157,.T.);
#515=EDGE_CURVE('',#384,#403,#158,.T.);
#516=EDGE_CURVE('',#391,#404,#159,.T.);
#517=EDGE_CURVE('',#404,#363,#48,.T.);
#518=EDGE_CURVE('',#395,#405,#160,.T.);
#519=EDGE_CURVE('',#405,#404,#161,.T.);
#520=EDGE_CURVE('',#404,#393,#162,.T.);
#521=EDGE_CURVE('',#361,#405,#49,.T.);
#522=EDGE_CURVE('',#405,#388,#163,.T.);
#523=EDGE_CURVE('',#403,#383,#164,.T.);
#524=EDGE_CURVE('',#385,#402,#165,.T.);
#525=EDGE_CURVE('',#376,#406,#50,.T.);
#526=EDGE_CURVE('',#406,#407,#329,.T.);
#527=EDGE_CURVE('',#407,#377,#51,.T.);
#528=EDGE_CURVE('',#408,#375,#52,.T.);
#529=EDGE_CURVE('',#406,#408,#330,.T.);
#530=EDGE_CURVE('',#379,#409,#53,.T.);
#531=EDGE_CURVE('',#409,#410,#331,.T.);
#532=EDGE_CURVE('',#410,#380,#54,.T.);
#533=EDGE_CURVE('',#411,#407,#332,.T.);
#534=EDGE_CURVE('',#409,#411,#333,.T.);
#535=EDGE_CURVE('',#412,#410,#334,.T.);
#536=EDGE_CURVE('',#381,#412,#55,.T.);
#537=EDGE_CURVE('',#408,#413,#166,.T.);
#538=EDGE_CURVE('',#413,#414,#335,.T.);
#539=EDGE_CURVE('',#415,#414,#336,.T.);
#540=EDGE_CURVE('',#415,#416,#337,.T.);
#541=EDGE_CURVE('',#416,#417,#338,.T.);
#542=EDGE_CURVE('',#417,#417,#339,.T.);
#543=EDGE_CURVE('',#416,#418,#340,.T.);
#544=EDGE_CURVE('',#419,#418,#341,.T.);
#545=EDGE_CURVE('',#419,#420,#342,.T.);
#546=EDGE_CURVE('',#420,#412,#167,.T.);
#547=EDGE_CURVE('',#374,#413,#56,.T.);
#548=EDGE_CURVE('',#346,#419,#57,.T.);
#549=EDGE_CURVE('',#418,#347,#58,.T.);
#550=EDGE_CURVE('',#420,#382,#59,.T.);
#551=EDGE_CURVE('',#372,#415,#60,.T.);
#552=EDGE_CURVE('',#414,#373,#61,.T.);
#553=EDGE_CURVE('',#421,#421,#168,.T.);
#554=EDGE_CURVE('',#421,#400,#62,.T.);
#555=EDGE_CURVE('',#422,#422,#169,.T.);
#556=EDGE_CURVE('',#422,#399,#63,.T.);
#557=EDGE_CURVE('',#401,#423,#64,.T.);
#558=EDGE_CURVE('',#423,#423,#170,.T.);
#559=ORIENTED_EDGE('',*,*,#424,.F.);
#560=ORIENTED_EDGE('',*,*,#425,.F.);
#561=ORIENTED_EDGE('',*,*,#426,.F.);
#562=ORIENTED_EDGE('',*,*,#427,.T.);
#563=ORIENTED_EDGE('',*,*,#428,.T.);
#564=ORIENTED_EDGE('',*,*,#429,.T.);
#565=ORIENTED_EDGE('',*,*,#430,.T.);
#566=ORIENTED_EDGE('',*,*,#425,.T.);
#567=ORIENTED_EDGE('',*,*,#431,.T.);
#568=ORIENTED_EDGE('',*,*,#432,.T.);
#569=ORIENTED_EDGE('',*,*,#433,.T.);
#570=ORIENTED_EDGE('',*,*,#434,.T.);
#571=ORIENTED_EDGE('',*,*,#435,.T.);
#572=ORIENTED_EDGE('',*,*,#436,.T.);
#573=ORIENTED_EDGE('',*,*,#437,.T.);
#574=ORIENTED_EDGE('',*,*,#438,.F.);
#575=ORIENTED_EDGE('',*,*,#439,.T.);
#576=ORIENTED_EDGE('',*,*,#440,.T.);
#577=ORIENTED_EDGE('',*,*,#441,.T.);
#578=ORIENTED_EDGE('',*,*,#436,.F.);
#579=ORIENTED_EDGE('',*,*,#442,.T.);
#580=ORIENTED_EDGE('',*,*,#440,.F.);
#581=ORIENTED_EDGE('',*,*,#443,.T.);
#582=ORIENTED_EDGE('',*,*,#444,.T.);
#583=ORIENTED_EDGE('',*,*,#445,.T.);
#584=ORIENTED_EDGE('',*,*,#434,.F.);
#585=ORIENTED_EDGE('',*,*,#429,.F.);
#586=ORIENTED_EDGE('',*,*,#446,.T.);
#587=ORIENTED_EDGE('',*,*,#447,.T.);
#588=ORIENTED_EDGE('',*,*,#448,.T.);
#589=ORIENTED_EDGE('',*,*,#449,.T.);
#590=ORIENTED_EDGE('',*,*,#450,.T.);
#591=ORIENTED_EDGE('',*,*,#449,.F.);
#592=ORIENTED_EDGE('',*,*,#444,.F.);
#593=ORIENTED_EDGE('',*,*,#451,.T.);
#594=ORIENTED_EDGE('',*,*,#452,.T.);
#595=ORIENTED_EDGE('',*,*,#453,.T.);
#596=ORIENTED_EDGE('',*,*,#454,.T.);
#597=ORIENTED_EDGE('',*,*,#455,.T.);
#598=ORIENTED_EDGE('',*,*,#456,.F.);
#599=ORIENTED_EDGE('',*,*,#457,.T.);
#600=ORIENTED_EDGE('',*,*,#458,.T.);
#601=ORIENTED_EDGE('',*,*,#459,.T.);
#602=ORIENTED_EDGE('',*,*,#454,.F.);
#603=ORIENTED_EDGE('',*,*,#460,.T.);
#604=ORIENTED_EDGE('',*,*,#458,.F.);
#605=ORIENTED_EDGE('',*,*,#461,.T.);
#606=ORIENTED_EDGE('',*,*,#462,.T.);
#607=ORIENTED_EDGE('',*,*,#463,.T.);
#608=ORIENTED_EDGE('',*,*,#452,.F.);
#609=ORIENTED_EDGE('',*,*,#447,.F.);
#610=ORIENTED_EDGE('',*,*,#464,.T.);
#611=ORIENTED_EDGE('',*,*,#432,.F.);
#612=ORIENTED_EDGE('',*,*,#462,.F.);
#613=ORIENTED_EDGE('',*,*,#465,.T.);
#614=ORIENTED_EDGE('',*,*,#424,.T.);
#615=ORIENTED_EDGE('',*,*,#466,.T.);
#616=ORIENTED_EDGE('',*,*,#467,.F.);
#617=ORIENTED_EDGE('',*,*,#468,.T.);
#618=ORIENTED_EDGE('',*,*,#469,.F.);
#619=ORIENTED_EDGE('',*,*,#470,.T.);
#620=ORIENTED_EDGE('',*,*,#471,.T.);
#621=ORIENTED_EDGE('',*,*,#472,.T.);
#622=ORIENTED_EDGE('',*,*,#473,.T.);
#623=ORIENTED_EDGE('',*,*,#474,.F.);
#624=ORIENTED_EDGE('',*,*,#475,.T.);
#625=ORIENTED_EDGE('',*,*,#476,.F.);
#626=ORIENTED_EDGE('',*,*,#477,.T.);
#627=ORIENTED_EDGE('',*,*,#426,.T.);
#628=ORIENTED_EDGE('',*,*,#430,.F.);
#629=ORIENTED_EDGE('',*,*,#437,.F.);
#630=ORIENTED_EDGE('',*,*,#441,.F.);
#631=ORIENTED_EDGE('',*,*,#445,.F.);
#632=ORIENTED_EDGE('',*,*,#448,.F.);
#633=ORIENTED_EDGE('',*,*,#455,.F.);
#634=ORIENTED_EDGE('',*,*,#459,.F.);
#635=ORIENTED_EDGE('',*,*,#463,.F.);
#636=ORIENTED_EDGE('',*,*,#431,.F.);
#637=ORIENTED_EDGE('',*,*,#446,.F.);
#638=ORIENTED_EDGE('',*,*,#478,.T.);
#639=ORIENTED_EDGE('',*,*,#479,.T.);
#640=ORIENTED_EDGE('',*,*,#480,.F.);
#641=ORIENTED_EDGE('',*,*,#433,.F.);
#642=ORIENTED_EDGE('',*,*,#481,.F.);
#643=ORIENTED_EDGE('',*,*,#482,.F.);
#644=ORIENTED_EDGE('',*,*,#478,.F.);
#645=ORIENTED_EDGE('',*,*,#465,.F.);
#646=ORIENTED_EDGE('',*,*,#483,.F.);
#647=ORIENTED_EDGE('',*,*,#484,.T.);
#648=ORIENTED_EDGE('',*,*,#481,.T.);
#649=ORIENTED_EDGE('',*,*,#461,.F.);
#650=ORIENTED_EDGE('',*,*,#485,.T.);
#651=ORIENTED_EDGE('',*,*,#486,.T.);
#652=ORIENTED_EDGE('',*,*,#483,.T.);
#653=ORIENTED_EDGE('',*,*,#453,.F.);
#654=ORIENTED_EDGE('',*,*,#487,.T.);
#655=ORIENTED_EDGE('',*,*,#488,.F.);
#656=ORIENTED_EDGE('',*,*,#489,.T.);
#657=ORIENTED_EDGE('',*,*,#443,.F.);
#658=ORIENTED_EDGE('',*,*,#490,.T.);
#659=ORIENTED_EDGE('',*,*,#491,.T.);
#660=ORIENTED_EDGE('',*,*,#492,.T.);
#661=ORIENTED_EDGE('',*,*,#493,.T.);
#662=ORIENTED_EDGE('',*,*,#494,.T.);
#663=ORIENTED_EDGE('',*,*,#491,.F.);
#664=ORIENTED_EDGE('',*,*,#495,.T.);
#665=ORIENTED_EDGE('',*,*,#496,.T.);
#666=ORIENTED_EDGE('',*,*,#497,.T.);
#667=ORIENTED_EDGE('',*,*,#493,.F.);
#668=ORIENTED_EDGE('',*,*,#498,.T.);
#669=ORIENTED_EDGE('',*,*,#488,.T.);
#670=ORIENTED_EDGE('',*,*,#499,.T.);
#671=ORIENTED_EDGE('',*,*,#496,.F.);
#672=ORIENTED_EDGE('',*,*,#500,.T.);
#673=ORIENTED_EDGE('',*,*,#442,.F.);
#674=ORIENTED_EDGE('',*,*,#501,.F.);
#675=ORIENTED_EDGE('',*,*,#502,.F.);
#676=ORIENTED_EDGE('',*,*,#503,.F.);
#677=ORIENTED_EDGE('',*,*,#504,.F.);
#678=ORIENTED_EDGE('',*,*,#485,.F.);
#679=ORIENTED_EDGE('',*,*,#457,.F.);
#680=ORIENTED_EDGE('',*,*,#505,.T.);
#681=ORIENTED_EDGE('',*,*,#506,.T.);
#682=ORIENTED_EDGE('',*,*,#460,.F.);
#683=ORIENTED_EDGE('',*,*,#489,.F.);
#684=ORIENTED_EDGE('',*,*,#500,.F.);
#685=ORIENTED_EDGE('',*,*,#498,.F.);
#686=ORIENTED_EDGE('',*,*,#495,.F.);
#687=ORIENTED_EDGE('',*,*,#490,.F.);
#688=ORIENTED_EDGE('',*,*,#439,.F.);
#689=ORIENTED_EDGE('',*,*,#507,.T.);
#690=ORIENTED_EDGE('',*,*,#508,.T.);
#691=ORIENTED_EDGE('',*,*,#509,.T.);
#692=ORIENTED_EDGE('',*,*,#510,.T.);
#693=ORIENTED_EDGE('',*,*,#511,.T.);
#694=ORIENTED_EDGE('',*,*,#486,.F.);
#695=ORIENTED_EDGE('',*,*,#504,.T.);
#696=ORIENTED_EDGE('',*,*,#512,.T.);
#697=ORIENTED_EDGE('',*,*,#513,.T.);
#698=ORIENTED_EDGE('',*,*,#510,.F.);
#699=ORIENTED_EDGE('',*,*,#503,.T.);
#700=ORIENTED_EDGE('',*,*,#514,.T.);
#701=ORIENTED_EDGE('',*,*,#515,.T.);
#702=ORIENTED_EDGE('',*,*,#512,.F.);
#703=ORIENTED_EDGE('',*,*,#502,.T.);
#704=ORIENTED_EDGE('',*,*,#435,.F.);
#705=ORIENTED_EDGE('',*,*,#480,.T.);
#706=ORIENTED_EDGE('',*,*,#514,.F.);
#707=ORIENTED_EDGE('',*,*,#501,.T.);
#708=ORIENTED_EDGE('',*,*,#451,.F.);
#709=ORIENTED_EDGE('',*,*,#492,.F.);
#710=ORIENTED_EDGE('',*,*,#516,.T.);
#711=ORIENTED_EDGE('',*,*,#517,.T.);
#712=ORIENTED_EDGE('',*,*,#497,.F.);
#713=ORIENTED_EDGE('',*,*,#518,.T.);
#714=ORIENTED_EDGE('',*,*,#519,.T.);
#715=ORIENTED_EDGE('',*,*,#520,.T.);
#716=ORIENTED_EDGE('',*,*,#494,.F.);
#717=ORIENTED_EDGE('',*,*,#520,.F.);
#718=ORIENTED_EDGE('',*,*,#516,.F.);
#719=ORIENTED_EDGE('',*,*,#464,.F.);
#720=ORIENTED_EDGE('',*,*,#521,.T.);
#721=ORIENTED_EDGE('',*,*,#522,.T.);
#722=ORIENTED_EDGE('',*,*,#487,.F.);
#723=ORIENTED_EDGE('',*,*,#499,.F.);
#724=ORIENTED_EDGE('',*,*,#522,.F.);
#725=ORIENTED_EDGE('',*,*,#518,.F.);
#726=ORIENTED_EDGE('',*,*,#450,.F.);
#727=ORIENTED_EDGE('',*,*,#517,.F.);
#728=ORIENTED_EDGE('',*,*,#519,.F.);
#729=ORIENTED_EDGE('',*,*,#521,.F.);
#730=ORIENTED_EDGE('',*,*,#513,.F.);
#731=ORIENTED_EDGE('',*,*,#523,.T.);
#732=ORIENTED_EDGE('',*,*,#482,.T.);
#733=ORIENTED_EDGE('',*,*,#524,.T.);
#734=ORIENTED_EDGE('',*,*,#511,.F.);
#735=ORIENTED_EDGE('',*,*,#524,.F.);
#736=ORIENTED_EDGE('',*,*,#484,.F.);
#737=ORIENTED_EDGE('',*,*,#515,.F.);
#738=ORIENTED_EDGE('',*,*,#479,.F.);
#739=ORIENTED_EDGE('',*,*,#523,.F.);
#740=ORIENTED_EDGE('',*,*,#471,.F.);
#741=ORIENTED_EDGE('',*,*,#525,.T.);
#742=ORIENTED_EDGE('',*,*,#526,.T.);
#743=ORIENTED_EDGE('',*,*,#527,.T.);
#744=ORIENTED_EDGE('',*,*,#525,.F.);
#745=ORIENTED_EDGE('',*,*,#470,.F.);
#746=ORIENTED_EDGE('',*,*,#528,.F.);
#747=ORIENTED_EDGE('',*,*,#529,.F.);
#748=ORIENTED_EDGE('',*,*,#474,.T.);
#749=ORIENTED_EDGE('',*,*,#530,.T.);
#750=ORIENTED_EDGE('',*,*,#531,.T.);
#751=ORIENTED_EDGE('',*,*,#532,.T.);
#752=ORIENTED_EDGE('',*,*,#527,.F.);
#753=ORIENTED_EDGE('',*,*,#533,.F.);
#754=ORIENTED_EDGE('',*,*,#534,.F.);
#755=ORIENTED_EDGE('',*,*,#530,.F.);
#756=ORIENTED_EDGE('',*,*,#473,.F.);
#757=ORIENTED_EDGE('',*,*,#472,.F.);
#758=ORIENTED_EDGE('',*,*,#532,.F.);
#759=ORIENTED_EDGE('',*,*,#535,.F.);
#760=ORIENTED_EDGE('',*,*,#536,.F.);
#761=ORIENTED_EDGE('',*,*,#475,.F.);
#762=ORIENTED_EDGE('',*,*,#535,.T.);
#763=ORIENTED_EDGE('',*,*,#531,.F.);
#764=ORIENTED_EDGE('',*,*,#534,.T.);
#765=ORIENTED_EDGE('',*,*,#533,.T.);
#766=ORIENTED_EDGE('',*,*,#526,.F.);
#767=ORIENTED_EDGE('',*,*,#529,.T.);
#768=ORIENTED_EDGE('',*,*,#537,.T.);
#769=ORIENTED_EDGE('',*,*,#538,.T.);
#770=ORIENTED_EDGE('',*,*,#539,.F.);
#771=ORIENTED_EDGE('',*,*,#540,.T.);
#772=ORIENTED_EDGE('',*,*,#541,.T.);
#773=ORIENTED_EDGE('',*,*,#542,.F.);
#774=ORIENTED_EDGE('',*,*,#541,.F.);
#775=ORIENTED_EDGE('',*,*,#543,.T.);
#776=ORIENTED_EDGE('',*,*,#544,.F.);
#777=ORIENTED_EDGE('',*,*,#545,.T.);
#778=ORIENTED_EDGE('',*,*,#546,.T.);
#779=ORIENTED_EDGE('',*,*,#528,.T.);
#780=ORIENTED_EDGE('',*,*,#469,.T.);
#781=ORIENTED_EDGE('',*,*,#547,.T.);
#782=ORIENTED_EDGE('',*,*,#537,.F.);
#783=ORIENTED_EDGE('',*,*,#427,.F.);
#784=ORIENTED_EDGE('',*,*,#548,.T.);
#785=ORIENTED_EDGE('',*,*,#544,.T.);
#786=ORIENTED_EDGE('',*,*,#549,.T.);
#787=ORIENTED_EDGE('',*,*,#548,.F.);
#788=ORIENTED_EDGE('',*,*,#477,.F.);
#789=ORIENTED_EDGE('',*,*,#550,.F.);
#790=ORIENTED_EDGE('',*,*,#545,.F.);
#791=ORIENTED_EDGE('',*,*,#467,.T.);
#792=ORIENTED_EDGE('',*,*,#551,.T.);
#793=ORIENTED_EDGE('',*,*,#539,.T.);
#794=ORIENTED_EDGE('',*,*,#552,.T.);
#795=ORIENTED_EDGE('',*,*,#549,.F.);
#796=ORIENTED_EDGE('',*,*,#543,.F.);
#797=ORIENTED_EDGE('',*,*,#540,.F.);
#798=ORIENTED_EDGE('',*,*,#551,.F.);
#799=ORIENTED_EDGE('',*,*,#466,.F.);
#800=ORIENTED_EDGE('',*,*,#428,.F.);
#801=ORIENTED_EDGE('',*,*,#552,.F.);
#802=ORIENTED_EDGE('',*,*,#538,.F.);
#803=ORIENTED_EDGE('',*,*,#547,.F.);
#804=ORIENTED_EDGE('',*,*,#468,.F.);
#805=ORIENTED_EDGE('',*,*,#553,.F.);
#806=ORIENTED_EDGE('',*,*,#554,.T.);
#807=ORIENTED_EDGE('',*,*,#507,.F.);
#808=ORIENTED_EDGE('',*,*,#438,.T.);
#809=ORIENTED_EDGE('',*,*,#508,.F.);
#810=ORIENTED_EDGE('',*,*,#554,.F.);
#811=ORIENTED_EDGE('',*,*,#555,.F.);
#812=ORIENTED_EDGE('',*,*,#556,.T.);
#813=ORIENTED_EDGE('',*,*,#505,.F.);
#814=ORIENTED_EDGE('',*,*,#456,.T.);
#815=ORIENTED_EDGE('',*,*,#506,.F.);
#816=ORIENTED_EDGE('',*,*,#556,.F.);
#817=ORIENTED_EDGE('',*,*,#509,.F.);
#818=ORIENTED_EDGE('',*,*,#557,.T.);
#819=ORIENTED_EDGE('',*,*,#558,.F.);
#820=ORIENTED_EDGE('',*,*,#557,.F.);
#821=ORIENTED_EDGE('',*,*,#542,.T.);
#822=ORIENTED_EDGE('',*,*,#553,.T.);
#823=ORIENTED_EDGE('',*,*,#555,.T.);
#824=ORIENTED_EDGE('',*,*,#558,.T.);
#825=ORIENTED_EDGE('',*,*,#536,.T.);
#826=ORIENTED_EDGE('',*,*,#546,.F.);
#827=ORIENTED_EDGE('',*,*,#550,.T.);
#828=ORIENTED_EDGE('',*,*,#476,.T.);
#829=(
BOUNDED_SURFACE()
B_SPLINE_SURFACE(3,2,((#1291,#1292,#1293,#1294,#1295,#1296,#1297,#1298,
#1299),(#1300,#1301,#1302,#1303,#1304,#1305,#1306,#1307,#1308),(#1309,#1310,
#1311,#1312,#1313,#1314,#1315,#1316,#1317),(#1318,#1319,#1320,#1321,#1322,
#1323,#1324,#1325,#1326),(#1327,#1328,#1329,#1330,#1331,#1332,#1333,#1334,
#1335),(#1336,#1337,#1338,#1339,#1340,#1341,#1342,#1343,#1344),(#1345,#1346,
#1347,#1348,#1349,#1350,#1351,#1352,#1353)),.UNSPECIFIED.,.F.,.T.,.F.)
B_SPLINE_SURFACE_WITH_KNOTS((4,3,4),(3,2,2,2,3),(-1.5851773437371,-1.46776663787503,
-1.032136746942),(0.,1.5707963267949,3.14159265358979,4.71238898038469,
6.28318530717959),.UNSPECIFIED.)
GEOMETRIC_REPRESENTATION_ITEM()
RATIONAL_B_SPLINE_SURFACE(((1.,0.707106781186548,1.,0.707106781186548,1.,
0.707106781186548,1.,0.707106781186548,1.),(1.,0.707106781186548,1.,0.707106781186548,
1.,0.707106781186548,1.,0.707106781186548,1.),(1.,0.707106781186548,1.,
0.707106781186548,1.,0.707106781186548,1.,0.707106781186548,1.),(1.,0.707106781186548,
1.,0.707106781186548,1.,0.707106781186548,1.,0.707106781186548,1.),(1.,
0.707106781186548,1.,0.707106781186548,1.,0.707106781186548,1.,0.707106781186548,
1.),(1.,0.707106781186548,1.,0.707106781186548,1.,0.707106781186548,1.,
0.707106781186548,1.),(1.,0.707106781186548,1.,0.707106781186548,1.,0.707106781186548,
1.,0.707106781186548,1.)))
REPRESENTATION_ITEM('')
SURFACE()
);
#830=(
BOUNDED_SURFACE()
B_SPLINE_SURFACE(3,2,((#1947,#1948,#1949,#1950,#1951,#1952,#1953,#1954,
#1955),(#1956,#1957,#1958,#1959,#1960,#1961,#1962,#1963,#1964),(#1965,#1966,
#1967,#1968,#1969,#1970,#1971,#1972,#1973),(#1974,#1975,#1976,#1977,#1978,
#1979,#1980,#1981,#1982),(#1983,#1984,#1985,#1986,#1987,#1988,#1989,#1990,
#1991),(#1992,#1993,#1994,#1995,#1996,#1997,#1998,#1999,#2000),(#2001,#2002,
#2003,#2004,#2005,#2006,#2007,#2008,#2009)),.UNSPECIFIED.,.F.,.T.,.F.)
B_SPLINE_SURFACE_WITH_KNOTS((4,3,4),(3,2,2,2,3),(-1.5851773437371,-1.46776663787503,
-1.032136746942),(0.,1.5707963267949,3.14159265358979,4.71238898038469,
6.28318530717959),.UNSPECIFIED.)
GEOMETRIC_REPRESENTATION_ITEM()
RATIONAL_B_SPLINE_SURFACE(((1.,0.707106781186548,1.,0.707106781186548,1.,
0.707106781186548,1.,0.707106781186548,1.),(1.,0.707106781186548,1.,0.707106781186548,
1.,0.707106781186548,1.,0.707106781186548,1.),(1.,0.707106781186548,1.,
0.707106781186548,1.,0.707106781186548,1.,0.707106781186548,1.),(1.,0.707106781186548,
1.,0.707106781186548,1.,0.707106781186548,1.,0.707106781186548,1.),(1.,
0.707106781186548,1.,0.707106781186548,1.,0.707106781186548,1.,0.707106781186548,
1.),(1.,0.707106781186548,1.,0.707106781186548,1.,0.707106781186548,1.,
0.707106781186548,1.),(1.,0.707106781186548,1.,0.707106781186548,1.,0.707106781186548,
1.,0.707106781186548,1.)))
REPRESENTATION_ITEM('')
SURFACE()
);
#831=(
BOUNDED_SURFACE()
B_SPLINE_SURFACE(2,2,((#2296,#2297,#2298,#2299,#2300,#2301,#2302,#2303,
#2304),(#2305,#2306,#2307,#2308,#2309,#2310,#2311,#2312,#2313),(#2314,#2315,
#2316,#2317,#2318,#2319,#2320,#2321,#2322)),.UNSPECIFIED.,.F.,.T.,.F.)
B_SPLINE_SURFACE_WITH_KNOTS((3,3),(3,2,2,2,3),(-2.,-1.032136746942),(0.,
1.5707963267949,3.14159265358979,4.71238898038469,6.28318530717959),
 .UNSPECIFIED.)
GEOMETRIC_REPRESENTATION_ITEM()
RATIONAL_B_SPLINE_SURFACE(((1.,0.707106781186548,1.,0.707106781186548,1.,
0.707106781186548,1.,0.707106781186548,1.),(1.,0.707106781186548,1.,0.707106781186548,
1.,0.707106781186548,1.,0.707106781186548,1.),(1.,0.707106781186548,1.,
0.707106781186548,1.,0.707106781186548,1.,0.707106781186548,1.)))
REPRESENTATION_ITEM('')
SURFACE()
);
#832=STYLED_ITEM('',(#2475),#887);
#833=STYLED_ITEM('',(#2475),#888);
#834=STYLED_ITEM('',(#2475),#889);
#835=STYLED_ITEM('',(#2475),#890);
#836=STYLED_ITEM('',(#2475),#891);
#837=STYLED_ITEM('',(#2475),#892);
#838=STYLED_ITEM('',(#2475),#893);
#839=STYLED_ITEM('',(#2475),#894);
#840=STYLED_ITEM('',(#2475),#895);
#841=STYLED_ITEM('',(#2475),#896);
#842=STYLED_ITEM('',(#2475),#897);
#843=STYLED_ITEM('',(#2475),#898);
#844=STYLED_ITEM('',(#2475),#899);
#845=STYLED_ITEM('',(#2475),#900);
#846=STYLED_ITEM('',(#2475),#901);
#847=STYLED_ITEM('',(#2475),#902);
#848=STYLED_ITEM('',(#2475),#903);
#849=STYLED_ITEM('',(#2475),#904);
#850=STYLED_ITEM('',(#2475),#905);
#851=STYLED_ITEM('',(#2475),#906);
#852=STYLED_ITEM('',(#2475),#907);
#853=STYLED_ITEM('',(#2475),#908);
#854=STYLED_ITEM('',(#2475),#909);
#855=STYLED_ITEM('',(#2475),#910);
#856=STYLED_ITEM('',(#2475),#911);
#857=STYLED_ITEM('',(#2475),#912);
#858=STYLED_ITEM('',(#2475),#913);
#859=STYLED_ITEM('',(#2475),#914);
#860=STYLED_ITEM('',(#2475),#915);
#861=STYLED_ITEM('',(#2475),#916);
#862=STYLED_ITEM('',(#2475),#917);
#863=STYLED_ITEM('',(#2475),#918);
#864=STYLED_ITEM('',(#2475),#919);
#865=STYLED_ITEM('',(#2475),#920);
#866=STYLED_ITEM('',(#2475),#921);
#867=STYLED_ITEM('',(#2475),#922);
#868=STYLED_ITEM('',(#2475),#923);
#869=STYLED_ITEM('',(#2475),#924);
#870=STYLED_ITEM('',(#2475),#925);
#871=STYLED_ITEM('',(#2475),#926);
#872=STYLED_ITEM('',(#2475),#927);
#873=STYLED_ITEM('',(#2475),#928);
#874=STYLED_ITEM('',(#2475),#929);
#875=STYLED_ITEM('',(#2475),#930);
#876=STYLED_ITEM('',(#2475),#931);
#877=STYLED_ITEM('',(#2475),#932);
#878=STYLED_ITEM('',(#2475),#933);
#879=STYLED_ITEM('',(#2475),#934);
#880=STYLED_ITEM('',(#2475),#935);
#881=STYLED_ITEM('',(#2475),#936);
#882=STYLED_ITEM('',(#2475),#937);
#883=STYLED_ITEM('',(#2475),#938);
#884=STYLED_ITEM('',(#2475),#939);
#885=STYLED_ITEM('',(#2475),#940);
#886=STYLED_ITEM('',(#2474),#13);
#887=ADVANCED_FACE('',(#179),#829,.F.);
#888=ADVANCED_FACE('',(#180),#171,.T.);
#889=ADVANCED_FACE('',(#181),#172,.T.);
#890=ADVANCED_FACE('',(#182),#173,.T.);
#891=ADVANCED_FACE('',(#183),#174,.T.);
#892=ADVANCED_FACE('',(#184),#107,.F.);
#893=ADVANCED_FACE('',(#185),#175,.T.);
#894=ADVANCED_FACE('',(#186),#108,.F.);
#895=ADVANCED_FACE('',(#187),#176,.T.);
#896=ADVANCED_FACE('',(#188),#177,.T.);
#897=ADVANCED_FACE('',(#189),#178,.T.);
#898=ADVANCED_FACE('',(#190),#109,.F.);
#899=ADVANCED_FACE('',(#191),#110,.F.);
#900=ADVANCED_FACE('',(#192),#830,.F.);
#901=ADVANCED_FACE('',(#193),#92,.F.);
#902=ADVANCED_FACE('',(#194),#26,.T.);
#903=ADVANCED_FACE('',(#195),#93,.F.);
#904=ADVANCED_FACE('',(#196),#94,.T.);
#905=ADVANCED_FACE('',(#197),#95,.T.);
#906=ADVANCED_FACE('',(#198),#96,.T.);
#907=ADVANCED_FACE('',(#199),#18,.T.);
#908=ADVANCED_FACE('',(#200),#19,.T.);
#909=ADVANCED_FACE('',(#201),#20,.T.);
#910=ADVANCED_FACE('',(#202,#14),#27,.T.);
#911=ADVANCED_FACE('',(#203),#21,.T.);
#912=ADVANCED_FACE('',(#204),#22,.T.);
#913=ADVANCED_FACE('',(#205),#23,.T.);
#914=ADVANCED_FACE('',(#206),#97,.T.);
#915=ADVANCED_FACE('',(#207),#98,.F.);
#916=ADVANCED_FACE('',(#208),#24,.F.);
#917=ADVANCED_FACE('',(#209),#111,.F.);
#918=ADVANCED_FACE('',(#210),#99,.F.);
#919=ADVANCED_FACE('',(#211),#112,.F.);
#920=ADVANCED_FACE('',(#212),#28,.T.);
#921=ADVANCED_FACE('',(#213),#25,.F.);
#922=ADVANCED_FACE('',(#214),#113,.F.);
#923=ADVANCED_FACE('',(#215),#114,.F.);
#924=ADVANCED_FACE('',(#216),#100,.F.);
#925=ADVANCED_FACE('',(#217),#29,.F.);
#926=ADVANCED_FACE('',(#218),#101,.F.);
#927=ADVANCED_FACE('',(#219),#30,.F.);
#928=ADVANCED_FACE('',(#220),#31,.F.);
#929=ADVANCED_FACE('',(#221),#831,.T.);
#930=ADVANCED_FACE('',(#222),#32,.T.);
#931=ADVANCED_FACE('',(#223),#102,.F.);
#932=ADVANCED_FACE('',(#224),#33,.F.);
#933=ADVANCED_FACE('',(#225),#103,.F.);
#934=ADVANCED_FACE('',(#226),#34,.F.);
#935=ADVANCED_FACE('',(#227),#35,.F.);
#936=ADVANCED_FACE('',(#228),#104,.F.);
#937=ADVANCED_FACE('',(#229),#105,.F.);
#938=ADVANCED_FACE('',(#230),#106,.F.);
#939=ADVANCED_FACE('',(#231,#15,#16,#17),#36,.F.);
#940=ADVANCED_FACE('',(#232),#37,.T.);
#941=CLOSED_SHELL('',(#887,#888,#889,#890,#891,#892,#893,#894,#895,#896,
#897,#898,#899,#900,#901,#902,#903,#904,#905,#906,#907,#908,#909,#910,#911,
#912,#913,#914,#915,#916,#917,#918,#919,#920,#921,#922,#923,#924,#925,#926,
#927,#928,#929,#930,#931,#932,#933,#934,#935,#936,#937,#938,#939,#940));
#942=DERIVED_UNIT_ELEMENT(#945,1.);
#943=DERIVED_UNIT_ELEMENT(#2460,-3.);
#944=DIMENSIONAL_EXPONENTS(0.,1.,0.,0.,0.,0.,0.);
#945=(
CONVERSION_BASED_UNIT('gram',#947)
MASS_UNIT()
NAMED_UNIT(#944)
);
#946=(
MASS_UNIT()
NAMED_UNIT(*)
SI_UNIT(.KILO.,.GRAM.)
);
#947=MASS_MEASURE_WITH_UNIT(MASS_MEASURE(0.001),#946);
#948=DERIVED_UNIT((#942,#943));
#949=MEASURE_REPRESENTATION_ITEM('density measure',
POSITIVE_RATIO_MEASURE(1.),#948);
#950=PROPERTY_DEFINITION_REPRESENTATION(#955,#952);
#951=PROPERTY_DEFINITION_REPRESENTATION(#956,#953);
#952=REPRESENTATION('material name',(#954),#2457);
#953=REPRESENTATION('density',(#949),#2457);
#954=DESCRIPTIVE_REPRESENTATION_ITEM('Generisch','Generisch');
#955=PROPERTY_DEFINITION('material property','material name',#2467);
#956=PROPERTY_DEFINITION('material property','density of part',#2467);
#957=DATE_TIME_ROLE('creation_date');
#958=APPLIED_DATE_AND_TIME_ASSIGNMENT(#959,#957,(#2467));
#959=DATE_AND_TIME(#960,#961);
#960=CALENDAR_DATE(2025,15,9);
#961=LOCAL_TIME(0,0,0.,#962);
#962=COORDINATED_UNIVERSAL_TIME_OFFSET(0,0,.BEHIND.);
#963=AXIS2_PLACEMENT_3D('',#1290,#1063,#1064);
#964=AXIS2_PLACEMENT_3D('',#1463,#1065,#1066);
#965=AXIS2_PLACEMENT_3D('',#1478,#1067,#1068);
#966=AXIS2_PLACEMENT_3D('',#1539,#1069,#1070);
#967=AXIS2_PLACEMENT_3D('',#1549,#1071,#1072);
#968=AXIS2_PLACEMENT_3D('',#1597,#1073,#1074);
#969=AXIS2_PLACEMENT_3D('',#1664,#1075,#1076);
#970=AXIS2_PLACEMENT_3D('',#1672,#1077,#1078);
#971=AXIS2_PLACEMENT_3D('',#1673,#1079,#1080);
#972=AXIS2_PLACEMENT_3D('',#1736,#1081,#1082);
#973=AXIS2_PLACEMENT_3D('',#1748,#1083,#1084);
#974=AXIS2_PLACEMENT_3D('',#1759,#1085,#1086);
#975=AXIS2_PLACEMENT_3D('',#1760,#1087,#1088);
#976=AXIS2_PLACEMENT_3D('',#1811,#1089,#1090);
#977=AXIS2_PLACEMENT_3D('',#1821,#1091,#1092);
#978=AXIS2_PLACEMENT_3D('',#1869,#1093,#1094);
#979=AXIS2_PLACEMENT_3D('',#1935,#1095,#1096);
#980=AXIS2_PLACEMENT_3D('',#1943,#1097,#1098);
#981=AXIS2_PLACEMENT_3D('',#1944,#1099,#1100);
#982=AXIS2_PLACEMENT_3D('',#1945,#1101,#1102);
#983=AXIS2_PLACEMENT_3D('',#1946,#1103,#1104);
#984=AXIS2_PLACEMENT_3D('',#2131,#1105,#1106);
#985=AXIS2_PLACEMENT_3D('',#2135,#1108,#1109);
#986=AXIS2_PLACEMENT_3D('',#2137,#1111,#1112);
#987=AXIS2_PLACEMENT_3D('',#2140,#1114,#1115);
#988=AXIS2_PLACEMENT_3D('',#2141,#1116,#1117);
#989=AXIS2_PLACEMENT_3D('',#2144,#1119,#1120);
#990=AXIS2_PLACEMENT_3D('',#2145,#1121,#1122);
#991=AXIS2_PLACEMENT_3D('',#2148,#1124,#1125);
#992=AXIS2_PLACEMENT_3D('',#2149,#1126,#1127);
#993=AXIS2_PLACEMENT_3D('',#2153,#1129,#1130);
#994=AXIS2_PLACEMENT_3D('',#2155,#1132,#1133);
#995=AXIS2_PLACEMENT_3D('',#2159,#1135,#1136);
#996=AXIS2_PLACEMENT_3D('',#2161,#1138,#1139);
#997=AXIS2_PLACEMENT_3D('',#2164,#1140,#1141);
#998=AXIS2_PLACEMENT_3D('',#2165,#1142,#1143);
#999=AXIS2_PLACEMENT_3D('',#2166,#1144,#1145);
#1000=AXIS2_PLACEMENT_3D('',#2167,#1146,#1147);
#1001=AXIS2_PLACEMENT_3D('',#2170,#1148,#1149);
#1002=AXIS2_PLACEMENT_3D('',#2171,#1150,#1151);
#1003=AXIS2_PLACEMENT_3D('',#2172,#1152,#1153);
#1004=AXIS2_PLACEMENT_3D('',#2173,#1154,#1155);
#1005=AXIS2_PLACEMENT_3D('',#2174,#1156,#1157);
#1006=AXIS2_PLACEMENT_3D('',#2175,#1158,#1159);
#1007=AXIS2_PLACEMENT_3D('',#2176,#1160,#1161);
#1008=AXIS2_PLACEMENT_3D('',#2180,#1163,#1164);
#1009=AXIS2_PLACEMENT_3D('',#2182,#1165,#1166);
#1010=AXIS2_PLACEMENT_3D('',#2183,#1167,#1168);
#1011=AXIS2_PLACEMENT_3D('',#2185,#1169,#1170);
#1012=AXIS2_PLACEMENT_3D('',#2186,#1171,#1172);
#1013=AXIS2_PLACEMENT_3D('',#2188,#1173,#1174);
#1014=AXIS2_PLACEMENT_3D('',#2189,#1175,#1176);
#1015=AXIS2_PLACEMENT_3D('',#2191,#1177,#1178);
#1016=AXIS2_PLACEMENT_3D('',#2192,#1179,#1180);
#1017=AXIS2_PLACEMENT_3D('',#2194,#1181,#1182);
#1018=AXIS2_PLACEMENT_3D('',#2195,#1183,#1184);
#1019=AXIS2_PLACEMENT_3D('',#2196,#1185,#1186);
#1020=AXIS2_PLACEMENT_3D('',#2198,#1187,#1188);
#1021=AXIS2_PLACEMENT_3D('',#2199,#1189,#1190);
#1022=AXIS2_PLACEMENT_3D('',#2200,#1191,#1192);
#1023=AXIS2_PLACEMENT_3D('',#2201,#1193,#1194);
#1024=AXIS2_PLACEMENT_3D('',#2202,#1195,#1196);
#1025=AXIS2_PLACEMENT_3D('',#2203,#1197,#1198);
#1026=AXIS2_PLACEMENT_3D('',#2204,#1199,#1200);
#1027=AXIS2_PLACEMENT_3D('',#2206,#1201,#1202);
#1028=AXIS2_PLACEMENT_3D('',#2208,#1204,#1205);
#1029=AXIS2_PLACEMENT_3D('',#2210,#1206,#1207);
#1030=AXIS2_PLACEMENT_3D('',#2211,#1208,#1209);
#1031=AXIS2_PLACEMENT_3D('',#2212,#1210,#1211);
#1032=AXIS2_PLACEMENT_3D('',#2213,#1212,#1213);
#1033=AXIS2_PLACEMENT_3D('',#2214,#1214,#1215);
#1034=AXIS2_PLACEMENT_3D('',#2216,#1217,#1218);
#1035=AXIS2_PLACEMENT_3D('',#2217,#1219,#1220);
#1036=AXIS2_PLACEMENT_3D('',#2218,#1221,#1222);
#1037=AXIS2_PLACEMENT_3D('',#2219,#1223,#1224);
#1038=AXIS2_PLACEMENT_3D('',#2220,#1225,#1226);
#1039=AXIS2_PLACEMENT_3D('',#2221,#1227,#1228);
#1040=AXIS2_PLACEMENT_3D('',#2222,#1229,#1230);
#1041=AXIS2_PLACEMENT_3D('',#2223,#1231,#1232);
#1042=AXIS2_PLACEMENT_3D('',#2224,#1233,#1234);
#1043=AXIS2_PLACEMENT_3D('',#2251,#1237,#1238);
#1044=AXIS2_PLACEMENT_3D('',#2260,#1240,#1241);
#1045=AXIS2_PLACEMENT_3D('',#2275,#1244,#1245);
#1046=AXIS2_PLACEMENT_3D('',#2289,#1246,#1247);
#1047=AXIS2_PLACEMENT_3D('',#2324,#1249,#1250);
#1048=AXIS2_PLACEMENT_3D('',#2428,#1251,#1252);
#1049=AXIS2_PLACEMENT_3D('',#2429,#1253,#1254);
#1050=AXIS2_PLACEMENT_3D('',#2431,#1256,#1257);
#1051=AXIS2_PLACEMENT_3D('',#2434,#1260,#1261);
#1052=AXIS2_PLACEMENT_3D('',#2436,#1263,#1264);
#1053=AXIS2_PLACEMENT_3D('',#2439,#1267,#1268);
#1054=AXIS2_PLACEMENT_3D('',#2440,#1269,#1270);
#1055=AXIS2_PLACEMENT_3D('',#2441,#1271,#1272);
#1056=AXIS2_PLACEMENT_3D('',#2443,#1273,#1274);
#1057=AXIS2_PLACEMENT_3D('',#2445,#1276,#1277);
#1058=AXIS2_PLACEMENT_3D('',#2447,#1278,#1279);
#1059=AXIS2_PLACEMENT_3D('',#2449,#1281,#1282);
#1060=AXIS2_PLACEMENT_3D('',#2452,#1284,#1285);
#1061=AXIS2_PLACEMENT_3D('',#2453,#1286,#1287);
#1062=AXIS2_PLACEMENT_3D('',#2454,#1288,#1289);
#1063=DIRECTION('axis',(0.,0.,1.));
#1064=DIRECTION('refdir',(1.,0.,0.));
#1065=DIRECTION('center_axis',(-5.83016964784835E-17,-0.917567758554529,
-0.397579436667968));
#1066=DIRECTION('ref_axis',(-1.,9.6034291630076E-14,-2.21489493412719E-13));
#1067=DIRECTION('center_axis',(-2.25811062675495E-15,-0.917567758554472,
0.397579436668098));
#1068=DIRECTION('ref_axis',(-0.287821140445228,0.380755537307319,0.878740127638782));
#1069=DIRECTION('center_axis',(-0.907326702860848,0.185207287667558,0.377434119907685));
#1070=DIRECTION('ref_axis',(-0.287821140445228,0.380755537307321,-0.878740127638781));
#1071=DIRECTION('center_axis',(-3.94217361694775E-11,-0.987177392687609,
-0.15962705086073));
#1072=DIRECTION('ref_axis',(-1.,3.99336119727422E-11,1.11022302462515E-15));
#1073=DIRECTION('center_axis',(2.18972736800581E-11,-0.987177392686902,
0.159627050865104));
#1074=DIRECTION('ref_axis',(-1.,-2.21817009204983E-11,0.));
#1075=DIRECTION('center_axis',(-0.907326702860931,-0.185207287667588,0.377434119907472));
#1076=DIRECTION('ref_axis',(-0.199999999999994,0.979795897113273,-1.11022302462516E-15));
#1077=DIRECTION('center_axis',(0.,0.,1.));
#1078=DIRECTION('ref_axis',(-0.975247002294973,-0.221118259116405,0.));
#1079=DIRECTION('center_axis',(1.00830727942235E-16,4.90986350077208E-16,
1.));
#1080=DIRECTION('ref_axis',(-0.707106781186547,-0.707106781186548,-5.55111512312578E-16));
#1081=DIRECTION('center_axis',(-2.54676213050298E-16,0.91756775855476,0.397579436667433));
#1082=DIRECTION('ref_axis',(-1.,-2.77555756156289E-16,0.));
#1083=DIRECTION('center_axis',(-1.78273349135208E-15,0.91756775855476,-0.397579436667433));
#1084=DIRECTION('ref_axis',(-0.287821140445228,-0.380755537306682,-0.878740127639058));
#1085=DIRECTION('center_axis',(0.,0.,1.));
#1086=DIRECTION('ref_axis',(-0.975247002294887,0.221118259116784,0.));
#1087=DIRECTION('center_axis',(1.00830727942235E-16,6.21107513719644E-16,
1.));
#1088=DIRECTION('ref_axis',(-0.707106781186547,0.707106781186548,-5.55111512312578E-16));
#1089=DIRECTION('center_axis',(-0.907326702860934,-0.185207287667577,-0.377434119907468));
#1090=DIRECTION('ref_axis',(-0.287821140445228,-0.380755537306683,0.878740127639058));
#1091=DIRECTION('center_axis',(-3.94190929769452E-11,0.987177392687711,
0.1596270508601));
#1092=DIRECTION('ref_axis',(-1.,-3.99311139709368E-11,0.));
#1093=DIRECTION('center_axis',(2.18977248984508E-11,0.9871773926868,-0.159627050865735));
#1094=DIRECTION('ref_axis',(-1.,2.21819784762545E-11,-1.11022302462516E-15));
#1095=DIRECTION('center_axis',(-0.907326702860844,0.185207287667572,-0.377434119907688));
#1096=DIRECTION('ref_axis',(-0.199999999999996,-0.979795897113272,0.));
#1097=DIRECTION('center_axis',(0.,0.,1.));
#1098=DIRECTION('ref_axis',(-0.975247002294887,0.221118259116781,0.));
#1099=DIRECTION('center_axis',(-1.00830727942235E-16,6.21107513719644E-16,
-1.));
#1100=DIRECTION('ref_axis',(-0.707106781186548,0.707106781186547,0.));
#1101=DIRECTION('center_axis',(0.,0.,1.));
#1102=DIRECTION('ref_axis',(-0.975247002294976,-0.221118259116391,0.));
#1103=DIRECTION('center_axis',(-1.00830727942235E-16,4.90986350077208E-16,
-1.));
#1104=DIRECTION('ref_axis',(-0.707106781186548,-0.707106781186547,0.));
#1105=DIRECTION('center_axis',(-1.00830727942235E-16,-4.90986350077208E-16,
-1.));
#1106=DIRECTION('ref_axis',(-0.707106781186547,-0.707106781186548,7.85046229341888E-16));
#1107=DIRECTION('',(1.00830727942235E-16,4.90986350077208E-16,1.));
#1108=DIRECTION('center_axis',(0.,5.55111512312578E-16,1.));
#1109=DIRECTION('ref_axis',(-1.,0.,0.));
#1110=DIRECTION('',(1.00830727942235E-16,4.90986350077208E-16,1.));
#1111=DIRECTION('center_axis',(1.,0.,-1.00830727942235E-16));
#1112=DIRECTION('ref_axis',(-1.00830727942235E-16,0.,-1.));
#1113=DIRECTION('',(1.00830727942235E-16,-4.90986350077208E-16,1.));
#1114=DIRECTION('center_axis',(1.,0.,-1.00830727942235E-16));
#1115=DIRECTION('ref_axis',(4.43433364303009E-33,1.,4.39779989049614E-17));
#1116=DIRECTION('center_axis',(-1.00830727942235E-16,4.90986350077208E-16,
-1.));
#1117=DIRECTION('ref_axis',(-0.707106781186548,-0.707106781186547,0.));
#1118=DIRECTION('',(1.00830727942235E-16,-4.90986350077208E-16,1.));
#1119=DIRECTION('center_axis',(0.,0.,-1.));
#1120=DIRECTION('ref_axis',(-1.11022302462516E-15,-1.,0.));
#1121=DIRECTION('center_axis',(1.00830727942235E-16,-4.90986350077208E-16,
1.));
#1122=DIRECTION('ref_axis',(0.774596669241484,0.632455532033675,0.));
#1123=DIRECTION('',(-1.00830727942235E-16,4.90986350077208E-16,-1.));
#1124=DIRECTION('center_axis',(0.,-4.5324665183684E-15,1.));
#1125=DIRECTION('ref_axis',(1.,0.,0.));
#1126=DIRECTION('center_axis',(-1.00830727942235E-16,6.21107513719644E-16,
-1.));
#1127=DIRECTION('ref_axis',(0.774596669241486,-0.632455532033673,0.));
#1128=DIRECTION('',(-1.00830727942235E-16,6.21107513719644E-16,-1.));
#1129=DIRECTION('center_axis',(0.,2.26623325918419E-15,-1.));
#1130=DIRECTION('ref_axis',(1.,0.,0.));
#1131=DIRECTION('',(1.00830727942235E-16,-6.21107513719644E-16,1.));
#1132=DIRECTION('center_axis',(1.00830727942235E-16,6.21107513719644E-16,
1.));
#1133=DIRECTION('ref_axis',(0.774596669241483,-0.632455532033676,3.58322940412438E-16));
#1134=DIRECTION('',(1.00830727942235E-16,6.21107513719644E-16,1.));
#1135=DIRECTION('center_axis',(0.,0.,-1.));
#1136=DIRECTION('ref_axis',(1.,0.,0.));
#1137=DIRECTION('',(-1.00830727942235E-16,-6.21107513719644E-16,-1.));
#1138=DIRECTION('center_axis',(1.,0.,-1.00830727942235E-16));
#1139=DIRECTION('ref_axis',(0.,0.,-1.));
#1140=DIRECTION('center_axis',(0.,0.847215106983151,-0.531249999999556));
#1141=DIRECTION('ref_axis',(1.,0.,0.));
#1142=DIRECTION('center_axis',(-1.,0.,1.00830727942235E-16));
#1143=DIRECTION('ref_axis',(3.46944695195361E-17,0.874999999999873,0.484122918276157));
#1144=DIRECTION('center_axis',(1.,0.,-1.00830727942235E-16));
#1145=DIRECTION('ref_axis',(4.88144662633043E-17,0.874999999999873,0.484122918276157));
#1146=DIRECTION('center_axis',(1.,0.,-1.00830727942235E-16));
#1147=DIRECTION('ref_axis',(0.,0.,-1.));
#1148=DIRECTION('center_axis',(0.,-0.847215106983152,-0.531249999999555));
#1149=DIRECTION('ref_axis',(1.,0.,0.));
#1150=DIRECTION('center_axis',(1.,0.,-1.00830727942235E-16));
#1151=DIRECTION('ref_axis',(0.,-1.,2.19916834579227E-17));
#1152=DIRECTION('center_axis',(-1.,0.,1.00830727942235E-16));
#1153=DIRECTION('ref_axis',(2.21743745173756E-33,-1.,2.19916834579227E-17));
#1154=DIRECTION('center_axis',(1.,0.,-1.00830727942235E-16));
#1155=DIRECTION('ref_axis',(0.,0.,-1.));
#1156=DIRECTION('center_axis',(-1.,0.,1.00830727942235E-16));
#1157=DIRECTION('ref_axis',(-3.46944695195361E-17,0.874999999999873,-0.484122918276156));
#1158=DIRECTION('center_axis',(1.,0.,-1.00830727942235E-16));
#1159=DIRECTION('ref_axis',(-4.88144662633042E-17,0.874999999999873,-0.484122918276156));
#1160=DIRECTION('center_axis',(1.,0.,-1.00830727942235E-16));
#1161=DIRECTION('ref_axis',(-1.00830727942235E-16,0.,-1.));
#1162=DIRECTION('',(-1.00830727942235E-16,-4.90986350077208E-16,-1.));
#1163=DIRECTION('center_axis',(1.,0.,-1.00830727942235E-16));
#1164=DIRECTION('ref_axis',(4.88144662632579E-17,-0.875000000000127,0.484122918275697));
#1165=DIRECTION('center_axis',(-1.,0.,1.00830727942235E-16));
#1166=DIRECTION('ref_axis',(7.82327887548379E-33,1.,7.75882415523732E-17));
#1167=DIRECTION('center_axis',(1.,0.,-1.00830727942235E-16));
#1168=DIRECTION('ref_axis',(-4.8814466263258E-17,-0.875000000000127,-0.484122918275698));
#1169=DIRECTION('center_axis',(-1.,0.,1.00830727942235E-16));
#1170=DIRECTION('ref_axis',(8.97149918889015E-17,3.5897057576658E-13,1.));
#1171=DIRECTION('center_axis',(-1.,0.,1.00830727942235E-16));
#1172=DIRECTION('ref_axis',(8.97149918889015E-17,3.5897057576658E-13,1.));
#1173=DIRECTION('center_axis',(-1.,0.,1.00830727942235E-16));
#1174=DIRECTION('ref_axis',(8.97149918889015E-17,3.5897057576658E-13,-1.));
#1175=DIRECTION('center_axis',(-1.,0.,1.00830727942235E-16));
#1176=DIRECTION('ref_axis',(8.97149918889015E-17,3.5897057576658E-13,-1.));
#1177=DIRECTION('center_axis',(-1.,0.,1.00830727942235E-16));
#1178=DIRECTION('ref_axis',(0.,1.,0.));
#1179=DIRECTION('center_axis',(1.,0.,-1.00830727942235E-16));
#1180=DIRECTION('ref_axis',(0.,0.,-1.));
#1181=DIRECTION('center_axis',(0.,-0.847215106982593,0.531250000000445));
#1182=DIRECTION('ref_axis',(1.,0.,0.));
#1183=DIRECTION('center_axis',(-1.,0.,1.00830727942235E-16));
#1184=DIRECTION('ref_axis',(-3.46944695195361E-17,-0.875000000000127,-0.484122918275698));
#1185=DIRECTION('center_axis',(1.,0.,-1.00830727942235E-16));
#1186=DIRECTION('ref_axis',(0.,0.,-1.));
#1187=DIRECTION('center_axis',(5.89805981832609E-16,0.847215106982593,0.531250000000446));
#1188=DIRECTION('ref_axis',(1.,0.,-1.11022302462516E-15));
#1189=DIRECTION('center_axis',(1.,0.,-1.00830727942235E-16));
#1190=DIRECTION('ref_axis',(0.,1.,7.75882415523732E-17));
#1191=DIRECTION('center_axis',(1.,0.,-1.00830727942235E-16));
#1192=DIRECTION('ref_axis',(0.,0.,-1.));
#1193=DIRECTION('center_axis',(0.,2.2662332591842E-15,1.));
#1194=DIRECTION('ref_axis',(1.,0.,0.));
#1195=DIRECTION('center_axis',(-1.,0.,1.00830727942235E-16));
#1196=DIRECTION('ref_axis',(3.46944695195361E-17,-0.875000000000127,0.484122918275697));
#1197=DIRECTION('center_axis',(-1.00830727942235E-16,-4.90986350077208E-16,
-1.));
#1198=DIRECTION('ref_axis',(0.774596669241484,0.632455532033676,0.));
#1199=DIRECTION('center_axis',(1.00830727942235E-16,6.21107513719644E-16,
1.));
#1200=DIRECTION('ref_axis',(-0.707106781186547,0.707106781186548,-3.92523114670944E-16));
#1201=DIRECTION('center_axis',(0.,5.55111512312578E-16,1.));
#1202=DIRECTION('ref_axis',(1.11022302462516E-15,1.,-5.55111512312578E-16));
#1203=DIRECTION('',(-1.00830727942235E-16,-6.21107513719644E-16,-1.));
#1204=DIRECTION('center_axis',(-1.,0.,1.00830727942235E-16));
#1205=DIRECTION('ref_axis',(0.,0.,1.));
#1206=DIRECTION('center_axis',(2.9490299091581E-16,0.847215106983151,0.531249999999555));
#1207=DIRECTION('ref_axis',(0.,0.531249999999555,-0.847215106983151));
#1208=DIRECTION('center_axis',(1.,0.,-1.00830727942235E-16));
#1209=DIRECTION('ref_axis',(-1.17150778071613E-33,-1.,-1.16185591894891E-17));
#1210=DIRECTION('center_axis',(-2.9490299091581E-16,0.847215106983151,-0.531249999999556));
#1211=DIRECTION('ref_axis',(-1.,0.,5.55111512312578E-16));
#1212=DIRECTION('center_axis',(0.,0.,1.));
#1213=DIRECTION('ref_axis',(1.,0.,0.));
#1214=DIRECTION('center_axis',(1.00830727942235E-16,-6.21107513719644E-16,
1.));
#1215=DIRECTION('ref_axis',(-0.707106781186548,0.707106781186547,0.));
#1216=DIRECTION('',(-1.00830727942235E-16,6.21107513719644E-16,-1.));
#1217=DIRECTION('center_axis',(0.,0.,-1.));
#1218=DIRECTION('ref_axis',(-1.,0.,0.));
#1219=DIRECTION('center_axis',(0.,0.,1.));
#1220=DIRECTION('ref_axis',(1.,0.,0.));
#1221=DIRECTION('center_axis',(1.,0.,-1.00830727942235E-16));
#1222=DIRECTION('ref_axis',(-1.00830727942235E-16,0.,-1.));
#1223=DIRECTION('center_axis',(-1.,0.,1.00830727942235E-16));
#1224=DIRECTION('ref_axis',(0.,0.,1.));
#1225=DIRECTION('center_axis',(0.,-0.847215106982594,-0.531250000000445));
#1226=DIRECTION('ref_axis',(-1.11022302462516E-15,-0.531250000000445,0.847215106982593));
#1227=DIRECTION('center_axis',(0.,-0.847215106982594,0.531250000000444));
#1228=DIRECTION('ref_axis',(-1.,0.,0.));
#1229=DIRECTION('center_axis',(0.,0.,1.));
#1230=DIRECTION('ref_axis',(1.,0.,0.));
#1231=DIRECTION('center_axis',(0.,0.,1.));
#1232=DIRECTION('ref_axis',(1.,0.,0.));
#1233=DIRECTION('center_axis',(0.,-1.,1.22464679914735E-16));
#1234=DIRECTION('ref_axis',(-0.866025403784439,0.,0.5));
#1235=DIRECTION('',(0.,-1.,1.22464679914735E-16));
#1236=DIRECTION('',(0.,1.,-1.22464679914735E-16));
#1237=DIRECTION('center_axis',(-9.35826563396501E-17,1.22464679914735E-16,
1.));
#1238=DIRECTION('ref_axis',(-1.,-1.14605700542059E-32,-9.35826563396501E-17));
#1239=DIRECTION('',(-1.22464679914735E-16,1.,-1.22464679914735E-16));
#1240=DIRECTION('center_axis',(0.,-1.,1.22464679914735E-16));
#1241=DIRECTION('ref_axis',(-0.5,0.,-0.866025403784439));
#1242=DIRECTION('',(0.,-1.,1.22464679914735E-16));
#1243=DIRECTION('',(0.,1.,-1.22464679914735E-16));
#1244=DIRECTION('center_axis',(-0.866025403784438,-6.12323399573677E-17,
-0.500000000000001));
#1245=DIRECTION('ref_axis',(0.500000000000001,-1.06057523872491E-16,-0.866025403784438));
#1246=DIRECTION('center_axis',(-1.47372879082875E-16,-1.22464679914735E-16,
-1.));
#1247=DIRECTION('ref_axis',(1.,-1.80479724649972E-32,-1.47372879082875E-16));
#1248=DIRECTION('',(1.22464679914735E-16,-1.,1.22464679914735E-16));
#1249=DIRECTION('center_axis',(-1.,-1.22464679914735E-16,0.));
#1250=DIRECTION('ref_axis',(0.,0.,1.));
#1251=DIRECTION('center_axis',(-1.,-1.22464679914735E-16,0.));
#1252=DIRECTION('ref_axis',(0.,0.,1.));
#1253=DIRECTION('center_axis',(1.,1.22464679914735E-16,0.));
#1254=DIRECTION('ref_axis',(0.,0.,-1.));
#1255=DIRECTION('',(-1.22464679914735E-16,1.,-1.80479724649972E-32));
#1256=DIRECTION('center_axis',(0.,1.,0.));
#1257=DIRECTION('ref_axis',(-0.866025403784439,0.,-0.5));
#1258=DIRECTION('',(0.,1.,0.));
#1259=DIRECTION('',(0.,-1.,0.));
#1260=DIRECTION('center_axis',(-9.35826563396501E-17,0.,-1.));
#1261=DIRECTION('ref_axis',(-1.,0.,9.35826563396501E-17));
#1262=DIRECTION('',(1.22464679914735E-16,-1.,-1.14605700542059E-32));
#1263=DIRECTION('center_axis',(0.,1.,0.));
#1264=DIRECTION('ref_axis',(-0.5,0.,0.866025403784439));
#1265=DIRECTION('',(0.,1.,0.));
#1266=DIRECTION('',(0.,-1.,0.));
#1267=DIRECTION('center_axis',(-0.866025403784438,0.,0.500000000000001));
#1268=DIRECTION('ref_axis',(0.500000000000001,0.,0.866025403784438));
#1269=DIRECTION('center_axis',(-1.47372879082875E-16,0.,1.));
#1270=DIRECTION('ref_axis',(1.,0.,1.47372879082875E-16));
#1271=DIRECTION('center_axis',(-1.,0.,-8.97149918889015E-17));
#1272=DIRECTION('ref_axis',(8.97149918889015E-17,3.5897057576658E-13,-1.));
#1273=DIRECTION('center_axis',(1.,0.,-1.00830727942235E-16));
#1274=DIRECTION('ref_axis',(8.97149918889015E-17,3.5897057576658E-13,-1.));
#1275=DIRECTION('',(1.,0.,8.97149918889015E-17));
#1276=DIRECTION('center_axis',(1.,0.,-8.97149918889015E-17));
#1277=DIRECTION('ref_axis',(8.97149918889015E-17,3.5897057576658E-13,1.));
#1278=DIRECTION('center_axis',(1.,0.,-1.00830727942235E-16));
#1279=DIRECTION('ref_axis',(8.97149918889015E-17,3.5897057576658E-13,1.));
#1280=DIRECTION('',(1.,0.,-8.97149918889015E-17));
#1281=DIRECTION('center_axis',(-1.,0.,0.));
#1282=DIRECTION('ref_axis',(0.,1.,0.));
#1283=DIRECTION('',(-1.,0.,0.));
#1284=DIRECTION('center_axis',(1.,0.,-1.00830727942235E-16));
#1285=DIRECTION('ref_axis',(0.,1.,0.));
#1286=DIRECTION('center_axis',(1.,0.,-1.00830727942235E-16));
#1287=DIRECTION('ref_axis',(-1.00830727942235E-16,0.,-1.));
#1288=DIRECTION('center_axis',(1.,1.22464679914735E-16,0.));
#1289=DIRECTION('ref_axis',(0.,0.,-1.));
#1290=CARTESIAN_POINT('',(0.,0.,0.));
#1291=CARTESIAN_POINT('Ctrl Pts',(-22.0373086283138,10.3805623939009,0.));
#1292=CARTESIAN_POINT('Ctrl Pts',(-22.0373086283138,10.3805623939009,-10.3805623939009));
#1293=CARTESIAN_POINT('Ctrl Pts',(-22.0373086283138,-2.69879194734869E-15,
-10.3805623939009));
#1294=CARTESIAN_POINT('Ctrl Pts',(-22.0373086283138,-10.3805623939009,-10.3805623939009));
#1295=CARTESIAN_POINT('Ctrl Pts',(-22.0373086283138,-10.3805623939009,0.));
#1296=CARTESIAN_POINT('Ctrl Pts',(-22.0373086283138,-10.3805623939009,10.3805623939009));
#1297=CARTESIAN_POINT('Ctrl Pts',(-22.0373086283138,-2.69879194734869E-15,
10.3805623939009));
#1298=CARTESIAN_POINT('Ctrl Pts',(-22.0373086283138,10.3805623939009,10.3805623939009));
#1299=CARTESIAN_POINT('Ctrl Pts',(-22.0373086283138,10.3805623939009,0.));
#1300=CARTESIAN_POINT('Ctrl Pts',(-20.4153582564514,10.9290929811114,0.));
#1301=CARTESIAN_POINT('Ctrl Pts',(-20.4153582564514,10.9290929811114,-10.9290929811114));
#1302=CARTESIAN_POINT('Ctrl Pts',(-20.4153582564514,-2.50016031422097E-15,
-10.9290929811114));
#1303=CARTESIAN_POINT('Ctrl Pts',(-20.4153582564514,-10.9290929811114,-10.9290929811114));
#1304=CARTESIAN_POINT('Ctrl Pts',(-20.4153582564514,-10.9290929811114,0.));
#1305=CARTESIAN_POINT('Ctrl Pts',(-20.4153582564514,-10.9290929811114,10.9290929811114));
#1306=CARTESIAN_POINT('Ctrl Pts',(-20.4153582564514,-2.50016031422097E-15,
10.9290929811114));
#1307=CARTESIAN_POINT('Ctrl Pts',(-20.4153582564514,10.9290929811114,10.9290929811114));
#1308=CARTESIAN_POINT('Ctrl Pts',(-20.4153582564514,10.9290929811114,0.));
#1309=CARTESIAN_POINT('Ctrl Pts',(-18.8035657674894,11.4534124532374,0.));
#1310=CARTESIAN_POINT('Ctrl Pts',(-18.8035657674894,11.4534124532374,-11.4534124532374));
#1311=CARTESIAN_POINT('Ctrl Pts',(-18.8035657674894,-2.30277266297127E-15,
-11.4534124532374));
#1312=CARTESIAN_POINT('Ctrl Pts',(-18.8035657674894,-11.4534124532374,-11.4534124532374));
#1313=CARTESIAN_POINT('Ctrl Pts',(-18.8035657674894,-11.4534124532374,0.));
#1314=CARTESIAN_POINT('Ctrl Pts',(-18.8035657674894,-11.4534124532374,11.4534124532374));
#1315=CARTESIAN_POINT('Ctrl Pts',(-18.8035657674894,-2.30277266297127E-15,
11.4534124532374));
#1316=CARTESIAN_POINT('Ctrl Pts',(-18.8035657674894,11.4534124532374,11.4534124532374));
#1317=CARTESIAN_POINT('Ctrl Pts',(-18.8035657674894,11.4534124532374,0.));
#1318=CARTESIAN_POINT('Ctrl Pts',(-17.2019373066436,11.9535303573093,0.));
#1319=CARTESIAN_POINT('Ctrl Pts',(-17.2019373066436,11.9535303573093,-11.9535303573093));
#1320=CARTESIAN_POINT('Ctrl Pts',(-17.2019373066436,-2.10662974617145E-15,
-11.9535303573093));
#1321=CARTESIAN_POINT('Ctrl Pts',(-17.2019373066436,-11.9535303573093,-11.9535303573093));
#1322=CARTESIAN_POINT('Ctrl Pts',(-17.2019373066436,-11.9535303573093,0.));
#1323=CARTESIAN_POINT('Ctrl Pts',(-17.2019373066436,-11.9535303573093,11.9535303573093));
#1324=CARTESIAN_POINT('Ctrl Pts',(-17.2019373066436,-2.10662974617145E-15,
11.9535303573093));
#1325=CARTESIAN_POINT('Ctrl Pts',(-17.2019373066436,11.9535303573093,11.9535303573093));
#1326=CARTESIAN_POINT('Ctrl Pts',(-17.2019373066436,11.9535303573093,0.));
#1327=CARTESIAN_POINT('Ctrl Pts',(-11.2594022831919,13.8091218589943,0.));
#1328=CARTESIAN_POINT('Ctrl Pts',(-11.2594022831919,13.8091218589943,-13.8091218589943));
#1329=CARTESIAN_POINT('Ctrl Pts',(-11.2594022831919,-1.37887909664233E-15,
-13.8091218589943));
#1330=CARTESIAN_POINT('Ctrl Pts',(-11.2594022831919,-13.8091218589943,-13.8091218589943));
#1331=CARTESIAN_POINT('Ctrl Pts',(-11.2594022831919,-13.8091218589943,0.));
#1332=CARTESIAN_POINT('Ctrl Pts',(-11.2594022831919,-13.8091218589943,13.8091218589943));
#1333=CARTESIAN_POINT('Ctrl Pts',(-11.2594022831919,-1.37887909664233E-15,
13.8091218589943));
#1334=CARTESIAN_POINT('Ctrl Pts',(-11.2594022831919,13.8091218589943,13.8091218589943));
#1335=CARTESIAN_POINT('Ctrl Pts',(-11.2594022831919,13.8091218589943,0.));
#1336=CARTESIAN_POINT('Ctrl Pts',(-5.45680279264276,15.3315287430062,0.));
#1337=CARTESIAN_POINT('Ctrl Pts',(-5.45680279264276,15.3315287430061,-15.3315287430061));
#1338=CARTESIAN_POINT('Ctrl Pts',(-5.45680279264276,-6.68265607358829E-16,
-15.3315287430062));
#1339=CARTESIAN_POINT('Ctrl Pts',(-5.45680279264275,-15.3315287430061,-15.3315287430061));
#1340=CARTESIAN_POINT('Ctrl Pts',(-5.45680279264275,-15.3315287430062,0.));
#1341=CARTESIAN_POINT('Ctrl Pts',(-5.45680279264275,-15.3315287430061,15.3315287430061));
#1342=CARTESIAN_POINT('Ctrl Pts',(-5.45680279264276,-6.68265607358829E-16,
15.3315287430062));
#1343=CARTESIAN_POINT('Ctrl Pts',(-5.45680279264276,15.3315287430061,15.3315287430061));
#1344=CARTESIAN_POINT('Ctrl Pts',(-5.45680279264276,15.3315287430062,0.));
#1345=CARTESIAN_POINT('Ctrl Pts',(0.205638161392699,16.5213719058912,0.));
#1346=CARTESIAN_POINT('Ctrl Pts',(0.205638161392699,16.5213719058912,-16.5213719058912));
#1347=CARTESIAN_POINT('Ctrl Pts',(0.205638161392701,2.51834116132118E-17,
-16.5213719058912));
#1348=CARTESIAN_POINT('Ctrl Pts',(0.205638161392703,-16.5213719058912,-16.5213719058912));
#1349=CARTESIAN_POINT('Ctrl Pts',(0.205638161392703,-16.5213719058912,0.));
#1350=CARTESIAN_POINT('Ctrl Pts',(0.205638161392703,-16.5213719058912,16.5213719058912));
#1351=CARTESIAN_POINT('Ctrl Pts',(0.205638161392701,2.51834116132118E-17,
16.5213719058912));
#1352=CARTESIAN_POINT('Ctrl Pts',(0.205638161392699,16.5213719058912,16.5213719058912));
#1353=CARTESIAN_POINT('Ctrl Pts',(0.205638161392699,16.5213719058912,0.));
#1354=CARTESIAN_POINT('',(-15.0756422808905,12.6050560275878,-2.77555756156289E-16));
#1355=CARTESIAN_POINT('',(-12.1698729810778,13.4547114349744,3.57300961461482E-15));
#1356=CARTESIAN_POINT('Ctrl Pts',(-15.0756422808905,12.6050560275878,0.));
#1357=CARTESIAN_POINT('Ctrl Pts',(-14.1032626767097,12.8972937110389,0.));
#1358=CARTESIAN_POINT('Ctrl Pts',(-13.1346714303468,13.1805116646284,0.));
#1359=CARTESIAN_POINT('Ctrl Pts',(-12.1698729810778,13.4547114349743,0.));
#1360=CARTESIAN_POINT('',(-15.0756422808905,10.1310136441833,-7.5));
#1361=CARTESIAN_POINT('Ctrl Pts',(-15.0756422808905,10.1308884922795,-7.49990732805761));
#1362=CARTESIAN_POINT('Ctrl Pts',(-15.0756422808905,10.4792091695596,-7.02950609596841));
#1363=CARTESIAN_POINT('Ctrl Pts',(-15.0756422808905,11.5472317760924,-5.35636649039617));
#1364=CARTESIAN_POINT('Ctrl Pts',(-15.0756422808904,12.4320039227695,-2.78987118572896));
#1365=CARTESIAN_POINT('Ctrl Pts',(-15.0756422808905,12.6048598284091,-0.697462848551948));
#1366=CARTESIAN_POINT('Ctrl Pts',(-15.0756422808905,12.6048642072966,1.20430293515383E-9));
#1367=CARTESIAN_POINT('',(-13.0358983848615,10.8701643712238,-7.5));
#1368=CARTESIAN_POINT('Ctrl Pts',(-13.0358983848614,10.8701643712235,-7.5));
#1369=CARTESIAN_POINT('Ctrl Pts',(-13.7200254859719,10.6298646846602,-7.5));
#1370=CARTESIAN_POINT('Ctrl Pts',(-14.4007461661142,10.3833786793778,-7.5));
#1371=CARTESIAN_POINT('Ctrl Pts',(-15.0756422808905,10.1310136441833,-7.5));
#1372=CARTESIAN_POINT('',(-14.7679491924311,11.873103011466,-4.49999999999999));
#1373=CARTESIAN_POINT('Ctrl Pts',(-14.7679491924311,11.873103011466,-4.49999999999999));
#1374=CARTESIAN_POINT('Ctrl Pts',(-14.790321810645,11.8512666508703,-4.53875051144472));
#1375=CARTESIAN_POINT('Ctrl Pts',(-14.8113919797118,11.8293143424404,-4.57824829689302));
#1376=CARTESIAN_POINT('Ctrl Pts',(-14.9033167015357,11.7265619439714,-4.76544286562633));
#1377=CARTESIAN_POINT('Ctrl Pts',(-14.9570834805048,11.6450006879435,-4.92057574433948));
#1378=CARTESIAN_POINT('Ctrl Pts',(-15.0122367951477,11.5140300117765,-5.17754147758412));
#1379=CARTESIAN_POINT('Ctrl Pts',(-15.025854330681,11.4646064221224,-5.27634462287185));
#1380=CARTESIAN_POINT('Ctrl Pts',(-15.0373115961372,11.3740286465972,-5.46061067261795));
#1381=CARTESIAN_POINT('Ctrl Pts',(-15.0371944914841,11.332762126511,-5.54582512343728));
#1382=CARTESIAN_POINT('Ctrl Pts',(-15.0252229801444,11.2458336543203,-5.72820355699864));
#1383=CARTESIAN_POINT('Ctrl Pts',(-15.0117141334439,11.2003836293498,-5.82533019035042));
#1384=CARTESIAN_POINT('Ctrl Pts',(-14.9585128340842,11.0874925706954,-6.07207100057014));
#1385=CARTESIAN_POINT('Ctrl Pts',(-14.9083462973962,11.0221115196343,-6.22031092964654));
#1386=CARTESIAN_POINT('Ctrl Pts',(-14.7373890312887,10.8737360818753,-6.5778749145651));
#1387=CARTESIAN_POINT('Ctrl Pts',(-14.5942082682313,10.7993359771681,-6.77828473717405));
#1388=CARTESIAN_POINT('Ctrl Pts',(-14.2558238755765,10.7112156898126,-7.0996446493327));
#1389=CARTESIAN_POINT('Ctrl Pts',(-14.0740782105795,10.6921405259306,-7.22361123607813));
#1390=CARTESIAN_POINT('Ctrl Pts',(-13.6741665457606,10.7083280918873,-7.40812700750374));
#1391=CARTESIAN_POINT('Ctrl Pts',(-13.4648847353091,10.7431154512137,-7.46494235756096));
#1392=CARTESIAN_POINT('Ctrl Pts',(-13.1806043335806,10.8219324994095,-7.49612244694795));
#1393=CARTESIAN_POINT('Ctrl Pts',(-13.1078297728845,10.844898466733,-7.50000000000003));
#1394=CARTESIAN_POINT('Ctrl Pts',(-13.0358983848614,10.8701643712235,-7.5));
#1395=CARTESIAN_POINT('Ctrl Pts',(-14.7679491924311,11.873103011466,-4.49999999999999));
#1396=CARTESIAN_POINT('Ctrl Pts',(-14.3952668849668,12.2368523579052,-3.85449530838975));
#1397=CARTESIAN_POINT('Ctrl Pts',(-14.0090147043686,12.5448193445018,-3.1854869070595));
#1398=CARTESIAN_POINT('Ctrl Pts',(-13.142735613193,13.0961081498053,-1.68504750760862));
#1399=CARTESIAN_POINT('Ctrl Pts',(-12.6592313560619,13.3156337300515,-0.847593568581793));
#1400=CARTESIAN_POINT('Ctrl Pts',(-12.1698729810778,13.4547114349744,4.9960036108132E-15));
#1401=CARTESIAN_POINT('Ctrl Pts',(-15.0756422808905,5.01151107461819,11.5659930056873));
#1402=CARTESIAN_POINT('Ctrl Pts',(-15.0756422808905,6.29133038733301,11.0114510259345));
#1403=CARTESIAN_POINT('Ctrl Pts',(-15.0756422808905,8.66528208907391,9.47387388942312));
#1404=CARTESIAN_POINT('Ctrl Pts',(-15.0756422808904,11.2797157577503,6.13228200687876));
#1405=CARTESIAN_POINT('Ctrl Pts',(-15.0756422808905,12.6624955418544,2.1214142983198));
#1406=CARTESIAN_POINT('Ctrl Pts',(-15.0756422808904,12.6624628766333,-2.12136932880284));
#1407=CARTESIAN_POINT('Ctrl Pts',(-15.0756422808905,11.2797225726056,-6.13234154485807));
#1408=CARTESIAN_POINT('Ctrl Pts',(-15.0756422808904,8.66528663964687,-9.47383305430793));
#1409=CARTESIAN_POINT('Ctrl Pts',(-15.0756422808905,6.29133205931048,-11.0114503014718));
#1410=CARTESIAN_POINT('Ctrl Pts',(-15.0756422808905,5.01151107461654,-11.565993005688));
#1411=CARTESIAN_POINT('Ctrl Pts',(-15.3089241881003,4.98363668622976,11.5016621130008));
#1412=CARTESIAN_POINT('Ctrl Pts',(-15.3089241881003,6.25635254540946,10.9501980389706));
#1413=CARTESIAN_POINT('Ctrl Pts',(-15.3089241881003,8.61707753250111,9.42118363551988));
#1414=CARTESIAN_POINT('Ctrl Pts',(-15.3089241881003,11.216980227614,6.09817156945772));
#1415=CARTESIAN_POINT('Ctrl Pts',(-15.3089241881003,12.5920652623003,2.10961673682508));
#1416=CARTESIAN_POINT('Ctrl Pts',(-15.3089241881003,12.5920321799329,-2.1095715996182));
#1417=CARTESIAN_POINT('Ctrl Pts',(-15.3089241881003,11.216988063316,-6.09823096453936));
#1418=CARTESIAN_POINT('Ctrl Pts',(-15.3089241881003,8.61708153876577,-9.42114280435878));
#1419=CARTESIAN_POINT('Ctrl Pts',(-15.3089241881003,6.25635420810687,-10.9501973185289));
#1420=CARTESIAN_POINT('Ctrl Pts',(-15.3089241881003,4.98363668622812,-11.5016621130015));
#1421=CARTESIAN_POINT('Ctrl Pts',(-15.7490917222568,4.89361747383043,11.2939080912126));
#1422=CARTESIAN_POINT('Ctrl Pts',(-15.7490917222568,6.1433286347501,10.7524118859198));
#1423=CARTESIAN_POINT('Ctrl Pts',(-15.7490917222567,8.46143561736326,9.25100489510244));
#1424=CARTESIAN_POINT('Ctrl Pts',(-15.7490917222568,11.0143651928771,5.98802290523275));
#1425=CARTESIAN_POINT('Ctrl Pts',(-15.7490917222567,12.3646159219639,2.07150883503822));
#1426=CARTESIAN_POINT('Ctrl Pts',(-15.7490917222567,12.3645840636608,-2.07146495025944));
#1427=CARTESIAN_POINT('Ctrl Pts',(-15.7490917222568,11.0143717793772,-5.98808103050922));
#1428=CARTESIAN_POINT('Ctrl Pts',(-15.7490917222567,8.46144009423841,-9.25096503495728));
#1429=CARTESIAN_POINT('Ctrl Pts',(-15.7490917222568,6.14333026739379,-10.7524111785003));
#1430=CARTESIAN_POINT('Ctrl Pts',(-15.7490917222568,4.89361747382882,-11.2939080912133));
#1431=CARTESIAN_POINT('Ctrl Pts',(-16.3291403807885,4.63705727999862,10.7017965776962));
#1432=CARTESIAN_POINT('Ctrl Pts',(-16.3291403807885,5.82123983676537,10.188693725681));
#1433=CARTESIAN_POINT('Ctrl Pts',(-16.3291403807885,8.0178283513233,8.76599514451811));
#1434=CARTESIAN_POINT('Ctrl Pts',(-16.3291403807885,10.436907504152,5.6740871539232));
#1435=CARTESIAN_POINT('Ctrl Pts',(-16.3291403807885,11.7163702092326,1.9629035938101));
#1436=CARTESIAN_POINT('Ctrl Pts',(-16.3291403807885,11.7163403948324,-1.96286227050274));
#1437=CARTESIAN_POINT('Ctrl Pts',(-16.3291403807885,10.4369130847132,-5.67414211437004));
#1438=CARTESIAN_POINT('Ctrl Pts',(-16.3291403807885,8.01783291732408,-8.76595751339415));
#1439=CARTESIAN_POINT('Ctrl Pts',(-16.3291403807885,5.8212413838014,-10.1886930553549));
#1440=CARTESIAN_POINT('Ctrl Pts',(-16.3291403807885,4.63705727999709,-10.7017965776968));
#1441=CARTESIAN_POINT('Ctrl Pts',(-16.5,4.39526932427195,10.1437776961342));
#1442=CARTESIAN_POINT('Ctrl Pts',(-16.5,5.51773462591621,9.6574167509651));
#1443=CARTESIAN_POINT('Ctrl Pts',(-16.5,7.59974362534051,8.30892184963754));
#1444=CARTESIAN_POINT('Ctrl Pts',(-16.5,9.89270655243207,5.37822148716342));
#1445=CARTESIAN_POINT('Ctrl Pts',(-16.5,11.1054477944313,1.86055648673975));
#1446=CARTESIAN_POINT('Ctrl Pts',(-16.5,11.1054183750941,-1.8605165091111));
#1447=CARTESIAN_POINT('Ctrl Pts',(-16.5,9.89271389209692,-5.37827394635961));
#1448=CARTESIAN_POINT('Ctrl Pts',(-16.5,7.5997469483094,-8.30888574855875));
#1449=CARTESIAN_POINT('Ctrl Pts',(-16.5,5.51773609232378,-9.65741611557516));
#1450=CARTESIAN_POINT('Ctrl Pts',(-16.5,4.3952693242705,-10.1437776961348));
#1451=CARTESIAN_POINT('Ctrl Pts',(-16.5,4.25000000000355,9.80851275040973));
#1452=CARTESIAN_POINT('Ctrl Pts',(-16.5,5.33534771211188,9.3382347486534));
#1453=CARTESIAN_POINT('Ctrl Pts',(-16.5,7.34857178409023,8.03429612956598));
#1454=CARTESIAN_POINT('Ctrl Pts',(-16.5,9.56573601388898,5.20046711285419));
#1455=CARTESIAN_POINT('Ctrl Pts',(-16.5,10.738399107903,1.79906033003303));
#1456=CARTESIAN_POINT('Ctrl Pts',(-16.5,10.7383714062403,-1.79902219374155));
#1457=CARTESIAN_POINT('Ctrl Pts',(-16.5,9.56574179321078,-5.20051760389538));
#1458=CARTESIAN_POINT('Ctrl Pts',(-16.5,7.34857564319276,-8.03426149944406));
#1459=CARTESIAN_POINT('Ctrl Pts',(-16.5,5.33534913002841,-9.33823413427448));
#1460=CARTESIAN_POINT('Ctrl Pts',(-16.5,4.25000000000215,-9.80851275041034));
#1461=CARTESIAN_POINT('',(-16.5,4.25000000000234,-9.80851275041078));
#1462=CARTESIAN_POINT('',(-15.0756422808905,5.01151107461654,-11.565993005688));
#1463=CARTESIAN_POINT('Origin',(-14.5,4.25000000000215,-9.80851275041034));
#1464=CARTESIAN_POINT('Ctrl Pts',(-15.0756422808905,5.01151107461654,-11.565993005688));
#1465=CARTESIAN_POINT('Ctrl Pts',(-15.0756422808905,6.29133205931048,-11.0114503014718));
#1466=CARTESIAN_POINT('Ctrl Pts',(-15.0756422808904,8.16721821079896,-9.79643341608732));
#1467=CARTESIAN_POINT('Ctrl Pts',(-15.0756422808905,9.64910489135065,-8.15054799988624));
#1468=CARTESIAN_POINT('Ctrl Pts',(-15.0756422808905,10.1308884922795,-7.49990732805761));
#1469=CARTESIAN_POINT('',(-15.0756422808905,5.0115110746182,11.5659930056873));
#1470=CARTESIAN_POINT('Ctrl Pts',(-15.0756422808905,12.6048642072966,1.20430293515383E-9));
#1471=CARTESIAN_POINT('Ctrl Pts',(-15.0756422808905,12.604868586269,0.697476388503669));
#1472=CARTESIAN_POINT('Ctrl Pts',(-15.0756422808905,12.4320344810935,2.78988576233176));
#1473=CARTESIAN_POINT('Ctrl Pts',(-15.0756422808904,11.2797157577503,6.13228200687876));
#1474=CARTESIAN_POINT('Ctrl Pts',(-15.0756422808905,8.66528208907391,9.47387388942312));
#1475=CARTESIAN_POINT('Ctrl Pts',(-15.0756422808905,6.29133038733301,11.0114510259345));
#1476=CARTESIAN_POINT('Ctrl Pts',(-15.0756422808905,5.01151107461819,11.5659930056873));
#1477=CARTESIAN_POINT('',(-16.5,4.25000000000355,9.80851275040973));
#1478=CARTESIAN_POINT('Origin',(-14.5,4.25000000000355,9.80851275040973));
#1479=CARTESIAN_POINT('Ctrl Pts',(-16.5,4.25000000000355,9.80851275040973));
#1480=CARTESIAN_POINT('Ctrl Pts',(-16.5,5.33534771211188,9.3382347486534));
#1481=CARTESIAN_POINT('Ctrl Pts',(-16.5,7.34857178409023,8.03429612956598));
#1482=CARTESIAN_POINT('Ctrl Pts',(-16.5,9.56573601388898,5.20046711285419));
#1483=CARTESIAN_POINT('Ctrl Pts',(-16.5,10.738399107903,1.79906033003303));
#1484=CARTESIAN_POINT('Ctrl Pts',(-16.5,10.7383714062403,-1.79902219374155));
#1485=CARTESIAN_POINT('Ctrl Pts',(-16.5,9.56574179321078,-5.20051760389538));
#1486=CARTESIAN_POINT('Ctrl Pts',(-16.5,7.34857564319276,-8.03426149944406));
#1487=CARTESIAN_POINT('Ctrl Pts',(-16.5,5.33534913002841,-9.33823413427448));
#1488=CARTESIAN_POINT('Ctrl Pts',(-16.5,4.25000000000215,-9.80851275041034));
#1489=CARTESIAN_POINT('Ctrl Pts',(-14.5,1.80051025720262,-11.1348484572621));
#1490=CARTESIAN_POINT('Ctrl Pts',(-14.4999999999988,1.8351392229506,-11.1068508566399));
#1491=CARTESIAN_POINT('Ctrl Pts',(-14.5108302569178,1.93823788114267,-10.9951960340708));
#1492=CARTESIAN_POINT('Ctrl Pts',(-14.5785655258226,2.09227752011075,-10.6920051505252));
#1493=CARTESIAN_POINT('Ctrl Pts',(-14.7171134192005,2.22726152314783,-10.2393990917728));
#1494=CARTESIAN_POINT('Ctrl Pts',(-14.8363441959909,2.2774145191946,-9.94091198591914));
#1495=CARTESIAN_POINT('Ctrl Pts',(-14.9,2.29040820577702,-9.80851275040971));
#1496=CARTESIAN_POINT('Ctrl Pts',(-14.4999999999986,1.83971025471398,-11.3772719758803));
#1497=CARTESIAN_POINT('Ctrl Pts',(-14.5027191221356,1.88322966552314,-11.3499680602859));
#1498=CARTESIAN_POINT('Ctrl Pts',(-14.5271904158586,2.01201146112861,-11.2419536946457));
#1499=CARTESIAN_POINT('Ctrl Pts',(-14.6405038408409,2.19111653152303,-10.9527068328475));
#1500=CARTESIAN_POINT('Ctrl Pts',(-14.8383195140214,2.31027962457407,-10.5295462430435));
#1501=CARTESIAN_POINT('Ctrl Pts',(-14.973477797007,2.32351715736747,-10.2596164446736));
#1502=CARTESIAN_POINT('Ctrl Pts',(-15.0332562841555,2.31760903087703,-10.1421995299943));
#1503=CARTESIAN_POINT('Ctrl Pts',(-14.4086162365112,1.91809622366197,-11.8620322720501));
#1504=CARTESIAN_POINT('Ctrl Pts',(-14.4151739766572,1.98575627594203,-11.8361145763268));
#1505=CARTESIAN_POINT('Ctrl Pts',(-14.461966249641,2.18561562744788,-11.735368576501));
#1506=CARTESIAN_POINT('Ctrl Pts',(-14.6592372804926,2.45604430666613,-11.4739294735159));
#1507=CARTESIAN_POINT('Ctrl Pts',(-14.9863048476953,2.60919402221267,-11.1095797026766));
#1508=CARTESIAN_POINT('Ctrl Pts',(-15.1846584363308,2.59293991930213,-10.8965210106499));
#1509=CARTESIAN_POINT('Ctrl Pts',(-15.2597515804837,2.56697636097114,-10.8090440572781));
#1510=CARTESIAN_POINT('Ctrl Pts',(-14.0152480779483,2.01992162906732,-12.4917484616832));
#1511=CARTESIAN_POINT('Ctrl Pts',(-14.0223499638413,2.13766393630799,-12.4659779767287));
#1512=CARTESIAN_POINT('Ctrl Pts',(-14.0842384365271,2.4874057381241,-12.3673727250792));
#1513=CARTESIAN_POINT('Ctrl Pts',(-14.3693926210447,2.98779469212652,-12.1180735300224));
#1514=CARTESIAN_POINT('Ctrl Pts',(-14.8766666049289,3.35388130870441,-11.7819371695812));
#1515=CARTESIAN_POINT('Ctrl Pts',(-15.2285824401843,3.42370841485218,-11.5972029351622));
#1516=CARTESIAN_POINT('Ctrl Pts',(-15.3829178455597,3.42215520093058,-11.5247647098805));
#1517=CARTESIAN_POINT('Ctrl Pts',(-13.5181416388416,2.08022407568323,-12.8646753040883));
#1518=CARTESIAN_POINT('Ctrl Pts',(-13.5220288670243,2.24548274063918,-12.8362061575766));
#1519=CARTESIAN_POINT('Ctrl Pts',(-13.582880731773,2.73765415523995,-12.7265498487571));
#1520=CARTESIAN_POINT('Ctrl Pts',(-13.9079441816157,3.46678454639529,-12.4444894169728));
#1521=CARTESIAN_POINT('Ctrl Pts',(-14.5337918770289,4.0805495807898,-12.0485358684684));
#1522=CARTESIAN_POINT('Ctrl Pts',(-15.0289185841138,4.28424748575876,-11.8113832638228));
#1523=CARTESIAN_POINT('Ctrl Pts',(-15.2757081680441,4.33064907033548,-11.7128385443747));
#1524=CARTESIAN_POINT('Ctrl Pts',(-13.1736249834622,2.10174920740747,-12.9977926129035));
#1525=CARTESIAN_POINT('Ctrl Pts',(-13.1746352342708,2.29518790998376,-12.9662144448131));
#1526=CARTESIAN_POINT('Ctrl Pts',(-13.2310503731606,2.87148429031728,-12.8431878245001));
#1527=CARTESIAN_POINT('Ctrl Pts',(-13.569461637123,3.73414111982388,-12.519642826847));
#1528=CARTESIAN_POINT('Ctrl Pts',(-14.2516484521502,4.49151055788537,-12.0485980658408));
#1529=CARTESIAN_POINT('Ctrl Pts',(-14.8277602907368,4.77381963847524,-11.7483896817277));
#1530=CARTESIAN_POINT('Ctrl Pts',(-15.1308568391592,4.8482888252846,-11.618631842427));
#1531=CARTESIAN_POINT('Ctrl Pts',(-13.0556730782161,2.10719480322419,-13.0314696686098));
#1532=CARTESIAN_POINT('Ctrl Pts',(-13.0556730782099,2.30983174010394,-12.9987031801654));
#1533=CARTESIAN_POINT('Ctrl Pts',(-13.1103719744522,2.91351221126146,-12.8705102760367));
#1534=CARTESIAN_POINT('Ctrl Pts',(-13.4524696784918,3.81913795339935,-12.5308614573183));
#1535=CARTESIAN_POINT('Ctrl Pts',(-14.1521560387503,4.62185846035434,-12.0312058865031));
#1536=CARTESIAN_POINT('Ctrl Pts',(-14.7542257005156,4.92846228466063,-11.7072540787398));
#1537=CARTESIAN_POINT('Ctrl Pts',(-15.0756422808905,5.0115110746182,-11.5659930056873));
#1538=CARTESIAN_POINT('',(-14.9,2.29040820577702,-9.80851275040971));
#1539=CARTESIAN_POINT('Origin',(-14.5,4.25000000000356,-9.80851275040972));
#1540=CARTESIAN_POINT('',(-14.5,1.8005102572115,-11.1348484572621));
#1541=CARTESIAN_POINT('Ctrl Pts',(-14.9,2.29040820577702,-9.80851275040971));
#1542=CARTESIAN_POINT('Ctrl Pts',(-14.8363441959909,2.2774145191946,-9.94091198591914));
#1543=CARTESIAN_POINT('Ctrl Pts',(-14.7171134192005,2.22726152314783,-10.2393990917728));
#1544=CARTESIAN_POINT('Ctrl Pts',(-14.5785655258226,2.09227752011075,-10.6920051505252));
#1545=CARTESIAN_POINT('Ctrl Pts',(-14.5108302569178,1.93823788114267,-10.9951960340708));
#1546=CARTESIAN_POINT('Ctrl Pts',(-14.4999999999988,1.8351392229506,-11.1068508566399));
#1547=CARTESIAN_POINT('Ctrl Pts',(-14.5,1.80051025720262,-11.1348484572621));
#1548=CARTESIAN_POINT('',(-13.0556730782161,2.10719480322419,-13.0314696686098));
#1549=CARTESIAN_POINT('Origin',(-12.5,1.80051025713163,-11.1348484572621));
#1550=CARTESIAN_POINT('Ctrl Pts',(-13.0556730782161,2.10719480322419,-13.0314696686098));
#1551=CARTESIAN_POINT('Ctrl Pts',(-13.0556730782099,2.30983174010394,-12.9987031801654));
#1552=CARTESIAN_POINT('Ctrl Pts',(-13.1103719744522,2.91351221126146,-12.8705102760367));
#1553=CARTESIAN_POINT('Ctrl Pts',(-13.4524696784918,3.81913795339935,-12.5308614573183));
#1554=CARTESIAN_POINT('Ctrl Pts',(-14.1521560387503,4.62185846035434,-12.0312058865031));
#1555=CARTESIAN_POINT('Ctrl Pts',(-14.7542257005156,4.92846228466063,-11.7072540787398));
#1556=CARTESIAN_POINT('Ctrl Pts',(-15.0756422808905,5.0115110746182,-11.5659930056873));
#1557=CARTESIAN_POINT('Ctrl Pts',(-13.0556730782161,2.10719480326737,-13.0314696686028));
#1558=CARTESIAN_POINT('Ctrl Pts',(-13.0556730782161,0.714484029195765,-13.2566716588778));
#1559=CARTESIAN_POINT('Ctrl Pts',(-13.0556730782161,-0.71448402914339,-13.2566716588807));
#1560=CARTESIAN_POINT('Ctrl Pts',(-13.0556730782161,-2.10719480321589,-13.0314696686111));
#1561=CARTESIAN_POINT('Ctrl Pts',(-13.2915768887093,2.09630361162482,-12.9641155571914));
#1562=CARTESIAN_POINT('Ctrl Pts',(-13.2915768887093,0.710775016291064,-13.1881561857707));
#1563=CARTESIAN_POINT('Ctrl Pts',(-13.2915768887093,-0.710775016238961,
-13.1881561857735));
#1564=CARTESIAN_POINT('Ctrl Pts',(-13.2915768887093,-2.0963036115736,-12.9641155571997));
#1565=CARTESIAN_POINT('Ctrl Pts',(-13.7374540438459,2.06049117958273,-12.74264167106));
#1566=CARTESIAN_POINT('Ctrl Pts',(-13.7374540438459,0.698649343318763,-12.9628521395049));
#1567=CARTESIAN_POINT('Ctrl Pts',(-13.7374540438459,-0.698649343267544,
-12.9628521395076));
#1568=CARTESIAN_POINT('Ctrl Pts',(-13.7374540438459,-2.06049117953239,-12.7426416710682));
#1569=CARTESIAN_POINT('Ctrl Pts',(-14.3262877837947,1.95717341874062,-12.1036963469));
#1570=CARTESIAN_POINT('Ctrl Pts',(-14.3262877837947,0.663627658586248,-12.3128633075655));
#1571=CARTESIAN_POINT('Ctrl Pts',(-14.3262877837947,-0.6636276585376,-12.3128633075681));
#1572=CARTESIAN_POINT('Ctrl Pts',(-14.3262877837947,-1.9571734186928,-12.1036963469078));
#1573=CARTESIAN_POINT('Ctrl Pts',(-14.5,1.85931025344071,-11.4984837351843));
#1574=CARTESIAN_POINT('Ctrl Pts',(-14.5,0.63041322139311,-11.697196965966));
#1575=CARTESIAN_POINT('Ctrl Pts',(-14.5,-0.630413221346891,-11.6971969659685));
#1576=CARTESIAN_POINT('Ctrl Pts',(-14.5,-1.85931025339528,-11.4984837351916));
#1577=CARTESIAN_POINT('Ctrl Pts',(-14.5,1.80051025716853,-11.1348484572562));
#1578=CARTESIAN_POINT('Ctrl Pts',(-14.5,0.61049686585947,-11.3272741849564));
#1579=CARTESIAN_POINT('Ctrl Pts',(-14.5,-0.610496865814713,-11.3272741849589));
#1580=CARTESIAN_POINT('Ctrl Pts',(-14.5,-1.80051025712454,-11.1348484572633));
#1581=CARTESIAN_POINT('',(-14.5,-0.648083649158634,-11.2608469899762));
#1582=CARTESIAN_POINT('',(-14.5,0.648083649166725,-11.2608469899757));
#1583=CARTESIAN_POINT('Ctrl Pts',(-14.5,0.648083648179657,-11.260846990222));
#1584=CARTESIAN_POINT('Ctrl Pts',(-14.5,0.491074409319164,-11.3360667947421));
#1585=CARTESIAN_POINT('Ctrl Pts',(-14.4971827835691,0.322108388979908,-11.383427918918));
#1586=CARTESIAN_POINT('Ctrl Pts',(-14.4955286123808,0.00966053272400558,
-11.4145270108437));
#1587=CARTESIAN_POINT('Ctrl Pts',(-14.4959322220633,-0.130453001540265,
-11.4088968026813));
#1588=CARTESIAN_POINT('Ctrl Pts',(-14.4982219856346,-0.399535855276558,
-11.3600761457261));
#1589=CARTESIAN_POINT('Ctrl Pts',(-14.5,-0.527421261309056,-11.3186537869344));
#1590=CARTESIAN_POINT('Ctrl Pts',(-14.5,-0.648083648171571,-11.2608469902224));
#1591=CARTESIAN_POINT('',(-14.5,-1.8005102571689,-11.1348484572633));
#1592=CARTESIAN_POINT('Ctrl Pts',(-14.5,-0.648087295651742,-11.2606089290587));
#1593=CARTESIAN_POINT('Ctrl Pts',(-14.5,-1.0340521021207,-11.2384793276767));
#1594=CARTESIAN_POINT('Ctrl Pts',(-14.5,-1.41887430899413,-11.1965591704116));
#1595=CARTESIAN_POINT('Ctrl Pts',(-14.5,-1.80051025712454,-11.1348484572633));
#1596=CARTESIAN_POINT('',(-13.0556730782161,-2.10719480321589,-13.0314696686111));
#1597=CARTESIAN_POINT('Origin',(-12.5,-1.80051025712454,-11.1348484572633));
#1598=CARTESIAN_POINT('Ctrl Pts',(-13.0556730782161,-2.10719480321589,-13.0314696686111));
#1599=CARTESIAN_POINT('Ctrl Pts',(-13.0556730782161,-0.71448402914339,-13.2566716588807));
#1600=CARTESIAN_POINT('Ctrl Pts',(-13.0556730782161,0.714484029195765,-13.2566716588778));
#1601=CARTESIAN_POINT('Ctrl Pts',(-13.0556730782161,2.10719480326737,-13.0314696686028));
#1602=CARTESIAN_POINT('Ctrl Pts',(-14.5,1.80051025716853,-11.1348484572562));
#1603=CARTESIAN_POINT('Ctrl Pts',(-14.5,1.41887430902637,-11.1965591704079));
#1604=CARTESIAN_POINT('Ctrl Pts',(-14.5,1.03405210214091,-11.2384793276753));
#1605=CARTESIAN_POINT('Ctrl Pts',(-14.5,0.648087295659834,-11.2606089290582));
#1606=CARTESIAN_POINT('Ctrl Pts',(-14.9,-2.2904082057699,-9.80851275041281));
#1607=CARTESIAN_POINT('Ctrl Pts',(-14.8681720979957,-2.28391136247876,-9.87471236816681));
#1608=CARTESIAN_POINT('Ctrl Pts',(-14.775611497362,-2.2552936676866,-10.086205086527));
#1609=CARTESIAN_POINT('Ctrl Pts',(-14.6419425532967,-2.16664382567656,-10.470629250005));
#1610=CARTESIAN_POINT('Ctrl Pts',(-14.5293484071775,-2.00525760487027,-10.8914628603362));
#1611=CARTESIAN_POINT('Ctrl Pts',(-14.4999999999986,-1.86976818869805,-11.0788532560111));
#1612=CARTESIAN_POINT('Ctrl Pts',(-14.5,-1.8005102572029,-11.1348484572573));
#1613=CARTESIAN_POINT('Ctrl Pts',(-15.0332562841553,-2.31760903086989,-10.1421995299973));
#1614=CARTESIAN_POINT('Ctrl Pts',(-15.0033670405814,-2.32056309411507,-10.2009079873363));
#1615=CARTESIAN_POINT('Ctrl Pts',(-14.9079082804868,-2.32042989451537,-10.3902072482732));
#1616=CARTESIAN_POINT('Ctrl Pts',(-14.7353925265724,-2.26351866678892,-10.7443766805674));
#1617=CARTESIAN_POINT('Ctrl Pts',(-14.5610360323906,-2.09425545249533,-11.1422466419114));
#1618=CARTESIAN_POINT('Ctrl Pts',(-14.5054382442747,-1.92674907633324,-11.3226641446851));
#1619=CARTESIAN_POINT('Ctrl Pts',(-14.4999999999992,-1.83971025471599,-11.3772719758757));
#1620=CARTESIAN_POINT('Ctrl Pts',(-15.2597515804833,-2.56697636096381,-10.8090440572809));
#1621=CARTESIAN_POINT('Ctrl Pts',(-15.2222050084073,-2.57995814012916,-10.8527825339664));
#1622=CARTESIAN_POINT('Ctrl Pts',(-15.0917966146236,-2.60687678660215,-10.9978543080354));
#1623=CARTESIAN_POINT('Ctrl Pts',(-14.8188154857694,-2.55574793176866,-11.291647439552));
#1624=CARTESIAN_POINT('Ctrl Pts',(-14.5224686679082,-2.31260365553587,-11.643690802219));
#1625=CARTESIAN_POINT('Ctrl Pts',(-14.421731716807,-2.05341632822722,-11.8101968805978));
#1626=CARTESIAN_POINT('Ctrl Pts',(-14.4086162365126,-1.91809622366882,-11.8620322720458));
#1627=CARTESIAN_POINT('Ctrl Pts',(-15.3829178455593,-3.4221552009227,-11.5247647098833));
#1628=CARTESIAN_POINT('Ctrl Pts',(-15.3057501428724,-3.42293180788349,-11.5609838225238));
#1629=CARTESIAN_POINT('Ctrl Pts',(-15.0580054994948,-3.3991228202893,-11.6839023716044));
#1630=CARTESIAN_POINT('Ctrl Pts',(-14.6113062499185,-3.203099760314,-11.9481215550491));
#1631=CARTESIAN_POINT('Ctrl Pts',(-14.1688585609899,-2.71284191871307,-12.2788653437013));
#1632=CARTESIAN_POINT('Ctrl Pts',(-14.0294518497394,-2.25540624356298,-12.4402074917687));
#1633=CARTESIAN_POINT('Ctrl Pts',(-14.0152480779498,-2.01992162908445,-12.491748461679));
#1634=CARTESIAN_POINT('Ctrl Pts',(-15.2757081680438,-4.33064907032719,-11.7128385443779));
#1635=CARTESIAN_POINT('Ctrl Pts',(-15.15231337608,-4.30744827803909,-11.7621109041014));
#1636=CARTESIAN_POINT('Ctrl Pts',(-14.7812430293927,-4.19664408740978,-11.9247193694233));
#1637=CARTESIAN_POINT('Ctrl Pts',(-14.199236173896,-3.809854024055,-12.247159431713));
#1638=CARTESIAN_POINT('Ctrl Pts',(-13.6752610844475,-3.05738633387339,-12.6276182862548));
#1639=CARTESIAN_POINT('Ctrl Pts',(-13.5259160952124,-2.41074140561836,-12.8077370110586));
#1640=CARTESIAN_POINT('Ctrl Pts',(-13.5181416388424,-2.08022407571025,-12.8646753040835));
#1641=CARTESIAN_POINT('Ctrl Pts',(-15.1308568391592,-4.84828882527622,-11.6186318424305));
#1642=CARTESIAN_POINT('Ctrl Pts',(-14.9793085649496,-4.81105423187193,-11.6835107620802));
#1643=CARTESIAN_POINT('Ctrl Pts',(-14.5354448384214,-4.64908389772409,-11.8935238970217));
#1644=CARTESIAN_POINT('Ctrl Pts',(-13.8827931024868,-4.15126194020213,-12.2876907623068));
#1645=CARTESIAN_POINT('Ctrl Pts',(-13.3244747667536,-3.24651743328826,-12.7311348738072));
#1646=CARTESIAN_POINT('Ctrl Pts',(-13.1756454850847,-2.48862661258859,-12.9346362767156));
#1647=CARTESIAN_POINT('Ctrl Pts',(-13.1736249834624,-2.10174920744041,-12.9977926128981));
#1648=CARTESIAN_POINT('Ctrl Pts',(-15.0756422808905,-5.01151107460981,-11.5659930056909));
#1649=CARTESIAN_POINT('Ctrl Pts',(-14.9149339907048,-4.96998667963146,-11.6366235422164));
#1650=CARTESIAN_POINT('Ctrl Pts',(-14.4475543587075,-4.79228830796505,-11.8643562555415));
#1651=CARTESIAN_POINT('Ctrl Pts',(-13.7725406651825,-4.25975199846999,-12.2856355383346));
#1652=CARTESIAN_POINT('Ctrl Pts',(-13.2039007322396,-3.30645898049637,-12.7533427064624));
#1653=CARTESIAN_POINT('Ctrl Pts',(-13.0556730782088,-2.51246867701396,-12.9659366917134));
#1654=CARTESIAN_POINT('Ctrl Pts',(-13.0556730782161,-2.10719480325907,-13.0314696686041));
#1655=CARTESIAN_POINT('',(-14.9,-2.2904082057699,-9.80851275041281));
#1656=CARTESIAN_POINT('Ctrl Pts',(-14.5,-1.8005102572029,-11.1348484572573));
#1657=CARTESIAN_POINT('Ctrl Pts',(-14.4999999999986,-1.86976818869805,-11.0788532560111));
#1658=CARTESIAN_POINT('Ctrl Pts',(-14.5293484071775,-2.00525760487027,-10.8914628603362));
#1659=CARTESIAN_POINT('Ctrl Pts',(-14.6419425532967,-2.16664382567656,-10.470629250005));
#1660=CARTESIAN_POINT('Ctrl Pts',(-14.775611497362,-2.2552936676866,-10.086205086527));
#1661=CARTESIAN_POINT('Ctrl Pts',(-14.8681720979957,-2.28391136247876,-9.87471236816681));
#1662=CARTESIAN_POINT('Ctrl Pts',(-14.9,-2.2904082057699,-9.80851275041281));
#1663=CARTESIAN_POINT('',(-15.0756422808905,-5.01151107460981,-11.5659930056909));
#1664=CARTESIAN_POINT('Origin',(-14.5,-4.24999999999644,-9.80851275041281));
#1665=CARTESIAN_POINT('Ctrl Pts',(-15.0756422808905,-5.01151107460981,-11.5659930056909));
#1666=CARTESIAN_POINT('Ctrl Pts',(-14.9149339907048,-4.96998667963146,-11.6366235422164));
#1667=CARTESIAN_POINT('Ctrl Pts',(-14.4475543587075,-4.79228830796505,-11.8643562555415));
#1668=CARTESIAN_POINT('Ctrl Pts',(-13.7725406651825,-4.25975199846999,-12.2856355383346));
#1669=CARTESIAN_POINT('Ctrl Pts',(-13.2039007322396,-3.30645898049637,-12.7533427064624));
#1670=CARTESIAN_POINT('Ctrl Pts',(-13.0556730782088,-2.51246867701396,-12.9659366917134));
#1671=CARTESIAN_POINT('Ctrl Pts',(-13.0556730782161,-2.10719480325907,-13.0314696686041));
#1672=CARTESIAN_POINT('Origin',(-14.5,4.25000000000356,-9.80851275041034));
#1673=CARTESIAN_POINT('Origin',(-14.5,4.25000000000356,-9.80851275041034));
#1674=CARTESIAN_POINT('Ctrl Pts',(-15.0756422808905,-5.0115110746098,-11.5659930056909));
#1675=CARTESIAN_POINT('Ctrl Pts',(-15.0756422808905,-6.29133194132897,-11.0114503525937));
#1676=CARTESIAN_POINT('Ctrl Pts',(-15.0756422808904,-8.66526037940556,-9.47394066952666));
#1677=CARTESIAN_POINT('Ctrl Pts',(-15.0756422808905,-11.2796925619905,-6.1323027402223));
#1678=CARTESIAN_POINT('Ctrl Pts',(-15.0756422808904,-12.6625020841054,-2.1214245200411));
#1679=CARTESIAN_POINT('Ctrl Pts',(-15.0756422808905,-12.6624606296725,2.12136107656554));
#1680=CARTESIAN_POINT('Ctrl Pts',(-15.0756422808904,-11.2797258876412,6.13234306477077));
#1681=CARTESIAN_POINT('Ctrl Pts',(-15.0756422808905,-8.66528508693996,9.47383156866989));
#1682=CARTESIAN_POINT('Ctrl Pts',(-15.0756422808905,-6.29133194132898,11.0114503525937));
#1683=CARTESIAN_POINT('Ctrl Pts',(-15.0756422808905,-5.01151107460981,11.5659930056909));
#1684=CARTESIAN_POINT('Ctrl Pts',(-15.3089241881003,-4.98363668622142,-11.5016621130044));
#1685=CARTESIAN_POINT('Ctrl Pts',(-15.3089241881003,-6.2563540907802,-10.9501973693671));
#1686=CARTESIAN_POINT('Ctrl Pts',(-15.3089241881003,-8.61705432351048,-9.42125109639936));
#1687=CARTESIAN_POINT('Ctrl Pts',(-15.3089241881003,-11.2169576250103,-6.09819199528235));
#1688=CARTESIAN_POINT('Ctrl Pts',(-15.3089241881003,-12.5920716381558,-2.10962685955183));
#1689=CARTESIAN_POINT('Ctrl Pts',(-15.3089241881003,-12.5920299990134,2.10956336231612));
#1690=CARTESIAN_POINT('Ctrl Pts',(-15.3089241881003,-11.2169913277615,6.09823249795029));
#1691=CARTESIAN_POINT('Ctrl Pts',(-15.3089241881003,-8.61708001245957,9.42114131461124));
#1692=CARTESIAN_POINT('Ctrl Pts',(-15.3089241881003,-6.2563540907802,10.9501973693671));
#1693=CARTESIAN_POINT('Ctrl Pts',(-15.3089241881003,-4.98363668622143,11.5016621130044));
#1694=CARTESIAN_POINT('Ctrl Pts',(-15.7490917222566,-4.89361747382225,-11.2939080912162));
#1695=CARTESIAN_POINT('Ctrl Pts',(-15.7490917222566,-6.14333015218784,-10.7524112284195));
#1696=CARTESIAN_POINT('Ctrl Pts',(-15.7490917222566,-8.46141452251638,-9.25107003661492));
#1697=CARTESIAN_POINT('Ctrl Pts',(-15.7490917222567,-11.0143425129603,-5.98804316318478));
#1698=CARTESIAN_POINT('Ctrl Pts',(-15.7490917222566,-12.3646223186661,-2.07151881900609));
#1699=CARTESIAN_POINT('Ctrl Pts',(-15.7490917222567,-12.3645818661178,2.07145689414227));
#1700=CARTESIAN_POINT('Ctrl Pts',(-15.7490917222566,-11.0143750184942,5.98808251325596));
#1701=CARTESIAN_POINT('Ctrl Pts',(-15.7490917222567,-8.46143857691665,9.25096358506336));
#1702=CARTESIAN_POINT('Ctrl Pts',(-15.7490917222566,-6.14333015218784,10.7524112284195));
#1703=CARTESIAN_POINT('Ctrl Pts',(-15.7490917222566,-4.89361747382226,11.2939080912162));
#1704=CARTESIAN_POINT('Ctrl Pts',(-16.3291403807888,-4.63705727999088,-10.7017965776996));
#1705=CARTESIAN_POINT('Ctrl Pts',(-16.3291403807888,-5.82124127463628,-10.1886931026568));
#1706=CARTESIAN_POINT('Ctrl Pts',(-16.3291403807888,-8.01780937329768,-8.76605621427847));
#1707=CARTESIAN_POINT('Ctrl Pts',(-16.3291403807888,-10.4368857236794,-5.67410646972662));
#1708=CARTESIAN_POINT('Ctrl Pts',(-16.3291403807888,-11.7163763516917,-1.96291308063767));
#1709=CARTESIAN_POINT('Ctrl Pts',(-16.3291403807888,-11.7163382790918,1.96285465606845));
#1710=CARTESIAN_POINT('Ctrl Pts',(-16.3291403807888,-10.4369161740729,5.67414350568269));
#1711=CARTESIAN_POINT('Ctrl Pts',(-16.3291403807888,-8.01783146846731,8.76595614723471));
#1712=CARTESIAN_POINT('Ctrl Pts',(-16.3291403807888,-5.82124127463627,10.1886931026568));
#1713=CARTESIAN_POINT('Ctrl Pts',(-16.3291403807888,-4.63705727999088,10.7017965776996));
#1714=CARTESIAN_POINT('Ctrl Pts',(-16.5,-4.3952693242646,-10.1437776961374));
#1715=CARTESIAN_POINT('Ctrl Pts',(-16.5,-5.5177359888481,-9.65741616041165));
#1716=CARTESIAN_POINT('Ctrl Pts',(-16.5,-7.59972249988709,-8.30898177249073));
#1717=CARTESIAN_POINT('Ctrl Pts',(-16.5,-9.89268680637441,-5.37823942363255));
#1718=CARTESIAN_POINT('Ctrl Pts',(-16.5,-11.1054533648707,-1.86056539730207));
#1719=CARTESIAN_POINT('Ctrl Pts',(-16.5,-11.1054164733515,1.86050923175573));
#1720=CARTESIAN_POINT('Ctrl Pts',(-16.5,-9.8927167581135,5.3782753076321));
#1721=CARTESIAN_POINT('Ctrl Pts',(-16.5,-7.5997456093975,8.30888442967668));
#1722=CARTESIAN_POINT('Ctrl Pts',(-16.5,-5.5177359888481,9.65741616041165));
#1723=CARTESIAN_POINT('Ctrl Pts',(-16.5,-4.3952693242646,10.1437776961374));
#1724=CARTESIAN_POINT('Ctrl Pts',(-16.5,-4.24999999999644,-9.80851275041282));
#1725=CARTESIAN_POINT('Ctrl Pts',(-16.5,-5.33534902997446,-9.33823417762832));
#1726=CARTESIAN_POINT('Ctrl Pts',(-16.5,-7.34855337325784,-8.03435276227331));
#1727=CARTESIAN_POINT('Ctrl Pts',(-16.5,-9.56571634278028,-5.20048469571669));
#1728=CARTESIAN_POINT('Ctrl Pts',(-16.5,-10.7384046560434,-1.79906899853935));
#1729=CARTESIAN_POINT('Ctrl Pts',(-16.5,-10.7383695007105,1.79901519545139));
#1730=CARTESIAN_POINT('Ctrl Pts',(-16.5,-9.56574460451879,5.20051889285374));
#1731=CARTESIAN_POINT('Ctrl Pts',(-16.5,-7.34857432642337,8.03426023955224));
#1732=CARTESIAN_POINT('Ctrl Pts',(-16.5,-5.33534902997446,9.33823417762832));
#1733=CARTESIAN_POINT('Ctrl Pts',(-16.5,-4.24999999999644,9.80851275041282));
#1734=CARTESIAN_POINT('',(-16.5,-4.24999999999644,9.80851275041282));
#1735=CARTESIAN_POINT('',(-15.0756422808905,-5.01151107460981,11.5659930056909));
#1736=CARTESIAN_POINT('Origin',(-14.5,-4.24999999999644,9.80851275041282));
#1737=CARTESIAN_POINT('Ctrl Pts',(-15.0756422808905,-5.01151107460981,11.5659930056909));
#1738=CARTESIAN_POINT('Ctrl Pts',(-15.0756422808905,-6.29133194132898,11.0114503525937));
#1739=CARTESIAN_POINT('Ctrl Pts',(-15.0756422808905,-8.66528508693996,9.47383156866989));
#1740=CARTESIAN_POINT('Ctrl Pts',(-15.0756422808904,-11.2797258876412,6.13234306477077));
#1741=CARTESIAN_POINT('Ctrl Pts',(-15.0756422808905,-12.6624606296725,2.12136107656554));
#1742=CARTESIAN_POINT('Ctrl Pts',(-15.0756422808904,-12.6625020841054,-2.1214245200411));
#1743=CARTESIAN_POINT('Ctrl Pts',(-15.0756422808905,-11.2796925619905,-6.1323027402223));
#1744=CARTESIAN_POINT('Ctrl Pts',(-15.0756422808904,-8.66526037940556,-9.47394066952666));
#1745=CARTESIAN_POINT('Ctrl Pts',(-15.0756422808905,-6.29133194132897,-11.0114503525937));
#1746=CARTESIAN_POINT('Ctrl Pts',(-15.0756422808905,-5.0115110746098,-11.5659930056909));
#1747=CARTESIAN_POINT('',(-16.5,-4.24999999999644,-9.80851275041282));
#1748=CARTESIAN_POINT('Origin',(-14.5,-4.24999999999644,-9.80851275041282));
#1749=CARTESIAN_POINT('Ctrl Pts',(-16.5,-4.24999999999644,-9.80851275041282));
#1750=CARTESIAN_POINT('Ctrl Pts',(-16.5,-5.33534902997446,-9.33823417762832));
#1751=CARTESIAN_POINT('Ctrl Pts',(-16.5,-7.34855337325784,-8.03435276227331));
#1752=CARTESIAN_POINT('Ctrl Pts',(-16.5,-9.56571634278028,-5.20048469571669));
#1753=CARTESIAN_POINT('Ctrl Pts',(-16.5,-10.7384046560434,-1.79906899853935));
#1754=CARTESIAN_POINT('Ctrl Pts',(-16.5,-10.7383695007105,1.79901519545139));
#1755=CARTESIAN_POINT('Ctrl Pts',(-16.5,-9.56574460451879,5.20051889285374));
#1756=CARTESIAN_POINT('Ctrl Pts',(-16.5,-7.34857432642337,8.03426023955224));
#1757=CARTESIAN_POINT('Ctrl Pts',(-16.5,-5.33534902997446,9.33823417762832));
#1758=CARTESIAN_POINT('Ctrl Pts',(-16.5,-4.24999999999644,9.80851275041282));
#1759=CARTESIAN_POINT('Origin',(-14.5,-4.24999999999644,-9.80851275041281));
#1760=CARTESIAN_POINT('Origin',(-14.5,-4.24999999999644,-9.80851275041281));
#1761=CARTESIAN_POINT('Ctrl Pts',(-14.5,-1.80051025719551,11.1348484572633));
#1762=CARTESIAN_POINT('Ctrl Pts',(-14.4999999999975,-1.86976818869146,11.0788532560191));
#1763=CARTESIAN_POINT('Ctrl Pts',(-14.5293484071752,-2.00525760486571,10.8914628603461));
#1764=CARTESIAN_POINT('Ctrl Pts',(-14.6419425532944,-2.16664382567469,10.4706292500121));
#1765=CARTESIAN_POINT('Ctrl Pts',(-14.7756114973608,-2.25529366768616,10.0862050865299));
#1766=CARTESIAN_POINT('Ctrl Pts',(-14.8681720979954,-2.28391136247869,9.87471236816747));
#1767=CARTESIAN_POINT('Ctrl Pts',(-14.9,-2.2904082057699,9.8085127504128));
#1768=CARTESIAN_POINT('Ctrl Pts',(-14.4999999999986,-1.83971025470671,11.3772719758815));
#1769=CARTESIAN_POINT('Ctrl Pts',(-14.5054382442726,-1.92674907632504,11.3226641446928));
#1770=CARTESIAN_POINT('Ctrl Pts',(-14.5610360323868,-2.09425545249014,11.1422466419207));
#1771=CARTESIAN_POINT('Ctrl Pts',(-14.7353925265693,-2.26351866678746,10.7443766805739));
#1772=CARTESIAN_POINT('Ctrl Pts',(-14.9079082804855,-2.32042989451531,10.3902072482759));
#1773=CARTESIAN_POINT('Ctrl Pts',(-15.0033670405811,-2.3205630941151,10.2009079873369));
#1774=CARTESIAN_POINT('Ctrl Pts',(-15.0332562841553,-2.31760903086989,10.1421995299973));
#1775=CARTESIAN_POINT('Ctrl Pts',(-14.4086162365111,-1.9180962236544,11.8620322720514));
#1776=CARTESIAN_POINT('Ctrl Pts',(-14.4217317168031,-2.0534163282145,11.810196880605));
#1777=CARTESIAN_POINT('Ctrl Pts',(-14.5224686679017,-2.31260365552808,11.6436908022275));
#1778=CARTESIAN_POINT('Ctrl Pts',(-14.8188154857642,-2.55574793176697,11.2916474395576));
#1779=CARTESIAN_POINT('Ctrl Pts',(-15.0917966146218,-2.60687678660243,10.9978543080375));
#1780=CARTESIAN_POINT('Ctrl Pts',(-15.2222050084069,-2.57995814012928,10.8527825339668));
#1781=CARTESIAN_POINT('Ctrl Pts',(-15.2597515804833,-2.56697636096381,10.8090440572809));
#1782=CARTESIAN_POINT('Ctrl Pts',(-14.0152480779483,-2.01992162905935,12.4917484616845));
#1783=CARTESIAN_POINT('Ctrl Pts',(-14.0294518497342,-2.25540624354066,12.4402074917757));
#1784=CARTESIAN_POINT('Ctrl Pts',(-14.1688585609802,-2.71284191869843,12.2788653437094));
#1785=CARTESIAN_POINT('Ctrl Pts',(-14.6113062499104,-3.20309976030931,11.9481215550542));
#1786=CARTESIAN_POINT('Ctrl Pts',(-15.0580054994914,-3.3991228202888,11.6839023716061));
#1787=CARTESIAN_POINT('Ctrl Pts',(-15.3057501428716,-3.42293180788349,11.5609838225242));
#1788=CARTESIAN_POINT('Ctrl Pts',(-15.3829178455593,-3.4221552009227,11.5247647098833));
#1789=CARTESIAN_POINT('Ctrl Pts',(-13.5181416388415,-2.08022407567503,12.8646753040896));
#1790=CARTESIAN_POINT('Ctrl Pts',(-13.525916095207,-2.41074140558689,12.8077370110664));
#1791=CARTESIAN_POINT('Ctrl Pts',(-13.6752610844365,-3.05738633385187,12.6276182862639));
#1792=CARTESIAN_POINT('Ctrl Pts',(-14.1992361738858,-3.80985402404662,12.2471594317191));
#1793=CARTESIAN_POINT('Ctrl Pts',(-14.7812430293878,-4.19664408740801,11.9247193694256));
#1794=CARTESIAN_POINT('Ctrl Pts',(-15.1523133760787,-4.30744827803884,11.7621109041019));
#1795=CARTESIAN_POINT('Ctrl Pts',(-15.2757081680438,-4.33064907032719,11.7128385443779));
#1796=CARTESIAN_POINT('Ctrl Pts',(-13.1736249834622,-2.10174920739918,12.9977926129048));
#1797=CARTESIAN_POINT('Ctrl Pts',(-13.1756454850794,-2.48862661255173,12.9346362767244));
#1798=CARTESIAN_POINT('Ctrl Pts',(-13.324474766742,-3.24651743326272,12.7311348738176));
#1799=CARTESIAN_POINT('Ctrl Pts',(-13.8827931024756,-4.15126194019162,12.2876907623141));
#1800=CARTESIAN_POINT('Ctrl Pts',(-14.5354448384155,-4.64908389772156,11.8935238970247));
#1801=CARTESIAN_POINT('Ctrl Pts',(-14.979308564948,-4.81105423187155,11.6835107620808));
#1802=CARTESIAN_POINT('Ctrl Pts',(-15.1308568391592,-4.84828882527622,11.6186318424305));
#1803=CARTESIAN_POINT('Ctrl Pts',(-13.0556730782161,-2.10719480321587,13.0314696686111));
#1804=CARTESIAN_POINT('Ctrl Pts',(-13.0556730782037,-2.51246867697534,12.9659366917225));
#1805=CARTESIAN_POINT('Ctrl Pts',(-13.2039007322279,-3.30645898046954,12.7533427064734));
#1806=CARTESIAN_POINT('Ctrl Pts',(-13.772540665171,-4.25975199845881,12.2856355383424));
#1807=CARTESIAN_POINT('Ctrl Pts',(-14.4475543587013,-4.79228830796229,11.8643562555447));
#1808=CARTESIAN_POINT('Ctrl Pts',(-14.9149339907031,-4.96998667963104,11.6366235422171));
#1809=CARTESIAN_POINT('Ctrl Pts',(-15.0756422808905,-5.01151107460981,11.5659930056909));
#1810=CARTESIAN_POINT('',(-14.9,-2.2904082057699,9.8085127504128));
#1811=CARTESIAN_POINT('Origin',(-14.5,-4.24999999999645,9.8085127504128));
#1812=CARTESIAN_POINT('',(-14.5,-1.80051025720439,11.1348484572633));
#1813=CARTESIAN_POINT('Ctrl Pts',(-14.9,-2.2904082057699,9.8085127504128));
#1814=CARTESIAN_POINT('Ctrl Pts',(-14.8681720979954,-2.28391136247869,9.87471236816747));
#1815=CARTESIAN_POINT('Ctrl Pts',(-14.7756114973608,-2.25529366768616,10.0862050865299));
#1816=CARTESIAN_POINT('Ctrl Pts',(-14.6419425532944,-2.16664382567469,10.4706292500121));
#1817=CARTESIAN_POINT('Ctrl Pts',(-14.5293484071752,-2.00525760486571,10.8914628603461));
#1818=CARTESIAN_POINT('Ctrl Pts',(-14.4999999999975,-1.86976818869146,11.0788532560191));
#1819=CARTESIAN_POINT('Ctrl Pts',(-14.5,-1.80051025719551,11.1348484572633));
#1820=CARTESIAN_POINT('',(-13.0556730782161,-2.10719480321588,13.0314696686111));
#1821=CARTESIAN_POINT('Origin',(-12.5,-1.80051025712453,11.1348484572633));
#1822=CARTESIAN_POINT('Ctrl Pts',(-13.0556730782161,-2.10719480321587,13.0314696686111));
#1823=CARTESIAN_POINT('Ctrl Pts',(-13.0556730782037,-2.51246867697534,12.9659366917225));
#1824=CARTESIAN_POINT('Ctrl Pts',(-13.2039007322279,-3.30645898046954,12.7533427064734));
#1825=CARTESIAN_POINT('Ctrl Pts',(-13.772540665171,-4.25975199845881,12.2856355383424));
#1826=CARTESIAN_POINT('Ctrl Pts',(-14.4475543587013,-4.79228830796229,11.8643562555447));
#1827=CARTESIAN_POINT('Ctrl Pts',(-14.9149339907031,-4.96998667963104,11.6366235422171));
#1828=CARTESIAN_POINT('Ctrl Pts',(-15.0756422808905,-5.01151107460981,11.5659930056909));
#1829=CARTESIAN_POINT('Ctrl Pts',(-13.0556730782161,-2.10719480325906,13.0314696686041));
#1830=CARTESIAN_POINT('Ctrl Pts',(-13.0556730782161,-0.714484029187304,
13.2566716588783));
#1831=CARTESIAN_POINT('Ctrl Pts',(-13.0556730782161,0.714484029151856,13.2566716588802));
#1832=CARTESIAN_POINT('Ctrl Pts',(-13.0556730782161,2.10719480322421,13.0314696686098));
#1833=CARTESIAN_POINT('Ctrl Pts',(-13.2915768887093,-2.09630361161655,12.9641155571927));
#1834=CARTESIAN_POINT('Ctrl Pts',(-13.2915768887093,-0.71077501628265,13.1881561857711));
#1835=CARTESIAN_POINT('Ctrl Pts',(-13.2915768887093,0.710775016247382,13.188156185773));
#1836=CARTESIAN_POINT('Ctrl Pts',(-13.2915768887093,2.09630361158189,12.9641155571983));
#1837=CARTESIAN_POINT('Ctrl Pts',(-13.7374540438459,-2.0604911795746,12.7426416710614));
#1838=CARTESIAN_POINT('Ctrl Pts',(-13.7374540438459,-0.698649343310485,
12.9628521395053));
#1839=CARTESIAN_POINT('Ctrl Pts',(-13.7374540438459,0.698649343275823,12.9628521395072));
#1840=CARTESIAN_POINT('Ctrl Pts',(-13.7374540438459,2.06049117954053,12.7426416710669));
#1841=CARTESIAN_POINT('Ctrl Pts',(-14.3262877837947,-1.9571734187329,12.1036963469013));
#1842=CARTESIAN_POINT('Ctrl Pts',(-14.3262877837947,-0.663627658578387,
12.3128633075659));
#1843=CARTESIAN_POINT('Ctrl Pts',(-14.3262877837947,0.663627658545461,12.3128633075677));
#1844=CARTESIAN_POINT('Ctrl Pts',(-14.3262877837947,1.95717341870053,12.1036963469065));
#1845=CARTESIAN_POINT('Ctrl Pts',(-14.5,-1.85931025343337,11.4984837351855));
#1846=CARTESIAN_POINT('Ctrl Pts',(-14.5,-0.63041322138564,11.6971969659664));
#1847=CARTESIAN_POINT('Ctrl Pts',(-14.5,0.63041322135436,11.697196965968));
#1848=CARTESIAN_POINT('Ctrl Pts',(-14.5,1.85931025340262,11.4984837351904));
#1849=CARTESIAN_POINT('Ctrl Pts',(-14.5,-1.80051025716143,11.1348484572573));
#1850=CARTESIAN_POINT('Ctrl Pts',(-14.5,-0.610496865852236,11.3272741849568));
#1851=CARTESIAN_POINT('Ctrl Pts',(-14.5,0.610496865821945,11.3272741849585));
#1852=CARTESIAN_POINT('Ctrl Pts',(-14.5,1.80051025713165,11.1348484572621));
#1853=CARTESIAN_POINT('',(-14.5,0.648083649166725,11.2608469899757));
#1854=CARTESIAN_POINT('',(-14.5,-0.648083649158638,11.2608469899762));
#1855=CARTESIAN_POINT('Ctrl Pts',(-14.5,-0.648083648171576,11.2608469902224));
#1856=CARTESIAN_POINT('Ctrl Pts',(-14.5,-0.491074409311027,11.3360667947424));
#1857=CARTESIAN_POINT('Ctrl Pts',(-14.4971827835691,-0.322108388971735,
11.3834279189182));
#1858=CARTESIAN_POINT('Ctrl Pts',(-14.4955286123808,-0.00966053271580988,
11.4145270108438));
#1859=CARTESIAN_POINT('Ctrl Pts',(-14.4959322220633,0.130453001548461,11.4088968026812));
#1860=CARTESIAN_POINT('Ctrl Pts',(-14.4982219856346,0.399535855284724,11.3600761457258));
#1861=CARTESIAN_POINT('Ctrl Pts',(-14.5,0.527421261317189,11.318653786934));
#1862=CARTESIAN_POINT('Ctrl Pts',(-14.5,0.648083648179661,11.260846990222));
#1863=CARTESIAN_POINT('',(-14.5,1.80051025717601,11.1348484572621));
#1864=CARTESIAN_POINT('Ctrl Pts',(-14.5,0.648087295659833,11.2606089290582));
#1865=CARTESIAN_POINT('Ctrl Pts',(-14.5,1.03405210212848,11.238479327676));
#1866=CARTESIAN_POINT('Ctrl Pts',(-14.5,1.41887430900158,11.1965591704106));
#1867=CARTESIAN_POINT('Ctrl Pts',(-14.5,1.80051025713165,11.1348484572621));
#1868=CARTESIAN_POINT('',(-13.0556730782161,2.10719480322421,13.0314696686098));
#1869=CARTESIAN_POINT('Origin',(-12.5,1.80051025713165,11.1348484572621));
#1870=CARTESIAN_POINT('Ctrl Pts',(-13.0556730782161,2.10719480322421,13.0314696686098));
#1871=CARTESIAN_POINT('Ctrl Pts',(-13.0556730782161,0.714484029151856,13.2566716588802));
#1872=CARTESIAN_POINT('Ctrl Pts',(-13.0556730782161,-0.714484029187304,
13.2566716588783));
#1873=CARTESIAN_POINT('Ctrl Pts',(-13.0556730782161,-2.10719480325906,13.0314696686041));
#1874=CARTESIAN_POINT('Ctrl Pts',(-14.5,-1.80051025716143,11.1348484572573));
#1875=CARTESIAN_POINT('Ctrl Pts',(-14.5,-1.41887430901893,11.1965591704089));
#1876=CARTESIAN_POINT('Ctrl Pts',(-14.5,-1.03405210213314,11.238479327676));
#1877=CARTESIAN_POINT('Ctrl Pts',(-14.5,-0.648087295651746,11.2606089290587));
#1878=CARTESIAN_POINT('Ctrl Pts',(-14.9,2.29040820577701,9.80851275040973));
#1879=CARTESIAN_POINT('Ctrl Pts',(-14.8681720979957,2.28391136248587,9.87471236816377));
#1880=CARTESIAN_POINT('Ctrl Pts',(-14.775611497362,2.25529366769371,10.0862050865242));
#1881=CARTESIAN_POINT('Ctrl Pts',(-14.6419425532967,2.16664382568367,10.4706292500025));
#1882=CARTESIAN_POINT('Ctrl Pts',(-14.5293484071775,2.00525760487739,10.8914628603344));
#1883=CARTESIAN_POINT('Ctrl Pts',(-14.4999999999986,1.86976818870517,11.0788532560097));
#1884=CARTESIAN_POINT('Ctrl Pts',(-14.5,1.80051025721001,11.1348484572562));
#1885=CARTESIAN_POINT('Ctrl Pts',(-15.0332562841554,2.31760903087703,10.1421995299943));
#1886=CARTESIAN_POINT('Ctrl Pts',(-15.0033670405815,2.32056309412222,10.2009079873334));
#1887=CARTESIAN_POINT('Ctrl Pts',(-14.9079082804869,2.32042989452255,10.3902072482704));
#1888=CARTESIAN_POINT('Ctrl Pts',(-14.7353925265725,2.26351866679616,10.7443766805649));
#1889=CARTESIAN_POINT('Ctrl Pts',(-14.5610360323907,2.09425545250261,11.1422466419095));
#1890=CARTESIAN_POINT('Ctrl Pts',(-14.5054382442747,1.92674907634052,11.3226641446837));
#1891=CARTESIAN_POINT('Ctrl Pts',(-14.4999999999992,1.83971025472326,11.3772719758745));
#1892=CARTESIAN_POINT('Ctrl Pts',(-15.2597515804837,2.56697636097114,10.8090440572781));
#1893=CARTESIAN_POINT('Ctrl Pts',(-15.2222050084076,2.57995814013651,10.8527825339636));
#1894=CARTESIAN_POINT('Ctrl Pts',(-15.091796614624,2.60687678660958,10.9978543080327));
#1895=CARTESIAN_POINT('Ctrl Pts',(-14.8188154857697,2.55574793177619,11.2916474395496));
#1896=CARTESIAN_POINT('Ctrl Pts',(-14.5224686679084,2.31260365554347,11.6436908022171));
#1897=CARTESIAN_POINT('Ctrl Pts',(-14.421731716807,2.05341632823482,11.8101968805964));
#1898=CARTESIAN_POINT('Ctrl Pts',(-14.4086162365125,1.9180962236764,11.8620322720446));
#1899=CARTESIAN_POINT('Ctrl Pts',(-15.3829178455597,3.42215520093058,11.5247647098805));
#1900=CARTESIAN_POINT('Ctrl Pts',(-15.3057501428728,3.42293180789138,11.560983822521));
#1901=CARTESIAN_POINT('Ctrl Pts',(-15.0580054994953,3.39912282029723,11.6839023716016));
#1902=CARTESIAN_POINT('Ctrl Pts',(-14.6113062499188,3.20309976032199,11.9481215550467));
#1903=CARTESIAN_POINT('Ctrl Pts',(-14.1688585609901,2.7128419187211,12.2788653436994));
#1904=CARTESIAN_POINT('Ctrl Pts',(-14.0294518497394,2.255406243571,12.4402074917672));
#1905=CARTESIAN_POINT('Ctrl Pts',(-14.0152480779498,2.01992162909244,12.4917484616777));
#1906=CARTESIAN_POINT('Ctrl Pts',(-15.275708168044,4.33064907033548,11.7128385443747));
#1907=CARTESIAN_POINT('Ctrl Pts',(-15.1523133760802,4.30744827804736,11.7621109040982));
#1908=CARTESIAN_POINT('Ctrl Pts',(-14.781243029393,4.19664408741806,11.9247193694203));
#1909=CARTESIAN_POINT('Ctrl Pts',(-14.1992361738962,3.80985402406325,12.2471594317103));
#1910=CARTESIAN_POINT('Ctrl Pts',(-13.6752610844476,3.05738633388167,12.6276182862528));
#1911=CARTESIAN_POINT('Ctrl Pts',(-13.5259160952124,2.41074140562662,12.807737011057));
#1912=CARTESIAN_POINT('Ctrl Pts',(-13.5181416388424,2.08022407571847,12.8646753040822));
#1913=CARTESIAN_POINT('Ctrl Pts',(-15.1308568391592,4.8482888252846,11.618631842427));
#1914=CARTESIAN_POINT('Ctrl Pts',(-14.9793085649496,4.8110542318803,11.6835107620767));
#1915=CARTESIAN_POINT('Ctrl Pts',(-14.5354448384214,4.64908389773243,11.8935238970185));
#1916=CARTESIAN_POINT('Ctrl Pts',(-13.8827931024869,4.15126194021044,12.287690762304));
#1917=CARTESIAN_POINT('Ctrl Pts',(-13.3244747667536,3.24651743329661,12.731134873805));
#1918=CARTESIAN_POINT('Ctrl Pts',(-13.1756454850847,2.48862661259694,12.934636276714));
#1919=CARTESIAN_POINT('Ctrl Pts',(-13.1736249834624,2.10174920744872,12.9977926128968));
#1920=CARTESIAN_POINT('Ctrl Pts',(-15.0756422808905,5.0115110746182,11.5659930056873));
#1921=CARTESIAN_POINT('Ctrl Pts',(-14.9149339907047,4.96998667963984,11.6366235422128));
#1922=CARTESIAN_POINT('Ctrl Pts',(-14.4475543587075,4.79228830797339,11.8643562555382));
#1923=CARTESIAN_POINT('Ctrl Pts',(-13.7725406651825,4.25975199847831,12.2856355383317));
#1924=CARTESIAN_POINT('Ctrl Pts',(-13.2039007322396,3.30645898050473,12.7533427064602));
#1925=CARTESIAN_POINT('Ctrl Pts',(-13.0556730782088,2.51246867702232,12.9659366917118));
#1926=CARTESIAN_POINT('Ctrl Pts',(-13.0556730782161,2.1071948032674,13.0314696686028));
#1927=CARTESIAN_POINT('',(-14.9,2.29040820577701,9.80851275040973));
#1928=CARTESIAN_POINT('Ctrl Pts',(-14.5,1.80051025721001,11.1348484572562));
#1929=CARTESIAN_POINT('Ctrl Pts',(-14.4999999999986,1.86976818870517,11.0788532560097));
#1930=CARTESIAN_POINT('Ctrl Pts',(-14.5293484071775,2.00525760487739,10.8914628603344));
#1931=CARTESIAN_POINT('Ctrl Pts',(-14.6419425532967,2.16664382568367,10.4706292500025));
#1932=CARTESIAN_POINT('Ctrl Pts',(-14.775611497362,2.25529366769371,10.0862050865242));
#1933=CARTESIAN_POINT('Ctrl Pts',(-14.8681720979957,2.28391136248587,9.87471236816377));
#1934=CARTESIAN_POINT('Ctrl Pts',(-14.9,2.29040820577701,9.80851275040973));
#1935=CARTESIAN_POINT('Origin',(-14.5,4.25000000000356,9.80851275040973));
#1936=CARTESIAN_POINT('Ctrl Pts',(-15.0756422808905,5.0115110746182,11.5659930056873));
#1937=CARTESIAN_POINT('Ctrl Pts',(-14.9149339907047,4.96998667963984,11.6366235422128));
#1938=CARTESIAN_POINT('Ctrl Pts',(-14.4475543587075,4.79228830797339,11.8643562555382));
#1939=CARTESIAN_POINT('Ctrl Pts',(-13.7725406651825,4.25975199847831,12.2856355383317));
#1940=CARTESIAN_POINT('Ctrl Pts',(-13.2039007322396,3.30645898050473,12.7533427064602));
#1941=CARTESIAN_POINT('Ctrl Pts',(-13.0556730782088,2.51246867702232,12.9659366917118));
#1942=CARTESIAN_POINT('Ctrl Pts',(-13.0556730782161,2.1071948032674,13.0314696686028));
#1943=CARTESIAN_POINT('Origin',(-14.5,-4.24999999999644,9.80851275041282));
#1944=CARTESIAN_POINT('Origin',(-14.5,-4.24999999999644,9.80851275041282));
#1945=CARTESIAN_POINT('Origin',(-14.5,4.25000000000356,9.80851275040973));
#1946=CARTESIAN_POINT('Origin',(-14.5,4.25000000000356,9.80851275040973));
#1947=CARTESIAN_POINT('Ctrl Pts',(-22.0373086283138,10.3805623939009,0.));
#1948=CARTESIAN_POINT('Ctrl Pts',(-22.0373086283138,10.3805623939009,-10.3805623939009));
#1949=CARTESIAN_POINT('Ctrl Pts',(-22.0373086283138,-2.69879194734869E-15,
-10.3805623939009));
#1950=CARTESIAN_POINT('Ctrl Pts',(-22.0373086283138,-10.3805623939009,-10.3805623939009));
#1951=CARTESIAN_POINT('Ctrl Pts',(-22.0373086283138,-10.3805623939009,0.));
#1952=CARTESIAN_POINT('Ctrl Pts',(-22.0373086283138,-10.3805623939009,10.3805623939009));
#1953=CARTESIAN_POINT('Ctrl Pts',(-22.0373086283138,-2.69879194734869E-15,
10.3805623939009));
#1954=CARTESIAN_POINT('Ctrl Pts',(-22.0373086283138,10.3805623939009,10.3805623939009));
#1955=CARTESIAN_POINT('Ctrl Pts',(-22.0373086283138,10.3805623939009,0.));
#1956=CARTESIAN_POINT('Ctrl Pts',(-20.4153582564514,10.9290929811114,0.));
#1957=CARTESIAN_POINT('Ctrl Pts',(-20.4153582564514,10.9290929811114,-10.9290929811114));
#1958=CARTESIAN_POINT('Ctrl Pts',(-20.4153582564514,-2.50016031422097E-15,
-10.9290929811114));
#1959=CARTESIAN_POINT('Ctrl Pts',(-20.4153582564514,-10.9290929811114,-10.9290929811114));
#1960=CARTESIAN_POINT('Ctrl Pts',(-20.4153582564514,-10.9290929811114,0.));
#1961=CARTESIAN_POINT('Ctrl Pts',(-20.4153582564514,-10.9290929811114,10.9290929811114));
#1962=CARTESIAN_POINT('Ctrl Pts',(-20.4153582564514,-2.50016031422097E-15,
10.9290929811114));
#1963=CARTESIAN_POINT('Ctrl Pts',(-20.4153582564514,10.9290929811114,10.9290929811114));
#1964=CARTESIAN_POINT('Ctrl Pts',(-20.4153582564514,10.9290929811114,0.));
#1965=CARTESIAN_POINT('Ctrl Pts',(-18.8035657674894,11.4534124532374,0.));
#1966=CARTESIAN_POINT('Ctrl Pts',(-18.8035657674894,11.4534124532374,-11.4534124532374));
#1967=CARTESIAN_POINT('Ctrl Pts',(-18.8035657674894,-2.30277266297127E-15,
-11.4534124532374));
#1968=CARTESIAN_POINT('Ctrl Pts',(-18.8035657674894,-11.4534124532374,-11.4534124532374));
#1969=CARTESIAN_POINT('Ctrl Pts',(-18.8035657674894,-11.4534124532374,0.));
#1970=CARTESIAN_POINT('Ctrl Pts',(-18.8035657674894,-11.4534124532374,11.4534124532374));
#1971=CARTESIAN_POINT('Ctrl Pts',(-18.8035657674894,-2.30277266297127E-15,
11.4534124532374));
#1972=CARTESIAN_POINT('Ctrl Pts',(-18.8035657674894,11.4534124532374,11.4534124532374));
#1973=CARTESIAN_POINT('Ctrl Pts',(-18.8035657674894,11.4534124532374,0.));
#1974=CARTESIAN_POINT('Ctrl Pts',(-17.2019373066436,11.9535303573093,0.));
#1975=CARTESIAN_POINT('Ctrl Pts',(-17.2019373066436,11.9535303573093,-11.9535303573093));
#1976=CARTESIAN_POINT('Ctrl Pts',(-17.2019373066436,-2.10662974617145E-15,
-11.9535303573093));
#1977=CARTESIAN_POINT('Ctrl Pts',(-17.2019373066436,-11.9535303573093,-11.9535303573093));
#1978=CARTESIAN_POINT('Ctrl Pts',(-17.2019373066436,-11.9535303573093,0.));
#1979=CARTESIAN_POINT('Ctrl Pts',(-17.2019373066436,-11.9535303573093,11.9535303573093));
#1980=CARTESIAN_POINT('Ctrl Pts',(-17.2019373066436,-2.10662974617145E-15,
11.9535303573093));
#1981=CARTESIAN_POINT('Ctrl Pts',(-17.2019373066436,11.9535303573093,11.9535303573093));
#1982=CARTESIAN_POINT('Ctrl Pts',(-17.2019373066436,11.9535303573093,0.));
#1983=CARTESIAN_POINT('Ctrl Pts',(-11.2594022831919,13.8091218589943,0.));
#1984=CARTESIAN_POINT('Ctrl Pts',(-11.2594022831919,13.8091218589943,-13.8091218589943));
#1985=CARTESIAN_POINT('Ctrl Pts',(-11.2594022831919,-1.37887909664233E-15,
-13.8091218589943));
#1986=CARTESIAN_POINT('Ctrl Pts',(-11.2594022831919,-13.8091218589943,-13.8091218589943));
#1987=CARTESIAN_POINT('Ctrl Pts',(-11.2594022831919,-13.8091218589943,0.));
#1988=CARTESIAN_POINT('Ctrl Pts',(-11.2594022831919,-13.8091218589943,13.8091218589943));
#1989=CARTESIAN_POINT('Ctrl Pts',(-11.2594022831919,-1.37887909664233E-15,
13.8091218589943));
#1990=CARTESIAN_POINT('Ctrl Pts',(-11.2594022831919,13.8091218589943,13.8091218589943));
#1991=CARTESIAN_POINT('Ctrl Pts',(-11.2594022831919,13.8091218589943,0.));
#1992=CARTESIAN_POINT('Ctrl Pts',(-5.45680279264276,15.3315287430062,0.));
#1993=CARTESIAN_POINT('Ctrl Pts',(-5.45680279264276,15.3315287430061,-15.3315287430061));
#1994=CARTESIAN_POINT('Ctrl Pts',(-5.45680279264276,-6.68265607358829E-16,
-15.3315287430062));
#1995=CARTESIAN_POINT('Ctrl Pts',(-5.45680279264275,-15.3315287430061,-15.3315287430061));
#1996=CARTESIAN_POINT('Ctrl Pts',(-5.45680279264275,-15.3315287430062,0.));
#1997=CARTESIAN_POINT('Ctrl Pts',(-5.45680279264275,-15.3315287430061,15.3315287430061));
#1998=CARTESIAN_POINT('Ctrl Pts',(-5.45680279264276,-6.68265607358829E-16,
15.3315287430062));
#1999=CARTESIAN_POINT('Ctrl Pts',(-5.45680279264276,15.3315287430061,15.3315287430061));
#2000=CARTESIAN_POINT('Ctrl Pts',(-5.45680279264276,15.3315287430062,0.));
#2001=CARTESIAN_POINT('Ctrl Pts',(0.205638161392699,16.5213719058912,0.));
#2002=CARTESIAN_POINT('Ctrl Pts',(0.205638161392699,16.5213719058912,-16.5213719058912));
#2003=CARTESIAN_POINT('Ctrl Pts',(0.205638161392701,2.51834116132118E-17,
-16.5213719058912));
#2004=CARTESIAN_POINT('Ctrl Pts',(0.205638161392703,-16.5213719058912,-16.5213719058912));
#2005=CARTESIAN_POINT('Ctrl Pts',(0.205638161392703,-16.5213719058912,0.));
#2006=CARTESIAN_POINT('Ctrl Pts',(0.205638161392703,-16.5213719058912,16.5213719058912));
#2007=CARTESIAN_POINT('Ctrl Pts',(0.205638161392701,2.51834116132118E-17,
16.5213719058912));
#2008=CARTESIAN_POINT('Ctrl Pts',(0.205638161392699,16.5213719058912,16.5213719058912));
#2009=CARTESIAN_POINT('Ctrl Pts',(0.205638161392699,16.5213719058912,0.));
#2010=CARTESIAN_POINT('',(-8.41709623134526,12.9400154432334,6.49999999999995));
#2011=CARTESIAN_POINT('Ctrl Pts',(-12.1698729810778,13.4547114349744,4.9960036108132E-15));
#2012=CARTESIAN_POINT('Ctrl Pts',(-11.6719428353909,13.5962252731227,0.862440310949855));
#2013=CARTESIAN_POINT('Ctrl Pts',(-11.1679494226371,13.6544163320712,1.73538250851943));
#2014=CARTESIAN_POINT('Ctrl Pts',(-9.90453827961976,13.5903923145693,3.9236747990742));
#2015=CARTESIAN_POINT('Ctrl Pts',(-9.14698785126012,13.3606102790974,5.23579063028867));
#2016=CARTESIAN_POINT('Ctrl Pts',(-8.41709623134526,12.9400154432334,6.49999999999995));
#2017=CARTESIAN_POINT('',(-6.68504542377635,12.9056786153316,7.5));
#2018=CARTESIAN_POINT('Ctrl Pts',(-6.68504542377635,12.9056786153316,7.5));
#2019=CARTESIAN_POINT('Ctrl Pts',(-6.82096393798736,12.8660146835873,7.5));
#2020=CARTESIAN_POINT('Ctrl Pts',(-6.95829556126807,12.8337749326363,7.486155739657));
#2021=CARTESIAN_POINT('Ctrl Pts',(-7.23501425698916,12.7859365081532,7.42821819632496));
#2022=CARTESIAN_POINT('Ctrl Pts',(-7.37241275408891,12.7711287688899,7.38376504005353));
#2023=CARTESIAN_POINT('Ctrl Pts',(-7.69604267526786,12.75860447516,7.23835297878997));
#2024=CARTESIAN_POINT('Ctrl Pts',(-7.87155016428019,12.771660421255,7.1233718995464));
#2025=CARTESIAN_POINT('Ctrl Pts',(-8.18281793997346,12.8327761168452,6.84220939243582));
#2026=CARTESIAN_POINT('Ctrl Pts',(-8.31419185650724,12.8807175317849,6.67823560554052));
#2027=CARTESIAN_POINT('Ctrl Pts',(-8.41709623134527,12.9400154432334,6.49999999999995));
#2028=CARTESIAN_POINT('',(2.47176523945867E-15,14.6722667919215,7.50000000807616));
#2029=CARTESIAN_POINT('Ctrl Pts',(-6.68504542377635,12.9056786153316,7.5));
#2030=CARTESIAN_POINT('Ctrl Pts',(-4.47467513469076,13.5507119780401,7.5));
#2031=CARTESIAN_POINT('Ctrl Pts',(-2.23749864954752,14.1409852501171,7.5));
#2032=CARTESIAN_POINT('Ctrl Pts',(-1.85583548528712E-9,14.6722667997373,
7.5));
#2033=CARTESIAN_POINT('',(2.47162743563053E-15,-14.6722668001781,7.49999999999995));
#2034=CARTESIAN_POINT('Ctrl Pts',(-2.46899890316936E-15,-14.672266800178,
7.49999999999994));
#2035=CARTESIAN_POINT('Ctrl Pts',(-2.5399229168032E-15,-14.0931282789063,
8.63296998644781));
#2036=CARTESIAN_POINT('Ctrl Pts',(-2.64762872116084E-15,-13.3833677909371,
9.69766175454183));
#2037=CARTESIAN_POINT('Ctrl Pts',(-2.91918015666009E-15,-11.1659820460161,
12.3065111178308));
#2038=CARTESIAN_POINT('Ctrl Pts',(-3.18816934134481E-15,-9.4703315933671,
13.6543835619525));
#2039=CARTESIAN_POINT('Ctrl Pts',(-3.65506809477317E-15,-5.6578139453935,
15.6242923777225));
#2040=CARTESIAN_POINT('Ctrl Pts',(-3.98509471814705E-15,-3.57739649676616,
16.2274953474087));
#2041=CARTESIAN_POINT('Ctrl Pts',(-4.50862525178003E-15,0.697554729967019,
16.6024934375517));
#2042=CARTESIAN_POINT('Ctrl Pts',(-4.85027115557563E-15,2.85121764431686,
16.3707033718769));
#2043=CARTESIAN_POINT('Ctrl Pts',(-5.3520400522264E-15,6.94847161991308,
15.09463855455));
#2044=CARTESIAN_POINT('Ctrl Pts',(-5.65414720812287E-15,8.85289069997681,
14.0625636780606));
#2045=CARTESIAN_POINT('Ctrl Pts',(-5.97120108560304E-15,11.4418320804705,
11.9199746404883));
#2046=CARTESIAN_POINT('Ctrl Pts',(-6.10602454626708E-15,12.2892336448898,
11.0442769436879));
#2047=CARTESIAN_POINT('Ctrl Pts',(-6.27369717319857E-15,13.6583845465884,
9.2746734663022));
#2048=CARTESIAN_POINT('Ctrl Pts',(2.53042985303276E-15,14.2072265576731,
8.40975926564233));
#2049=CARTESIAN_POINT('Ctrl Pts',(2.47347884959806E-15,14.6722667919215,
7.50000001615231));
#2050=CARTESIAN_POINT('',(-13.0358983848615,-10.8701643712238,7.5));
#2051=CARTESIAN_POINT('Ctrl Pts',(8.47855785579554E-9,-14.6722668021912,
7.5));
#2052=CARTESIAN_POINT('Ctrl Pts',(-2.74147993300816,-14.0213177110844,7.5));
#2053=CARTESIAN_POINT('Ctrl Pts',(-5.48196627192424,-13.2819800373428,7.49999999999999));
#2054=CARTESIAN_POINT('Ctrl Pts',(-9.79192868514971,-11.968542285773,7.49999999999999));
#2055=CARTESIAN_POINT('Ctrl Pts',(-11.4233832303606,-11.4365604189409,7.5));
#2056=CARTESIAN_POINT('Ctrl Pts',(-13.0358983848615,-10.8701643712235,7.5));
#2057=CARTESIAN_POINT('',(-14.7679491924311,-11.873103011466,4.49999999999999));
#2058=CARTESIAN_POINT('Ctrl Pts',(-14.7679491924311,-11.873103011466,4.49999999999999));
#2059=CARTESIAN_POINT('Ctrl Pts',(-14.790321810645,-11.8512666508703,4.53875051144471));
#2060=CARTESIAN_POINT('Ctrl Pts',(-14.8113919797118,-11.8293143424404,4.578248296893));
#2061=CARTESIAN_POINT('Ctrl Pts',(-14.9033167015357,-11.7265619439714,4.76544286562629));
#2062=CARTESIAN_POINT('Ctrl Pts',(-14.9570834805047,-11.6450006879435,4.92057574433941));
#2063=CARTESIAN_POINT('Ctrl Pts',(-15.0122367951476,-11.5140300117766,5.17754147758399));
#2064=CARTESIAN_POINT('Ctrl Pts',(-15.025854330681,-11.4646064221225,5.27634462287177));
#2065=CARTESIAN_POINT('Ctrl Pts',(-15.0373115961372,-11.3740286465971,5.46061067261813));
#2066=CARTESIAN_POINT('Ctrl Pts',(-15.0371944914841,-11.332762126511,5.54582512343737));
#2067=CARTESIAN_POINT('Ctrl Pts',(-15.0252229801444,-11.2458336543203,5.72820355699854));
#2068=CARTESIAN_POINT('Ctrl Pts',(-15.0117141334439,-11.2003836293498,5.82533019035037));
#2069=CARTESIAN_POINT('Ctrl Pts',(-14.9585128340842,-11.0874925706954,6.07207100057018));
#2070=CARTESIAN_POINT('Ctrl Pts',(-14.9083462973962,-11.0221115196343,6.22031092964655));
#2071=CARTESIAN_POINT('Ctrl Pts',(-14.7373890312888,-10.8737360818754,6.57787491456504));
#2072=CARTESIAN_POINT('Ctrl Pts',(-14.5942082682313,-10.7993359771681,6.77828473717402));
#2073=CARTESIAN_POINT('Ctrl Pts',(-14.2558238755765,-10.7112156898126,7.09964464933271));
#2074=CARTESIAN_POINT('Ctrl Pts',(-14.0740782105795,-10.6921405259306,7.22361123607813));
#2075=CARTESIAN_POINT('Ctrl Pts',(-13.6741665457606,-10.7083280918873,7.40812700750373));
#2076=CARTESIAN_POINT('Ctrl Pts',(-13.4648847353091,-10.7431154512137,7.46494235756095));
#2077=CARTESIAN_POINT('Ctrl Pts',(-13.1806043335807,-10.8219324994095,7.49612244694795));
#2078=CARTESIAN_POINT('Ctrl Pts',(-13.1078297728845,-10.844898466733,7.50000000000003));
#2079=CARTESIAN_POINT('Ctrl Pts',(-13.0358983848614,-10.8701643712235,7.5));
#2080=CARTESIAN_POINT('',(-12.1698729810778,-13.4547114349744,-1.92528268538555E-15));
#2081=CARTESIAN_POINT('Ctrl Pts',(-14.7679491924311,-11.873103011466,4.49999999999999));
#2082=CARTESIAN_POINT('Ctrl Pts',(-14.3952564402501,-12.2368625522686,3.85447721760982));
#2083=CARTESIAN_POINT('Ctrl Pts',(-14.0089930611436,-12.5448366006726,3.18544941989411));
#2084=CARTESIAN_POINT('Ctrl Pts',(-13.1427128612546,-13.0961184798435,1.68500810009535));
#2085=CARTESIAN_POINT('Ctrl Pts',(-12.6592198401598,-13.3156370029192,0.847573622454258));
#2086=CARTESIAN_POINT('Ctrl Pts',(-12.1698729810778,-13.4547114349744,-1.94289029309402E-15));
#2087=CARTESIAN_POINT('',(-8.41709623134526,-12.9400154432334,-6.49999999999995));
#2088=CARTESIAN_POINT('Ctrl Pts',(-12.1698729810778,-13.4547114349744,-1.38777878078145E-15));
#2089=CARTESIAN_POINT('Ctrl Pts',(-11.6719208108322,-13.5962315325948,-0.86247845860451));
#2090=CARTESIAN_POINT('Ctrl Pts',(-11.167904841675,-13.6544214784733,-1.73545972501095));
#2091=CARTESIAN_POINT('Ctrl Pts',(-9.90449393917877,-13.590378871943,-3.92375159897083));
#2092=CARTESIAN_POINT('Ctrl Pts',(-9.14696646527612,-13.3605979555768,-5.23582767189952));
#2093=CARTESIAN_POINT('Ctrl Pts',(-8.41709623134526,-12.9400154432334,-6.49999999999995));
#2094=CARTESIAN_POINT('',(-6.68504542377635,-12.9056786153316,-7.5));
#2095=CARTESIAN_POINT('Ctrl Pts',(-6.68504542377634,-12.9056786153316,-7.5));
#2096=CARTESIAN_POINT('Ctrl Pts',(-6.80256774629852,-12.8713830860874,-7.5));
#2097=CARTESIAN_POINT('Ctrl Pts',(-6.92122880434991,-12.8426097818555,-7.48964747373244));
#2098=CARTESIAN_POINT('Ctrl Pts',(-7.1595731458029,-12.7974468325607,-7.44670769746673));
#2099=CARTESIAN_POINT('Ctrl Pts',(-7.27807452133284,-12.7814441696606,-7.41405233335382));
#2100=CARTESIAN_POINT('Ctrl Pts',(-7.59148667765294,-12.7571489063456,-7.2953034780402));
#2101=CARTESIAN_POINT('Ctrl Pts',(-7.77557947056462,-12.7628890521201,-7.1897110458599));
#2102=CARTESIAN_POINT('Ctrl Pts',(-8.13491220701032,-12.8160384484177,-6.90026739787002));
#2103=CARTESIAN_POINT('Ctrl Pts',(-8.29569447051487,-12.8700585451448,-6.71027401788653));
#2104=CARTESIAN_POINT('Ctrl Pts',(-8.41709623134526,-12.9400154432334,-6.49999999999995));
#2105=CARTESIAN_POINT('',(2.47176523945867E-15,-14.6722667919215,-7.50000000807615));
#2106=CARTESIAN_POINT('Ctrl Pts',(-6.68504542377635,-12.9056786153316,-7.5));
#2107=CARTESIAN_POINT('Ctrl Pts',(-4.47467510492125,-13.5507119867274,-7.5));
#2108=CARTESIAN_POINT('Ctrl Pts',(-2.23749860889515,-14.1409852597697,-7.5));
#2109=CARTESIAN_POINT('Ctrl Pts',(-1.85583659551014E-9,-14.6722667997373,
-7.5));
#2110=CARTESIAN_POINT('',(2.47162743563053E-15,14.6722668001781,-7.49999999999995));
#2111=CARTESIAN_POINT('Ctrl Pts',(2.47782501861362E-15,14.6722668001781,
-7.4999999999999));
#2112=CARTESIAN_POINT('Ctrl Pts',(2.55680890462562E-15,14.0273144264243,
-8.76172177348295));
#2113=CARTESIAN_POINT('Ctrl Pts',(-6.21076454069909E-15,13.2208987684892,
-9.93771225688345));
#2114=CARTESIAN_POINT('Ctrl Pts',(-5.91908785312385E-15,10.8391778692201,
-12.595300475362));
#2115=CARTESIAN_POINT('Ctrl Pts',(-5.64458006562242E-15,9.10873932137268,
-13.8982099178464));
#2116=CARTESIAN_POINT('Ctrl Pts',(-5.17151116483888E-15,5.24583859674819,
-15.7673887616851));
#2117=CARTESIAN_POINT('Ctrl Pts',(-4.83908704731925E-15,3.15030785634209,
-16.315787794511));
#2118=CARTESIAN_POINT('Ctrl Pts',(-4.31453164024816E-15,-1.13301209710337,
-16.5784696076888));
#2119=CARTESIAN_POINT('Ctrl Pts',(-3.97396835154545E-15,-3.27985043679806,
-16.2902410067341));
#2120=CARTESIAN_POINT('Ctrl Pts',(-3.47647331983432E-15,-7.34220565674809,
-14.9070918370842));
#2121=CARTESIAN_POINT('Ctrl Pts',(-3.17876677757827E-15,-9.21888420694604,
-13.8253949283254));
#2122=CARTESIAN_POINT('Ctrl Pts',(-2.78726279630065E-15,-12.4157568199328,
-11.0351414955429));
#2123=CARTESIAN_POINT('Ctrl Pts',(-2.60230689276035E-15,-13.717937264678,
-9.36695700495852));
#2124=CARTESIAN_POINT('Ctrl Pts',(-2.48543523227246E-15,-14.6722667951945,
-7.50000000974925));
#2125=CARTESIAN_POINT('Ctrl Pts',(8.47855285979193E-9,14.6722668021912,
-7.5));
#2126=CARTESIAN_POINT('Ctrl Pts',(-2.74147993300816,14.0213177110844,-7.5));
#2127=CARTESIAN_POINT('Ctrl Pts',(-5.48196627192424,13.2819800373428,-7.5));
#2128=CARTESIAN_POINT('Ctrl Pts',(-9.79192868514969,11.968542285773,-7.5));
#2129=CARTESIAN_POINT('Ctrl Pts',(-11.4233832303606,11.4365604189409,-7.5));
#2130=CARTESIAN_POINT('Ctrl Pts',(-13.0358983848614,10.8701643712235,-7.5));
#2131=CARTESIAN_POINT('Origin',(-14.5,4.25000000000357,8.47790597276487));
#2132=CARTESIAN_POINT('',(-16.5,4.25000000000356,-6.77772085586075));
#2133=CARTESIAN_POINT('',(-16.5,4.25000000000357,8.47790597276487));
#2134=CARTESIAN_POINT('',(-14.9,2.29040820577702,-6.77772085586075));
#2135=CARTESIAN_POINT('Origin',(-14.5,4.25000000000356,-6.77772085586075));
#2136=CARTESIAN_POINT('',(-14.9,2.29040820577702,8.47790597276487));
#2137=CARTESIAN_POINT('Origin',(-16.5,0.,22.0557696491194));
#2138=CARTESIAN_POINT('',(-16.5,4.25000000000356,6.77772085586075));
#2139=CARTESIAN_POINT('',(-16.5,4.25000000000356,13.5778636763545));
#2140=CARTESIAN_POINT('Origin',(-16.5,0.,1.86591179064972E-15));
#2141=CARTESIAN_POINT('Origin',(-14.5,4.25000000000356,13.5778636763545));
#2142=CARTESIAN_POINT('',(-14.9,2.29040820577702,6.77772085586075));
#2143=CARTESIAN_POINT('',(-14.9,2.29040820577701,13.5778636763545));
#2144=CARTESIAN_POINT('Origin',(-14.5,4.25000000000356,6.77772085586075));
#2145=CARTESIAN_POINT('Origin',(-15.,1.80051025722038,13.5778636763545));
#2146=CARTESIAN_POINT('',(-14.5,1.80051025722038,6.77772085586074));
#2147=CARTESIAN_POINT('',(-14.5,1.80051025722038,13.5778636763545));
#2148=CARTESIAN_POINT('Origin',(-15.,1.80051025722038,6.77772085586074));
#2149=CARTESIAN_POINT('Origin',(-15.,-1.80051025721327,22.3810917810315));
#2150=CARTESIAN_POINT('',(-14.9,-2.2904082057699,6.77772085586521));
#2151=CARTESIAN_POINT('',(-14.9,-2.29040820576991,22.3810917810315));
#2152=CARTESIAN_POINT('',(-14.5,-1.80051025721326,6.77772085586522));
#2153=CARTESIAN_POINT('Origin',(-15.,-1.80051025721326,6.77772085586522));
#2154=CARTESIAN_POINT('',(-14.5,-1.80051025721327,22.3810917810315));
#2155=CARTESIAN_POINT('Origin',(-15.,-1.80051025721326,-0.325322131912112));
#2156=CARTESIAN_POINT('',(-14.5,-1.80051025721326,-6.77772085586521));
#2157=CARTESIAN_POINT('',(-14.5,-1.80051025721326,-0.325322131912112));
#2158=CARTESIAN_POINT('',(-14.9,-2.2904082057699,-6.77772085586521));
#2159=CARTESIAN_POINT('Origin',(-15.,-1.80051025721326,-6.77772085586521));
#2160=CARTESIAN_POINT('',(-14.9,-2.29040820576989,-0.325322131912111));
#2161=CARTESIAN_POINT('Origin',(-15.,-4.24999999999644,-6.77772085586521));
#2162=CARTESIAN_POINT('',(-14.5,-2.94870857414397,-4.70247614137903));
#2163=CARTESIAN_POINT('',(-14.9,-3.20896685931446,-5.11752508427626));
#2164=CARTESIAN_POINT('Origin',(-15.,-2.94870857414397,-4.70247614137903));
#2165=CARTESIAN_POINT('Origin',(-14.9,-4.24999999999644,-6.77772085586521));
#2166=CARTESIAN_POINT('Origin',(-14.5,-4.24999999999644,-6.77772085586521));
#2167=CARTESIAN_POINT('Origin',(-15.,0.,1.71466569873637E-15));
#2168=CARTESIAN_POINT('',(-14.5,-2.94870857414397,4.70247614137903));
#2169=CARTESIAN_POINT('',(-14.9,-3.20896685931446,5.11752508427627));
#2170=CARTESIAN_POINT('Origin',(-15.,-2.94870857414397,4.70247614137903));
#2171=CARTESIAN_POINT('Origin',(-14.9,0.,1.70458262594214E-15));
#2172=CARTESIAN_POINT('Origin',(-14.5,0.,1.66425033476525E-15));
#2173=CARTESIAN_POINT('Origin',(-15.,-4.24999999999644,6.77772085586521));
#2174=CARTESIAN_POINT('Origin',(-14.9,-4.24999999999644,6.77772085586521));
#2175=CARTESIAN_POINT('Origin',(-14.5,-4.24999999999644,6.77772085586521));
#2176=CARTESIAN_POINT('Origin',(-14.5,0.,1.11022302462516E-15));
#2177=CARTESIAN_POINT('',(-14.5,1.80051025722038,-6.77772085586075));
#2178=CARTESIAN_POINT('',(-14.5,1.80051025722039,8.47790597276487));
#2179=CARTESIAN_POINT('',(-14.5,2.94870857414891,-4.70247614137593));
#2180=CARTESIAN_POINT('Origin',(-14.5,4.25000000000356,-6.77772085586075));
#2181=CARTESIAN_POINT('',(-14.5,2.94870857414891,4.70247614137593));
#2182=CARTESIAN_POINT('Origin',(-14.5,0.,1.66425033476525E-15));
#2183=CARTESIAN_POINT('Origin',(-14.5,4.25000000000356,6.77772085586075));
#2184=CARTESIAN_POINT('',(-14.5,3.01843571297394E-12,8.40807665311121));
#2185=CARTESIAN_POINT('Origin',(-14.5,3.55670787960394E-12,9.90807665311121));
#2186=CARTESIAN_POINT('Origin',(-14.5,3.55670787960394E-12,9.90807665311121));
#2187=CARTESIAN_POINT('',(-14.5,3.01843571297394E-12,-8.40807665311121));
#2188=CARTESIAN_POINT('Origin',(-14.5,3.55670787960394E-12,-9.90807665311121));
#2189=CARTESIAN_POINT('Origin',(-14.5,3.55670787960394E-12,-9.90807665311121));
#2190=CARTESIAN_POINT('',(-14.5,-2.65,3.24531401774049E-16));
#2191=CARTESIAN_POINT('Origin',(-14.5,0.,0.));
#2192=CARTESIAN_POINT('Origin',(-15.,4.25000000000356,6.77772085586075));
#2193=CARTESIAN_POINT('',(-14.9,3.20896685931984,5.1175250842729));
#2194=CARTESIAN_POINT('Origin',(-15.,2.94870857414891,4.70247614137593));
#2195=CARTESIAN_POINT('Origin',(-14.9,4.25000000000356,6.77772085586075));
#2196=CARTESIAN_POINT('Origin',(-15.,0.,1.71466569873637E-15));
#2197=CARTESIAN_POINT('',(-14.9,3.20896685931984,-5.1175250842729));
#2198=CARTESIAN_POINT('Origin',(-15.,2.94870857414891,-4.70247614137593));
#2199=CARTESIAN_POINT('Origin',(-14.9,0.,1.70458262594214E-15));
#2200=CARTESIAN_POINT('Origin',(-15.,4.25000000000356,-6.77772085586075));
#2201=CARTESIAN_POINT('Origin',(-15.,1.80051025722038,-6.77772085586075));
#2202=CARTESIAN_POINT('Origin',(-14.9,4.25000000000356,-6.77772085586075));
#2203=CARTESIAN_POINT('Origin',(-15.,1.80051025722039,8.47790597276487));
#2204=CARTESIAN_POINT('Origin',(-14.5,-4.24999999999644,-0.32532213191211));
#2205=CARTESIAN_POINT('',(-16.5,-4.24999999999644,-6.77772085586521));
#2206=CARTESIAN_POINT('Origin',(-14.5,-4.24999999999644,-6.77772085586521));
#2207=CARTESIAN_POINT('',(-16.5,-4.24999999999644,-0.32532213191211));
#2208=CARTESIAN_POINT('Origin',(-14.5,0.,1.66425033476525E-15));
#2209=CARTESIAN_POINT('',(-16.5,-4.24999999999644,6.77772085586521));
#2210=CARTESIAN_POINT('Origin',(-14.5,-4.24999999999644,6.77772085586521));
#2211=CARTESIAN_POINT('Origin',(-16.5,0.,1.86591179064972E-15));
#2212=CARTESIAN_POINT('Origin',(-14.5,-4.24999999999644,-6.77772085586521));
#2213=CARTESIAN_POINT('Origin',(-14.5,-4.24999999999644,-6.77772085586521));
#2214=CARTESIAN_POINT('Origin',(-14.5,-4.24999999999645,22.3810917810315));
#2215=CARTESIAN_POINT('',(-16.5,-4.24999999999645,22.3810917810315));
#2216=CARTESIAN_POINT('Origin',(-14.5,-4.24999999999644,6.77772085586521));
#2217=CARTESIAN_POINT('Origin',(-14.5,-4.24999999999644,6.77772085586521));
#2218=CARTESIAN_POINT('Origin',(-16.5,0.,22.0557696491194));
#2219=CARTESIAN_POINT('Origin',(-14.5,0.,1.66425033476525E-15));
#2220=CARTESIAN_POINT('Origin',(-14.5,4.25000000000356,-6.77772085586075));
#2221=CARTESIAN_POINT('Origin',(-14.5,4.25000000000356,6.77772085586075));
#2222=CARTESIAN_POINT('Origin',(-14.5,4.25000000000356,6.77772085586075));
#2223=CARTESIAN_POINT('Origin',(-14.5,4.25000000000356,-6.77772085586075));
#2224=CARTESIAN_POINT('Origin',(-13.0358983848622,-6.5,5.5));
#2225=CARTESIAN_POINT('',(-13.0358983848622,-12.1133196114874,7.5));
#2226=CARTESIAN_POINT('',(-13.0358983848622,-6.5,7.5));
#2227=CARTESIAN_POINT('',(-14.7679491924311,-12.9829792053127,4.49999999999999));
#2228=CARTESIAN_POINT('Ctrl Pts',(-13.0358983848617,-12.1133196114876,7.5));
#2229=CARTESIAN_POINT('Ctrl Pts',(-13.1469309133988,-12.0757679453121,7.50000000000003));
#2230=CARTESIAN_POINT('Ctrl Pts',(-13.2595298328095,-12.0432463384023,7.49076506933202));
#2231=CARTESIAN_POINT('Ctrl Pts',(-13.5716779732918,-11.9700034115576,7.4374546017959));
#2232=CARTESIAN_POINT('Ctrl Pts',(-13.7666938171209,-11.9432657679322,7.37318733000853));
#2233=CARTESIAN_POINT('Ctrl Pts',(-14.134376828205,-11.9325574066109,7.18402472572175));
#2234=CARTESIAN_POINT('Ctrl Pts',(-14.3008512043471,-11.948571357084,7.06249693171955));
#2235=CARTESIAN_POINT('Ctrl Pts',(-14.5952029421193,-12.0169881334211,6.77010360389819));
#2236=CARTESIAN_POINT('Ctrl Pts',(-14.718072646648,-12.0697941259873,6.60092648539078));
#2237=CARTESIAN_POINT('Ctrl Pts',(-14.8907376222741,-12.1881351617684,6.26739622825641));
#2238=CARTESIAN_POINT('Ctrl Pts',(-14.9486410159335,-12.2498569843399,6.10770435157788));
#2239=CARTESIAN_POINT('Ctrl Pts',(-15.0052077921477,-12.3507821886962,5.85977928978097));
#2240=CARTESIAN_POINT('Ctrl Pts',(-15.0189396146557,-12.3866525601704,5.77389862501601));
#2241=CARTESIAN_POINT('Ctrl Pts',(-15.0330146309231,-12.4503394656254,5.62469475943117));
#2242=CARTESIAN_POINT('Ctrl Pts',(-15.0359481939369,-12.4777487234129,5.56147678063184));
#2243=CARTESIAN_POINT('Ctrl Pts',(-15.0358464275474,-12.5337262566267,5.43423765362469));
#2244=CARTESIAN_POINT('Ctrl Pts',(-15.0327075385965,-12.5622972290256,5.37024221224799));
#2245=CARTESIAN_POINT('Ctrl Pts',(-15.0177535884997,-12.6320264802186,5.21629501979496));
#2246=CARTESIAN_POINT('Ctrl Pts',(-15.0028526225916,-12.6733965288006,5.12680333669764));
#2247=CARTESIAN_POINT('Ctrl Pts',(-14.9372104036547,-12.8042270041226,4.84983437853499));
#2248=CARTESIAN_POINT('Ctrl Pts',(-14.8651275365836,-12.8940679843947,4.66831782946757));
#2249=CARTESIAN_POINT('Ctrl Pts',(-14.7679491924311,-12.9829792053127,4.49999999999999));
#2250=CARTESIAN_POINT('',(-14.7679491924311,-6.5,4.5));
#2251=CARTESIAN_POINT('Origin',(7.22711072863114,-6.5,7.5));
#2252=CARTESIAN_POINT('',(-2.09343790985988E-15,-15.8113883008419,7.5));
#2253=CARTESIAN_POINT('',(-5.55111512312578E-16,5.5,7.5));
#2254=CARTESIAN_POINT('Ctrl Pts',(-13.0358983848622,-12.1133196114874,7.5));
#2255=CARTESIAN_POINT('Ctrl Pts',(-11.5773578596456,-12.6066041257456,7.5));
#2256=CARTESIAN_POINT('Ctrl Pts',(-10.1078438912222,-13.074095197849,7.5));
#2257=CARTESIAN_POINT('Ctrl Pts',(-5.79591978869645,-14.368019460651,7.5));
#2258=CARTESIAN_POINT('Ctrl Pts',(-2.90014544760637,-15.1369008769487,7.5));
#2259=CARTESIAN_POINT('Ctrl Pts',(3.33066907387547E-15,-15.8113883008419,
7.5));
#2260=CARTESIAN_POINT('Origin',(-6.68504542377635,-6.5,-5.5));
#2261=CARTESIAN_POINT('',(-8.41709623134524,-14.0872346834823,-6.49999999999998));
#2262=CARTESIAN_POINT('',(-8.41709623134523,-6.5,-6.5));
#2263=CARTESIAN_POINT('',(-6.68504542377635,-14.0855790269103,-7.5));
#2264=CARTESIAN_POINT('Ctrl Pts',(-8.41709623134525,-14.0872346834823,-6.49999999999998));
#2265=CARTESIAN_POINT('Ctrl Pts',(-8.34509605331985,-14.0503933833075,-6.62470796649398));
#2266=CARTESIAN_POINT('Ctrl Pts',(-8.25918600749677,-14.0189606285846,-6.74240145256536));
#2267=CARTESIAN_POINT('Ctrl Pts',(-8.080952344998,-13.9751652935524,-6.93708892039501));
#2268=CARTESIAN_POINT('Ctrl Pts',(-7.99379806083974,-13.9603825723774,-7.01698311688275));
#2269=CARTESIAN_POINT('Ctrl Pts',(-7.74034669451829,-13.9353034724489,-7.21069929183724));
#2270=CARTESIAN_POINT('Ctrl Pts',(-7.56394729402332,-13.9354799987013,-7.30765986260513));
#2271=CARTESIAN_POINT('Ctrl Pts',(-7.15084850719108,-13.9742042418835,-7.45974561864515));
#2272=CARTESIAN_POINT('Ctrl Pts',(-6.91695920252654,-14.0196676326325,-7.49999999999962));
#2273=CARTESIAN_POINT('Ctrl Pts',(-6.68504542377963,-14.0855790269093,-7.5));
#2274=CARTESIAN_POINT('',(-6.68504542377635,-6.5,-7.5));
#2275=CARTESIAN_POINT('Origin',(-16.5,-6.5,7.5));
#2276=CARTESIAN_POINT('',(-12.1698729810778,-14.4941017090043,2.46890491683555E-15));
#2277=CARTESIAN_POINT('Ctrl Pts',(-12.1698729810778,-14.4941017090043,5.55111512312578E-15));
#2278=CARTESIAN_POINT('Ctrl Pts',(-12.8920798842701,-14.2899658078122,1.25089904990603));
#2279=CARTESIAN_POINT('Ctrl Pts',(-13.6023285058134,-13.9229206540158,2.48108574842472));
#2280=CARTESIAN_POINT('Ctrl Pts',(-14.4458392328206,-13.2663792489914,3.94208918433055));
#2281=CARTESIAN_POINT('Ctrl Pts',(-14.6079983952318,-13.1293227223773,4.22295709253959));
#2282=CARTESIAN_POINT('Ctrl Pts',(-14.7679491924311,-12.9829792053127,4.49999999999999));
#2283=CARTESIAN_POINT('Ctrl Pts',(-8.41709623134524,-14.0872346834823,-6.49999999999997));
#2284=CARTESIAN_POINT('Ctrl Pts',(-9.23726628639916,-14.5069021346094,-5.07942379380003));
#2285=CARTESIAN_POINT('Ctrl Pts',(-10.0857635001261,-14.7058321647118,-3.60978350954437));
#2286=CARTESIAN_POINT('Ctrl Pts',(-11.3470362383929,-14.6731869493421,-1.42519504466473));
#2287=CARTESIAN_POINT('Ctrl Pts',(-11.7603780191035,-14.6098477960699,-0.709266079582952));
#2288=CARTESIAN_POINT('Ctrl Pts',(-12.1698729810778,-14.4941017090043,4.16333634234434E-15));
#2289=CARTESIAN_POINT('Origin',(-7.8397459621556,-6.5,-7.5));
#2290=CARTESIAN_POINT('',(-2.09343790985988E-15,-15.8113883008419,-7.5));
#2291=CARTESIAN_POINT('Ctrl Pts',(3.88578058618805E-15,-15.8113883008419,
-7.5));
#2292=CARTESIAN_POINT('Ctrl Pts',(-2.23794994071408,-15.2909078223334,-7.5));
#2293=CARTESIAN_POINT('Ctrl Pts',(-4.47283141554014,-14.7143045408054,-7.5));
#2294=CARTESIAN_POINT('Ctrl Pts',(-6.68504542377635,-14.0855790269103,-7.5));
#2295=CARTESIAN_POINT('',(-5.55111512312578E-16,5.5,-7.5));
#2296=CARTESIAN_POINT('Ctrl Pts',(-40.,4.57986824280199,0.));
#2297=CARTESIAN_POINT('Ctrl Pts',(-40.,4.57986824280199,-4.57986824280199));
#2298=CARTESIAN_POINT('Ctrl Pts',(-40.,-4.89858719658942E-15,-4.579868242802));
#2299=CARTESIAN_POINT('Ctrl Pts',(-40.,-4.579868242802,-4.57986824280199));
#2300=CARTESIAN_POINT('Ctrl Pts',(-40.,-4.579868242802,0.));
#2301=CARTESIAN_POINT('Ctrl Pts',(-40.,-4.579868242802,4.57986824280199));
#2302=CARTESIAN_POINT('Ctrl Pts',(-40.,-4.89858719658942E-15,4.579868242802));
#2303=CARTESIAN_POINT('Ctrl Pts',(-40.,4.57986824280199,4.57986824280199));
#2304=CARTESIAN_POINT('Ctrl Pts',(-40.,4.57986824280199,0.));
#2305=CARTESIAN_POINT('Ctrl Pts',(-18.9823044391289,13.511266989618,0.));
#2306=CARTESIAN_POINT('Ctrl Pts',(-18.9823044391289,13.511266989618,-13.511266989618));
#2307=CARTESIAN_POINT('Ctrl Pts',(-18.9823044391289,-2.32466183718199E-15,
-13.511266989618));
#2308=CARTESIAN_POINT('Ctrl Pts',(-18.9823044391289,-13.511266989618,-13.511266989618));
#2309=CARTESIAN_POINT('Ctrl Pts',(-18.9823044391289,-13.511266989618,0.));
#2310=CARTESIAN_POINT('Ctrl Pts',(-18.9823044391289,-13.511266989618,13.511266989618));
#2311=CARTESIAN_POINT('Ctrl Pts',(-18.9823044391289,-2.32466183718199E-15,
13.511266989618));
#2312=CARTESIAN_POINT('Ctrl Pts',(-18.9823044391289,13.511266989618,13.511266989618));
#2313=CARTESIAN_POINT('Ctrl Pts',(-18.9823044391289,13.511266989618,0.));
#2314=CARTESIAN_POINT('Ctrl Pts',(-2.14313189850787E-15,17.5,0.));
#2315=CARTESIAN_POINT('Ctrl Pts',(-2.14313189850787E-15,17.5,-17.5));
#2316=CARTESIAN_POINT('Ctrl Pts',(0.,0.,-17.5));
#2317=CARTESIAN_POINT('Ctrl Pts',(2.14313189850787E-15,-17.5,-17.5));
#2318=CARTESIAN_POINT('Ctrl Pts',(2.14313189850787E-15,-17.5,0.));
#2319=CARTESIAN_POINT('Ctrl Pts',(2.14313189850787E-15,-17.5,17.5));
#2320=CARTESIAN_POINT('Ctrl Pts',(0.,0.,17.5));
#2321=CARTESIAN_POINT('Ctrl Pts',(-2.14313189850787E-15,17.5,17.5));
#2322=CARTESIAN_POINT('Ctrl Pts',(-2.14313189850787E-15,17.5,0.));
#2323=CARTESIAN_POINT('',(-2.09343790985988E-15,15.8113883008419,7.5));
#2324=CARTESIAN_POINT('Origin',(0.,0.,0.));
#2325=CARTESIAN_POINT('',(-6.68504542377635,14.0855790269103,7.5));
#2326=CARTESIAN_POINT('Ctrl Pts',(-1.66533453693773E-15,15.8113883008419,
7.5));
#2327=CARTESIAN_POINT('Ctrl Pts',(-2.23794997005499,15.2909078155096,7.5));
#2328=CARTESIAN_POINT('Ctrl Pts',(-4.47283143762805,14.7143045345278,7.5));
#2329=CARTESIAN_POINT('Ctrl Pts',(-6.68504542377636,14.0855790269103,7.5));
#2330=CARTESIAN_POINT('',(-8.41709623134524,14.0872346834823,6.49999999999998));
#2331=CARTESIAN_POINT('Ctrl Pts',(-8.41709623134524,14.0872346834823,6.49999999999998));
#2332=CARTESIAN_POINT('Ctrl Pts',(-8.34509904098859,14.0503949120482,6.62470279169991));
#2333=CARTESIAN_POINT('Ctrl Pts',(-8.25918759514959,14.0189609702968,6.7423998300559));
#2334=CARTESIAN_POINT('Ctrl Pts',(-8.08095251038127,13.9751653729593,6.93708865027045));
#2335=CARTESIAN_POINT('Ctrl Pts',(-7.99379926756225,13.9603827963642,7.01698196899091));
#2336=CARTESIAN_POINT('Ctrl Pts',(-7.74035094158728,13.9353037160383,7.21069642679596));
#2337=CARTESIAN_POINT('Ctrl Pts',(-7.56395367465429,13.9354798980045,7.30765653485919));
#2338=CARTESIAN_POINT('Ctrl Pts',(-7.15085457146089,13.9742030774017,7.45974455865305));
#2339=CARTESIAN_POINT('Ctrl Pts',(-6.91696225806104,14.0196667642298,7.49999999999979));
#2340=CARTESIAN_POINT('Ctrl Pts',(-6.68504542377816,14.0855790269098,7.5));
#2341=CARTESIAN_POINT('',(-12.1698729810778,14.4941017090043,-6.93889390390724E-16));
#2342=CARTESIAN_POINT('Ctrl Pts',(-8.41709623134524,14.0872346834823,6.49999999999998));
#2343=CARTESIAN_POINT('Ctrl Pts',(-9.23726230950826,14.5069000997001,5.07943068197713));
#2344=CARTESIAN_POINT('Ctrl Pts',(-10.0857552314284,14.7058302193298,3.60979783134893));
#2345=CARTESIAN_POINT('Ctrl Pts',(-11.3470279537157,14.6731882179832,1.4252093941466));
#2346=CARTESIAN_POINT('Ctrl Pts',(-11.7603739108813,14.6098489572823,0.70927319523251));
#2347=CARTESIAN_POINT('Ctrl Pts',(-12.1698729810778,14.4941017090043,-9.71445146547012E-16));
#2348=CARTESIAN_POINT('',(-17.5,12.9080766531112,-1.1177049840165E-31));
#2349=CARTESIAN_POINT('Ctrl Pts',(-12.1698729810778,14.4941017090043,0.));
#2350=CARTESIAN_POINT('Ctrl Pts',(-14.8164264409021,13.7460382756775,0.));
#2351=CARTESIAN_POINT('Ctrl Pts',(-17.5,12.9080766531112,0.));
#2352=CARTESIAN_POINT('Ctrl Pts',(-17.5,12.9080766531112,-4.6207482284899E-12));
#2353=CARTESIAN_POINT('Ctrl Pts',(-17.5,12.9080766531108,-1.2622221605635));
#2354=CARTESIAN_POINT('Ctrl Pts',(-17.5,12.7229219247709,-2.51994445464236));
#2355=CARTESIAN_POINT('Ctrl Pts',(-17.5,11.8706306261057,-5.34151075649612));
#2356=CARTESIAN_POINT('Ctrl Pts',(-17.5,11.0749742934792,-6.8402158607735));
#2357=CARTESIAN_POINT('Ctrl Pts',(-17.5,8.95397048333831,-9.44828138905207));
#2358=CARTESIAN_POINT('Ctrl Pts',(-17.5,7.64890095828531,-10.5327072850974));
#2359=CARTESIAN_POINT('Ctrl Pts',(-17.5,4.69654356865421,-12.140267177082));
#2360=CARTESIAN_POINT('Ctrl Pts',(-17.5,3.07748184988008,-12.6480320242661));
#2361=CARTESIAN_POINT('Ctrl Pts',(-17.5,-0.264143377032719,-13.014370399661));
#2362=CARTESIAN_POINT('Ctrl Pts',(-17.5,-1.95475912667563,-12.8694415333331));
#2363=CARTESIAN_POINT('Ctrl Pts',(-17.5,-5.1852775161065,-11.9397029152388));
#2364=CARTESIAN_POINT('Ctrl Pts',(-17.5,-6.69429463932294,-11.163781971408));
#2365=CARTESIAN_POINT('Ctrl Pts',(-17.5,-9.32996864481973,-9.07718534072551));
#2366=CARTESIAN_POINT('Ctrl Pts',(-17.5,-10.4314270470542,-7.78645865494623));
#2367=CARTESIAN_POINT('Ctrl Pts',(-17.5,-12.077591069177,-4.85545081212225));
#2368=CARTESIAN_POINT('Ctrl Pts',(-17.5,-12.606558463785,-3.24319168757765));
#2369=CARTESIAN_POINT('Ctrl Pts',(-17.5,-13.0167160431033,0.0933385044863597));
#2370=CARTESIAN_POINT('Ctrl Pts',(-17.5,-12.8939848978021,1.78571052482018));
#2371=CARTESIAN_POINT('Ctrl Pts',(-17.5,-12.0067190735807,5.02815132144171));
#2372=CARTESIAN_POINT('Ctrl Pts',(-17.5,-11.2506671395372,6.54722059644694));
#2373=CARTESIAN_POINT('Ctrl Pts',(-17.5,-9.19883702016685,9.21004919094406));
#2374=CARTESIAN_POINT('Ctrl Pts',(-17.5,-7.92267544911492,10.3283504177189));
#2375=CARTESIAN_POINT('Ctrl Pts',(-17.5,-5.01352190062135,12.0128350848245));
#2376=CARTESIAN_POINT('Ctrl Pts',(-17.5,-3.40834301671449,12.5629139336228));
#2377=CARTESIAN_POINT('Ctrl Pts',(-17.5,-0.0774824418412737,13.0168200838149));
#2378=CARTESIAN_POINT('Ctrl Pts',(-17.5,1.61635440657002,12.9163077950149));
#2379=CARTESIAN_POINT('Ctrl Pts',(-17.5,4.87015923113205,12.0716675603092));
#2380=CARTESIAN_POINT('Ctrl Pts',(-17.5,6.39901905969933,11.3356148354117));
#2381=CARTESIAN_POINT('Ctrl Pts',(-17.5,9.0885436786995,9.31890457208211));
#2382=CARTESIAN_POINT('Ctrl Pts',(-17.5,10.2234951478706,8.0575278829594));
#2383=CARTESIAN_POINT('Ctrl Pts',(-17.5,11.0847527617469,6.61412874788043));
#2384=CARTESIAN_POINT('Ctrl Pts',(-17.5,11.5723895008193,5.79688842852718));
#2385=CARTESIAN_POINT('Ctrl Pts',(-17.5,11.9681557015471,4.92822111060273));
#2386=CARTESIAN_POINT('Ctrl Pts',(-17.5,12.5615035177317,3.11973453766176));
#2387=CARTESIAN_POINT('Ctrl Pts',(-17.5,12.7572695683185,2.18544900940705));
#2388=CARTESIAN_POINT('Ctrl Pts',(-17.5,12.8882831938556,0.825913298511241));
#2389=CARTESIAN_POINT('Ctrl Pts',(-17.5,12.9080766531114,0.412716101748618));
#2390=CARTESIAN_POINT('Ctrl Pts',(-17.5,12.9080766531112,-4.6207482284899E-12));
#2391=CARTESIAN_POINT('',(-14.7679491924311,12.9829792053127,-4.49999999999999));
#2392=CARTESIAN_POINT('Ctrl Pts',(-12.1698729810778,14.4941017090043,-2.4980018054066E-15));
#2393=CARTESIAN_POINT('Ctrl Pts',(-12.8920525652934,14.2899735296768,-1.25085173205036));
#2394=CARTESIAN_POINT('Ctrl Pts',(-13.6022747998465,13.9229484077088,-2.48099272696136));
#2395=CARTESIAN_POINT('Ctrl Pts',(-14.4457884932872,13.2664221333168,-3.94200130088074));
#2396=CARTESIAN_POINT('Ctrl Pts',(-14.607973370338,13.1293456183619,-4.22291374815204));
#2397=CARTESIAN_POINT('Ctrl Pts',(-14.7679491924311,12.9829792053127,-4.49999999999999));
#2398=CARTESIAN_POINT('',(-13.0358983848622,12.1133196114874,-7.5));
#2399=CARTESIAN_POINT('Ctrl Pts',(-13.0358983848617,12.1133196114876,-7.5));
#2400=CARTESIAN_POINT('Ctrl Pts',(-13.1469309133988,12.0757679453121,-7.50000000000003));
#2401=CARTESIAN_POINT('Ctrl Pts',(-13.2595298328096,12.0432463384023,-7.49076506933201));
#2402=CARTESIAN_POINT('Ctrl Pts',(-13.5716779732918,11.9700034115576,-7.4374546017959));
#2403=CARTESIAN_POINT('Ctrl Pts',(-13.7666938171209,11.9432657679322,-7.37318733000853));
#2404=CARTESIAN_POINT('Ctrl Pts',(-14.1343768282051,11.9325574066109,-7.18402472572174));
#2405=CARTESIAN_POINT('Ctrl Pts',(-14.3008512043471,11.948571357084,-7.06249693171956));
#2406=CARTESIAN_POINT('Ctrl Pts',(-14.5952029421193,12.0169881334211,-6.77010360389816));
#2407=CARTESIAN_POINT('Ctrl Pts',(-14.7180726466481,12.0697941259873,-6.60092648539072));
#2408=CARTESIAN_POINT('Ctrl Pts',(-14.8907376222741,12.1881351617684,-6.26739622825638));
#2409=CARTESIAN_POINT('Ctrl Pts',(-14.9486410159335,12.2498569843399,-6.10770435157786));
#2410=CARTESIAN_POINT('Ctrl Pts',(-15.0052077921477,12.3507821886962,-5.85977928978097));
#2411=CARTESIAN_POINT('Ctrl Pts',(-15.0189396146557,12.3866525601704,-5.77389862501602));
#2412=CARTESIAN_POINT('Ctrl Pts',(-15.0330146309231,12.4503394656254,-5.62469475943117));
#2413=CARTESIAN_POINT('Ctrl Pts',(-15.0359481939369,12.4777487234128,-5.56147678063184));
#2414=CARTESIAN_POINT('Ctrl Pts',(-15.0358464275474,12.5337262566268,-5.4342376536246));
#2415=CARTESIAN_POINT('Ctrl Pts',(-15.0327075385965,12.5622972290257,-5.37024221224782));
#2416=CARTESIAN_POINT('Ctrl Pts',(-15.0177535884997,12.6320264802186,-5.21629501979503));
#2417=CARTESIAN_POINT('Ctrl Pts',(-15.0028526225916,12.6733965288005,-5.12680333669779));
#2418=CARTESIAN_POINT('Ctrl Pts',(-14.9372104036547,12.8042270041226,-4.8498343785349));
#2419=CARTESIAN_POINT('Ctrl Pts',(-14.8651275365836,12.8940679843947,-4.66831782946752));
#2420=CARTESIAN_POINT('Ctrl Pts',(-14.7679491924311,12.9829792053127,-4.49999999999998));
#2421=CARTESIAN_POINT('',(-2.09343790985988E-15,15.8113883008419,-7.5));
#2422=CARTESIAN_POINT('Ctrl Pts',(-13.0358983848622,12.1133196114874,-7.5));
#2423=CARTESIAN_POINT('Ctrl Pts',(-11.5773580040708,12.6066040769004,-7.5));
#2424=CARTESIAN_POINT('Ctrl Pts',(-10.1078440683518,13.0740951446959,-7.5));
#2425=CARTESIAN_POINT('Ctrl Pts',(-5.7959197886964,14.368019460651,-7.5));
#2426=CARTESIAN_POINT('Ctrl Pts',(-2.90014544760626,15.1369008769487,-7.5));
#2427=CARTESIAN_POINT('Ctrl Pts',(-2.22044604925031E-15,15.8113883008419,
-7.5));
#2428=CARTESIAN_POINT('Origin',(0.,0.,0.));
#2429=CARTESIAN_POINT('Origin',(-2.14313189850787E-15,17.5,0.));
#2430=CARTESIAN_POINT('',(-1.66533453693773E-15,12.,7.5));
#2431=CARTESIAN_POINT('Origin',(-13.0358983848622,6.5,-5.5));
#2432=CARTESIAN_POINT('',(-13.0358983848622,6.5,-7.5));
#2433=CARTESIAN_POINT('',(-14.7679491924311,6.5,-4.5));
#2434=CARTESIAN_POINT('Origin',(7.22711072863114,6.5,-7.5));
#2435=CARTESIAN_POINT('',(-1.66533453693773E-15,12.,-7.5));
#2436=CARTESIAN_POINT('Origin',(-6.68504542377635,6.5,5.5));
#2437=CARTESIAN_POINT('',(-8.41709623134523,6.5,6.5));
#2438=CARTESIAN_POINT('',(-6.68504542377635,6.5,7.5));
#2439=CARTESIAN_POINT('Origin',(-16.5,6.5,-7.5));
#2440=CARTESIAN_POINT('Origin',(-7.8397459621556,6.5,7.5));
#2441=CARTESIAN_POINT('Origin',(-17.5,3.55670787960394E-12,-9.90807665311121));
#2442=CARTESIAN_POINT('',(-17.5,3.01843571297394E-12,-8.40807665311121));
#2443=CARTESIAN_POINT('Origin',(-17.5,3.55670787960394E-12,-9.90807665311121));
#2444=CARTESIAN_POINT('',(-17.5,3.01843571297394E-12,-8.40807665311121));
#2445=CARTESIAN_POINT('Origin',(-17.5,3.55670787960394E-12,9.90807665311121));
#2446=CARTESIAN_POINT('',(-17.5,3.01843571297394E-12,8.40807665311121));
#2447=CARTESIAN_POINT('Origin',(-17.5,3.55670787960394E-12,9.90807665311121));
#2448=CARTESIAN_POINT('',(-17.5,3.01843571297394E-12,8.40807665311121));
#2449=CARTESIAN_POINT('Origin',(0.,0.,0.));
#2450=CARTESIAN_POINT('',(-17.5,-2.65,-3.24531401774049E-16));
#2451=CARTESIAN_POINT('',(0.,-2.65,3.24531401774049E-16));
#2452=CARTESIAN_POINT('Origin',(-17.5,0.,0.));
#2453=CARTESIAN_POINT('Origin',(-17.5,0.,22.0557696491194));
#2454=CARTESIAN_POINT('Origin',(-2.14313189850787E-15,17.5,0.));
#2455=UNCERTAINTY_MEASURE_WITH_UNIT(LENGTH_MEASURE(0.01),#2459,
'DISTANCE_ACCURACY_VALUE',
'Maximum model space distance between geometric entities at asserted c
onnectivities');
#2456=UNCERTAINTY_MEASURE_WITH_UNIT(LENGTH_MEASURE(0.01),#2459,
'DISTANCE_ACCURACY_VALUE',
'Maximum model space distance between geometric entities at asserted c
onnectivities');
#2457=(
GEOMETRIC_REPRESENTATION_CONTEXT(3)
GLOBAL_UNCERTAINTY_ASSIGNED_CONTEXT((#2455))
GLOBAL_UNIT_ASSIGNED_CONTEXT((#2459,#2461,#2462))
REPRESENTATION_CONTEXT('','3D')
);
#2458=(
GEOMETRIC_REPRESENTATION_CONTEXT(3)
GLOBAL_UNCERTAINTY_ASSIGNED_CONTEXT((#2456))
GLOBAL_UNIT_ASSIGNED_CONTEXT((#2459,#2461,#2462))
REPRESENTATION_CONTEXT('','3D')
);
#2459=(
LENGTH_UNIT()
NAMED_UNIT(*)
SI_UNIT(.MILLI.,.METRE.)
);
#2460=(
LENGTH_UNIT()
NAMED_UNIT(*)
SI_UNIT(.CENTI.,.METRE.)
);
#2461=(
NAMED_UNIT(*)
PLANE_ANGLE_UNIT()
SI_UNIT($,.RADIAN.)
);
#2462=(
NAMED_UNIT(*)
SI_UNIT($,.STERADIAN.)
SOLID_ANGLE_UNIT()
);
#2463=SHAPE_DEFINITION_REPRESENTATION(#2464,#2465);
#2464=PRODUCT_DEFINITION_SHAPE('',$,#2467);
#2465=SHAPE_REPRESENTATION('',(#963),#2457);
#2466=PRODUCT_DEFINITION_CONTEXT('part definition',#2471,'design');
#2467=PRODUCT_DEFINITION('P_MotorNose_capbase','P_MotorNose_capbase',#2468,
#2466);
#2468=PRODUCT_DEFINITION_FORMATION('',$,#2473);
#2469=PRODUCT_RELATED_PRODUCT_CATEGORY('P_MotorNose_capbase',
'P_MotorNose_capbase',(#2473));
#2470=APPLICATION_PROTOCOL_DEFINITION('international standard',
'automotive_design',2009,#2471);
#2471=APPLICATION_CONTEXT(
'Core Data for Automotive Mechanical Design Process');
#2472=PRODUCT_CONTEXT('part definition',#2471,'mechanical');
#2473=PRODUCT('P_MotorNose_capbase','P_MotorNose_capbase',$,(#2472));
#2474=PRESENTATION_STYLE_ASSIGNMENT((#2476));
#2475=PRESENTATION_STYLE_ASSIGNMENT((#2477));
#2476=SURFACE_STYLE_USAGE(.BOTH.,#2482);
#2477=SURFACE_STYLE_USAGE(.BOTH.,#2483);
#2478=SURFACE_STYLE_RENDERING_WITH_PROPERTIES($,#2490,(#2480));
#2479=SURFACE_STYLE_RENDERING_WITH_PROPERTIES($,#2491,(#2481));
#2480=SURFACE_STYLE_TRANSPARENT(0.);
#2481=SURFACE_STYLE_TRANSPARENT(0.);
#2482=SURFACE_SIDE_STYLE('',(#2484,#2478));
#2483=SURFACE_SIDE_STYLE('',(#2485,#2479));
#2484=SURFACE_STYLE_FILL_AREA(#2486);
#2485=SURFACE_STYLE_FILL_AREA(#2487);
#2486=FILL_AREA_STYLE('',(#2488));
#2487=FILL_AREA_STYLE('',(#2489));
#2488=FILL_AREA_STYLE_COLOUR('',#2490);
#2489=FILL_AREA_STYLE_COLOUR('',#2491);
#2490=COLOUR_RGB('',0.749019607843137,0.749019607843137,0.749019607843137);
#2491=COLOUR_RGB('',0.0196078431372549,0.0196078431372549,0.0196078431372549);
ENDSEC;
END-ISO-10303-21;
